reviewId,content,score,sentiment,confidence,topic
82d91053-d27d-4a26-8829-1b97995f02b3,"poor customer service, poor app services, no mechanism to ensure quality food restaurant are using this platform any roadside cheap seller can give money for advertisement and swiggy company will treat him like a king at the cost of people's health",1,NEGATIVE,0.9997637867927552,-1
75bb91a7-e679-4210-8056-a44bd833aaae,i didn't receive my refund amount what should i do,1,NEGATIVE,0.999289870262146,2
f3731e19-1328-4cc5-a89e-45c6369a023b,late pe late bohot disturb krta h,1,NEGATIVE,0.8715970516204834,0
a5e60865-7d9c-4cd1-8bfc-5f3bd2654185,agar minus me option hota to minus me mai rating deti ... mrp packet par 120 hai ye log mrp 149 dikha kar 20% off dikhate hai...1 rs ka jo saman hai sada gala badboodaar packet bheje complaint karne par bolte hai k hum iski internal enquiry karenge...jiska customer ko pta nahi chalta,1,NEGATIVE,0.9963043928146362,0
2649b7e8-dc2d-4d83-977e-7b35a65b3fc0,bahut dhire late karte h abhi tk order nahi kiya,1,NEGATIVE,0.9608163833618164,0
d41a0744-c1c8-4a6f-981a-63a683cbb9d4,worst app ever i received a wrong order when i went in the help section of this app i didn't even get proper response from there side,1,NEGATIVE,0.9998056292533876,47
f42fdd1b-0402-4dc3-aefc-83c786167f22,farzi dukaan add kr rkhi order le lete hai or aise bhi le lete h bad m order ka naam par kuch nhi dete h or mna kr dete na pisa return krte h,1,NEGATIVE,0.9971561431884766,0
9139730f-dd03-4b11-a552-ae339d598154,kabhi achha pizza de dete he to kabhi kabhi bahut hi kharab kismat ajmao,4,NEGATIVE,0.98807692527771,0
f577ea41-314a-44a9-a609-018c6329029c,i want to zero review for your service... order accept karte ho customer ko wait karate ho 30-40 minutes or uske bad order cancel karte ho...ekdm bakvas app ahe...poor service me to 1 bhi star nhi dena chahta lekin 1 to select karna padta he isliye diya...,1,NEGATIVE,0.9997376799583436,0
911527b3-5855-45a3-ad87-95556987bf60,pizza was not fresh. it was cold and not in proper shape. delivery was too late.,1,NEGATIVE,0.999787986278534,5
42a8ef92-07f8-4574-af0b-7a28a711fd09,"we ordered 4 portions of idlis (2 pieces each), which means we should have received 8 idlis. however, only 7 idlis were delivered. we immediately took photographs and shared them with your support team as proof, but our complaint was rejected without a proper explanation or resolution. we are being charged ₹50 per idli, and this means we have paid for an item that was never delivered. who will bear the cost of the missing idli?",1,NEGATIVE,0.9994322657585144,16
97423360-cae0-413f-aca1-358c5e980450,the app us very use full time to delevery 🫶🏻,5,NEGATIVE,0.9943899512290956,-1
03ced92d-6361-4dca-a138-8aed7454dafd,very bad delivery service in the world very bad u don't no to speak to the people,1,NEGATIVE,0.9997363686561584,22
cfb48503-dc62-438c-ad31-e593e5ed6d07,i had ordered food at 1:02 and food is delivered at 1:55 and when we order the time should decrease but that time the time was increasing,1,NEGATIVE,0.984862983226776,5
43142d06-aece-47ad-bcc9-13912871f853,"pathetic customer care service, when try to cancel the order say no refund will be given, no swiggy from now this one is the last order",1,NEGATIVE,0.9996519088745116,9
2797ea0b-2ef3-4220-ba18-77955ed560a4,most irritating chat super and customer support ever... zomato is far better orst worst,1,NEGATIVE,0.999819815158844,29
792e8267-5820-4296-a13b-28cd344b1f80,worst food delivery app...zomato is far better...they don't deliver food even after 2 hours...worst...they just show assigning as priority,1,NEGATIVE,0.999789535999298,-1
afd13deb-18ea-446c-a3f5-e262942c50f7,bhut hi bekar service...1 hr wait krne baad btate hai sorry apka order nhi ho payega...and multiple times it has happened.,1,NEGATIVE,0.9991464614868164,0
1e2e3d39-8bcc-4f0e-a817-b68b80875ce5,very very very very late delivery in my area.,2,NEGATIVE,0.999478042125702,4
5564186c-4ae4-477b-b2c0-f4202e39ad48,they are a fraud they deliver less items and don't even refund the money or give a discount coupon,1,NEGATIVE,0.9995864033699036,14
6021ffe5-950a-4131-aec8-6af9394411e1,"very disappointing experience with instamart. my order is showing as “delivered” in the app, but i have not received the order at all. i checked properly, but there was no delivery made to me. it is unacceptable to mark an order as delivered when the customer has not actually received it. i request instamart to investigate this issue immediately and provide either my order or a full refund. please improve the delivery verification process so customers do not have to face such situations.",1,NEGATIVE,0.9994027614593506,-1
5948a371-ae0c-404a-823b-ae6c05379aa2,fraud company है so many reasons बंद karo इसे use karna . so many प्लेटफॉर्म उसे use karo,1,NEGATIVE,0.9939077496528624,0
0713b76f-31bd-43cf-996f-43675846b241,"initially had something to offer, now just disappoints us at every turn and order. the first couple of orders i had missing fries that were open and they didnt do much. so is switched to using instamart. almost every other order had some things missing or we were given expired items. so we took a break from their app. last night we spent 700 at around 9pm to get a full chicken with some flatbreads and all we got were the flatbreads. never get this app. they are scammers!",1,NEGATIVE,0.9997075200080872,-1
68e8b30e-836e-493f-8e22-4f39ead8336a,chor hai khud order cancel kr deti hai customer ka full amount charge laga deti hai ek bhi rupya refund nhi deti hai koi mat buy krna swiggy se customer support bhi koi kaam ka nhi hai eska sabse accha zomato hai,1,NEGATIVE,0.9985957741737366,0
31e460fd-8e94-49f6-a20d-94a3f7fd3f94,add an option to delete order history,5,NEGATIVE,0.9986617565155028,2
e4b0cf62-67d5-4a59-a7e5-817c3dd8f85e,"difficult to check the product's details which are ordered, it shows incomplete details, lack of transparency and clarity",1,NEGATIVE,0.9997721314430236,-1
a55bf984-5ada-4278-ad2a-057ca015fedd,totally fraud i have ordered some food and they tell me that there are road blocked but i've checked that road and that is clearly open not blocked any road. fraud swiggy,1,NEGATIVE,0.995154619216919,32
f809f798-2179-4259-8f72-f9b73040115a,added a prescription medicine to the order by mistake. cancellled that one prescription item immediately as i did not want the telephonic consultation. the cancelled item cost was rs 54 but the refund they gave was only 35. they quietly slipped in rs 19 as delivery fee for the remaining items. the original order did not have delivery fee and value of the remaining items was above rs 500 - there should be no delivery fee for that with swiggy one. cheap behaviour by swiggy.,1,NEGATIVE,0.9995495676994324,9
6d0d0e68-eee9-45ea-8c3f-04b88cb0389c,better to order food directly from the restaurant. many fake money saving schemes still cost much more than eating at the restaurant.,1,NEGATIVE,0.9986043572425842,-1
2b7ee16c-f29e-4684-8b1c-6fdb3fb382fc,"worst customer support service ever.i ordered a ghewar from but i received a damaged and crushed ghewar.it looked like it's been dipped in water before delivery.when i complaint about it on the app they said they will review it and contact me later , which they never did.again i email them with my issues and they reply that they will talk to shop and tell them not to do it in future.",1,NEGATIVE,0.9992539286613464,-1
a4b97cfb-cb08-40c3-b026-48d46ec53b3f,"hey after placing order , time was pausing",3,NEGATIVE,0.8759814500808716,43
c51b8642-0519-4710-bf5f-87cc1121e2fe,"worst experience with swiggy! i received the wrong product and raised a complaint immediately, but the automated ai support kept giving me the same response without providing any proper solution. what’s even worse is that if you place an order by mistake and try to cancel it within a minute, swiggy still says you will be charged the full amount. there’s no flexibility or proper customer support to understand genuine issues. this is honestly one of the worst food delivery apps i have ever used.",1,NEGATIVE,0.9997902512550354,-1
61d984b6-5f80-4937-872b-35e592727c79,"my gps & mailing address are set correctly, but swiggy's system keeps showing my apartment neighbor's address to delivery partners instead of mine. reported repeatedly, never fixed. orders keep going to the wrong house, and i'm the one dealing with frustrated delivery agents over an error that's not my fault. blinkit & bigbasket deliver to me perfectly every time — only swiggy/instamart has this bug. fix your address matching. losing a loyal user.",1,NEGATIVE,0.9808347821235656,-1
0f6ef4cb-5271-4955-b9a9-87e4f3722e9a,"absolute nonsense when it comes to getting a refund! customer service is atrocious and they don't investigate the case properly. the response time is 24-48 hours! i have been placing orders consistently as i live alone and when there is a problem, they don't resolve the issue, nor give you a refund for items that haven't been delivered! i would give it less than 1 star if i could! update - i have sent a formal email as advised. i will update again depending on the response i receive.",1,NEGATIVE,0.9993672966957092,2
82cd3309-1559-4db8-9172-35d75f594f34,one of the most worst apps in play store. they simply charge 100 percent as your cancellation fee,1,NEGATIVE,0.9997977614402772,7
ec2077ca-0838-4dd7-9181-dd0238a4a3fc,order karo but anandam se nahi kyo ki wo wrong order dete hai,1,NEGATIVE,0.9977388381958008,0
8a82e012-f0e4-48ab-bfac-ecbfd11a8f0a,correctly place my address but delivery very late delivery. delivery boy told me your address is wrong but my delivery address extremely correct this not good totally disappointed.,2,NEGATIVE,0.9311085939407348,-1
11041f5d-ac8b-49b0-b924-7a47a8112198,ghatiya servise customer ko preshan krna 2 ghante km se km order lait rehta he inka upar behes krte he glti nhi mante apni ye log do kodi ki servise shame on you swiggy,1,NEGATIVE,0.9986987113952636,0
4fe0e8d0-19c5-482e-b719-9bcc3d51bb49,i'm not able to login into swiggy.. please help...!!,1,NEGATIVE,0.999691128730774,46
dae8bc9f-e263-4c21-a03d-2c1330c9bef5,idiotic app don't every install it zomato is far far better and i have ordered rupees 281 rupees refund is not credited and they are telling me bank the bank what the hell. they will play with customers emotions.,1,NEGATIVE,0.9982047080993652,29
9d18bf05-9937-476e-8939-d3905be34e49,bhut ghatiya app h...1 ghante tak food deliver nhi hua or ye order cancel bhi nhi krte h...request krn3 ke baad bhi,1,NEGATIVE,0.9989203214645386,0
c2fb6044-828a-45d2-b7fa-50eb687eb372,only got 40 percent money in return for bad food,3,NEGATIVE,0.9986044764518738,-1
a8dd2b9c-f3bf-4f84-89a1-0e233cf5d9ac,bhai koi mt lena is app ek bii saman had h kbse order kr rakha or abtk nhi fr y log paisa vapas bi nhi krtee khud majbur krte h logo ko late krke ki log order cancel krde....mt krna bhai y app m toh kisi ko recommend nhi krungii,1,NEGATIVE,0.9985950589179992,0
79db2c16-2832-42e0-99e6-0a597e896ccb,unreliable. orders don't get delivered on time.,2,NEGATIVE,0.9990909099578856,4
8739d9c6-dc95-43e2-a48e-e1cb4ef625cd,this is my personal opinion but this app is so terrible,1,NEGATIVE,0.9995306730270386,1
f4e74065-abc4-4409-bc83-49e41a9b862c,third class service and when complained they do not reply and keep the customer for waiting for 1 and 2 hours giving reasons as the executive is busy please never order as this is my 3 rd or 4th time facing the same problem.,1,NEGATIVE,0.998496413230896,-1
f0625b62-09fc-4c36-8a28-7917f92f3f53,swiggy has been taking the customers granted these days. below are the multiple disappointing scenarios i've encountered with swiggy. 1. delivery partner doesn't pick the calls and had to wait for 1 hr for just a 2 min away delivery 2. neither the delivery partner nor the customer care don't even call the customer and inform them in case of delayed order but still shows the status of few mins away where as had to 1.5 hrs to get an update 3.not receiving the complete order for which we've paid,1,NEGATIVE,0.9994992017745972,8
7fec2d83-4b1f-420a-a260-8eff24f03072,"khub valo , gile gile pet fule geche amar",5,NEGATIVE,0.98748117685318,0
cec1737f-7b79-4858-89d3-04caef3b6ee3,cod not available what if there delivery boy never reach after getting payment,1,NEGATIVE,0.9996711015701294,-1
bb816fca-b398-4e05-b151-9b7f2c7d680b,"large choice of food and quick grocery delivery via instamart,swiggy is a popular food and grocery delivery app in india known for its fast delivery and wide restaurant choices, but user opinions on reddit are mixed regarding customer support and occasional order delays.",5,NEGATIVE,0.923818290233612,8
a3411cbd-572e-4155-a5d2-c309f1d4c9c4,"charging the cancelation fee more than the original price of the goods , absolutely not good , also customer service is also not help able in such cases.",1,NEGATIVE,0.9961561560630798,-1
375ee496-56e3-4dd1-9cee-c1222a606cdc,they sold me a broken product. refused to take any accountability and their customer support team is extremely unhelpful. all they do is cheat people and refuse to address the problems they create.,1,NEGATIVE,0.9996299743652344,3
a9517f88-7fa7-402b-9af6-07cda77df814,worst support dont recommenr this,1,NEGATIVE,0.9997500777244568,3
718ef117-ee50-4adb-a5be-cf4e9b9e15d4,"bad experience more than one time, at night they said to deliver in 35 mins but won't deliver for 2 and half hours. and delivery person won't pick the phone. the help assist is of no help, except asking us to see the order status ourself in the app. it seems they can't see themselves the order tracking when the status of order is changed.",1,NEGATIVE,0.9987562894821168,-1
6c352608-cc6a-4743-8edb-34af201dea93,"pathetic application. the app repeatedly selects the wrong saved address when placing an order, often with a significant distance error. the location accuracy is terrible, and on multiple occasions it has selected addresses up to 3 km away from the actual location. as a result, i have lost money on my food orders three times so far. after repeatedly facing this issue, i’ve finally decided to stop using this app altogether.",1,NEGATIVE,0.999798595905304,-1
6bddc241-7d3c-4d88-8b94-20a70ef9cc26,worst app no coupons very high price,1,NEGATIVE,0.9997817873954772,27
b1d831ca-0af4-4f51-b60c-3798d0a08bbf,why is the swiggy app icon not applying the indian flag like other apps?,1,NEGATIVE,0.9995124340057372,-1
0ff1dc85-1d78-4274-8a22-759223b1a78b,they are giving pathetic services ...i ordered food today which was showing delivery time 50 mins bt my order was received in 75 min that is 25 mins late n they do not accept their mistake that they are accontablr for it,1,NEGATIVE,0.975825309753418,5
02395bba-56d0-4c8d-b089-211fc393118f,they delay order 1 hour and said no refund if u cancel so please aware and don't make payment upfront,1,NEGATIVE,0.9990971088409424,2
30289732-a466-42df-9431-36008d68813b,"too bad app.., many times restaurants send uncooked food and wrong items but got no response from swiggy support",1,NEGATIVE,0.9993327260017396,32
7dea1d3f-1a48-44ce-9f59-e80021f0c0d5,"one star is also a waste and fraud app and i have ordered 91 rupees by mistake i requested them immediately cancel the order but they did not cancel the order and they are charged delivery fee 36 and handling fees 12 and small cart value 25 rupees, and the customer care will not give respect also...",1,NEGATIVE,0.9988569021224976,-1
f53f8ce8-7f24-420a-a01f-5ef885119786,"i am regretting that i gave 5 stars before, recently i have a query that does not address me properly, bot only replying, are u serious if ur customer would be a bot how should u communicate common things 😭😭😭 sooo upset",1,NEGATIVE,0.9995822310447692,12
694bf0d7-04c4-47ba-8396-8b5e19522281,these guys are scammers. do not use this app.,1,NEGATIVE,0.9990196228027344,7
002934ca-c45c-491b-a103-10845e84a2b2,swiggy is a complete fraud company..they didn't deliver right items yet no refund. pathetic ... deleted account. no connection going forward with fraud looters and horrible sinking company.. boycott swiggy,1,NEGATIVE,0.9997928738594056,11
6e0a82a2-b309-4835-805c-218325e52afb,free wala item nhi diye... select karne baad bhi wo nhi aaya...paise dekr lena pda hmko.. shameless people....lootmaar machaa rakha hai...,1,NEGATIVE,0.998855471611023,0
3a9f2947-8c1d-4aa8-b3da-2e81e8916bdc,"swiggy black seems to be a scam! every time i order, it says express delivery is unavailable due to high demand, even though it was always available before i purchased it, promising reduced delivery times. plus, after placing an order, the delivery time always increases by 10-15 minutes. 😠 #swiggy #scam #delivery #experience #frustration",1,NEGATIVE,0.9995392560958862,8
f232b976-d47c-4014-bf3f-96177a4cb825,the price was too high than other apps....they add extra charges for literally everything,1,NEGATIVE,0.9987788796424866,-1
ab7f1660-7462-48e3-9697-20db17bc30fb,bahut badiya offer dete raho hum khana magate rhe,5,NEGATIVE,0.9810524582862854,0
97f3ee13-779e-4f70-a59a-adaec4f7c655,ferozepur da sab toh ganda shahi paneer or dal makhni,1,NEGATIVE,0.9436284899711608,0
a0227564-f64c-4b4c-bada-993163555a53,khana order karne par paise le lete hai par khana nhi bhejte refund mango toh 46 rs ka refund 7 din baad milega fraud swiggy app😡,1,NEGATIVE,0.9970423579216005,0
2ac4f3ec-15f5-46cb-a3bb-72c2bc08ea3a,"pls swiggy, review the customer response regarding the dishes and restuarant when we provide a feedback in your app. we paying higher amount with gst and still get a food like a garbage. i requested to please take this issue seriouly and take action regarding this types of restuarant whoop play with customer health but taking their full pay. 😠😠 if this happen frequetly ...i will defiently shop using this app from onwards.",2,NEGATIVE,0.9992419481277466,-1
f03afa37-634e-4315-8fa6-b2ed1e0925a5,aap ke riya assistant ne smay lagaya fir bhi refund nii kiya hamne kuch mang waya tha us delivery boy ka accident ho gya tha to hamne use otp de diya tha aur ab bhi refund nhi aaya so plss i give my refund 😡😡😡,1,NEGATIVE,0.99556702375412,0
a88de40c-4f49-4dca-9105-1b591e0cc187,"in a single month i received 4 incorrect orders from swiggy and when i asked for refund, they didn't even refund the money. i think it is my mistake to trust them. uninstalling the app now.",1,NEGATIVE,0.999727427959442,15
8ce9a1fd-c77d-4320-8ddb-00e58550bdaf,"it has been such a useless experience. today i ordered a cake, everything was ready at my home, then swiggy cancelled it and the money has not been returned yet. i will go to the consumer forum tomorrow and lodge my complaint.",1,NEGATIVE,0.9996341466903688,28
52fd46ca-6734-4b70-ab32-030428ba4285,worst customer service. even worse than zomato and that's saying something,1,NEGATIVE,0.9998063445091248,-1
a421cd8f-55cc-4f88-a94b-2dc230644ec4,"worst customer support, only automated response from dash,. no human support. that bot only give automated response not understanding the problem. what is use of buying swigg one and black subscription to only get automated response.",1,NEGATIVE,0.9997697472572328,-1
d2935370-a995-4655-8d68-a28555beb33c,sometimes delivery is pathetic and even they won't take responsibility,3,NEGATIVE,0.9992665648460388,22
43f5bb6c-79d5-4aa0-bf9f-a5e1e8a12305,nowadays if some food item are missing even though i complaint they are not providing refund and apology also. very worst app,2,NEGATIVE,0.999800980091095,44
b5459a5a-8da3-4ef8-9c11-45c88a70ea7e,too take long time time to pick the order and delivery was too much slow .. i ordered food but delivery was taken more then 1 hour 30 minutes .,1,NEGATIVE,0.9987974166870116,5
0a938fde-8125-448e-a6a5-2e1c4db5292d,is app pe bohot froud hota hai and thik thak delivery nahi hoti hai akbar galat or dusri bar damage huya parcel mila hai mujhe or delivery partner ne mujhe cash back bhi nahi diya yeah app akdom acha nahi hai,1,NEGATIVE,0.992774248123169,0
af8f4074-0d0a-4d91-967a-2e33918a5c2c,"not working properly, after order the food, when i click on track delivery status every time the app crash and closed automatically. very bad app",1,NEGATIVE,0.99981290102005,20
af6a968f-8e06-4f3f-9b4d-215540598684,bakwas order lekar cancel kar deta hai,1,NEGATIVE,0.9946957230567932,0
3e15b5e0-c0d3-41b0-8f4e-e5ee708188f1,a terrible online food delivery app. the delivery partners' behavior is very bad. a third-rate app.😡😡😡😡,1,NEGATIVE,0.9998248219490052,10
db8c1184-07be-4257-a432-ec56313961d3,"useless swiggy . i cancelled the order, and they deducted the entire amount as a fee.",1,NEGATIVE,0.9997628331184388,9
15557125-6013-4f98-a424-60a610752e9c,however i want to login but the app is just saying too many login attempts from this device even when i haven't downloaded the app in months . same things are happening with other swiggy apps like toing or instamart. solve this technical issue,1,NEGATIVE,0.9994243383407592,46
87834e1f-f323-4d21-ac12-9fed28edec54,worst policy of cancelling order and 0% refund,1,NEGATIVE,0.9997929930686952,2
b9618dd2-dbdb-43bb-9c78-0b2ff54e34ec,hidden charges are very high....no 1st purchase offer.... making fool of people,2,NEGATIVE,0.9987422823905944,-1
392b0034-9d07-4288-8578-bc7b8dcf45d9,most of the time they are good but sometimes they abruptly cancel order and blame you for it. and dont refund the money. others apps are more reliable.,1,NEGATIVE,0.9975433349609376,41
17c388b9-d76e-41e8-8e9e-971df17326a7,not giving discounts just showing there,1,NEGATIVE,0.9472628235816956,14
4999a9df-2b26-4f3b-8ce8-006886bb5315,changed ratings from 5 star to 3. 🍔 costs 132 but with delivery charges it costs 262.. very strong and disappointed 😞,3,NEGATIVE,0.9979052543640136,-1
9319a925-02a0-4041-8322-f45fd6437ce2,very very bad service ...we received fungus bread..there is no customer care number..how can we contact???,1,NEGATIVE,0.9998143315315248,21
5ad001a2-fac0-432d-8504-c67e6e5845c4,"ui is very laggy, too ads, please add low price foods and free delivery",1,NEGATIVE,0.9997091889381408,10
d30bba8c-cbf5-4a72-bf9d-e3e4f76f9900,worst app..worst service ...change dish and didn't give refund neither listen to the queries...,1,NEGATIVE,0.9997835755348206,1
269bc7d5-b181-4eab-866e-06413c79fbc9,no offer very bad navi upi payment not show,1,NEGATIVE,0.9767032265663148,-1
dcc530eb-f5e6-4845-a4ca-8fa185146756,it is getting worse every day. even after exorbitant price they charge the service is pathetic and always delay and we need to call the customer care and they are useless. and it is nonsense bot we need to deal with now. i would rate negative but no option.,1,NEGATIVE,0.9996486902236938,-1
5f107ff7-dfac-44dc-8943-67cdde4f86ab,always deduct the amount after that cancel the order and say refund will initiate after 7 day we have to wait for money for 7 day. order cancel after 5-15 min wait,1,NEGATIVE,0.9979053735733032,2
61bd9c68-f8a0-4ef7-9606-6b6e07850cbc,"ओन लाइन भोजन मंगवाना गलत बात है, पता ही नही चलता की भोजन केसे और किस तरह के माल से बना होता है।",1,NEGATIVE,0.8682420253753662,39
dcb87667-54fb-411d-9170-a2313f7197a6,jyda charge kar rha h । double charge,2,NEGATIVE,0.978745698928833,0
148b7081-62b1-4fd0-8d77-9076133f43ff,use zomato as swiggy never takes responsibility if your food is spilled at the time of delivery.,1,NEGATIVE,0.999409794807434,-1
9a99feca-df86-45fe-b006-2df851fb3b0b,"the worst app i have used... every time they provide the worst experience, they are top in giving late delivery, different items, and then ask you to wait for 6-8 hr for a call but they forget to call you.",1,NEGATIVE,0.9997902512550354,1
cb0f309c-3dd2-48a0-b287-8e2bd2f0cc7e,always show less time but take more than double for delivery,1,NEGATIVE,0.9922836422920228,4
f4b38b95-6dfd-4355-a621-dbc14ac40e08,froud app h ek bar order cencil krne pr sare paise kha jate h,1,NEGATIVE,0.9866958856582642,0
2681b07b-5759-40df-b05a-73892f3e68e6,"a week ago, i ordered lunch via the swiggy app for guests visiting my home. i was deeply disappointed when i opened the parcels. the 'mutton liver' dish consisted merely of bones, four or five small pieces of meat, and an excessive amount of fried onions; there wasn't a single piece of actual mutton liver in it. as for the 'mutton intestine' dish—to be precise—there were only about five small pieces of intestine tucked away in a corner. don't order. they are fraud.",1,NEGATIVE,0.999531626701355,6
963a16c9-6da7-4f72-8601-320b218d5f2d,"an absolute disappointment. requested cancellation almost immediately after placing my 3:45 pm order. vedansh failed to resolve it; escalation to “supervisor” mahak yadav made no difference. by 4:17 pm, after 30+ mins of waiting, i was told it was too late—and cancellation meant a 100% fee. daylight robbery dressed up as customer service. pathetic experience. zero ownership. customers don't uninstall over one bad order—they uninstall because of experiences like this.",1,NEGATIVE,0.9997439980506896,2
cb4467f3-37a8-4e81-bfe7-d6b9352476d8,"the address is not getting updated, no matter how many times you try it, it is just being processed.",1,NEGATIVE,0.9994995594024658,-1
e666900c-9c3b-4f53-bb98-b2cf0e81d6bf,"this is the worst i've ever seen ...i ordered a pizza from domino’s through swiggy, but the pizza was never delivered and the order was marked as delivered. when i contacted swiggy customer care, they told me that they have nothing to do with the issue and asked me to contact domino’s directly. this is very disappointing, as i placed the order through swiggy and expected swiggy to take responsibility for resolving the issue.",1,NEGATIVE,0.999798595905304,-1
2df0e4e0-8581-4951-aedd-7784bfe69787,the worst food delivery app i ever seen they cancelled my order any reason and forced me to wait so long and if we cancel the order selfly they close our id or block cod option 👎👎👎👎👎,1,NEGATIVE,0.9998108744621276,10
77bd3711-3091-4d61-b735-5c0c335d74f3,i order same item before and my money was deducted but order did not placed so please concern my issue and help me to get my money back,3,NEGATIVE,0.9816511869430542,2
6704085b-480c-4a8b-9fab-5d11a6e3545e,discount offered at booking time disappears when coming to payment stage,2,NEGATIVE,0.999716818332672,14
50b1e90a-1f68-4a7d-a3e9-b58e42ad3484,my food quality poor swiggy not refunded my money i'm very disappointed,1,NEGATIVE,0.9991117119789124,6
fe9f5269-e09a-462e-bcd1-de48be0758bb,"swiggy is fraud, even after more than 22 days passed by refund not received, no reply to email. i have sent multiple mail on this issue but no response received",1,NEGATIVE,0.9995983242988586,11
6e71a25c-07b4-40c7-98d3-f8cf63983fe8,"very worst customer care. no way to talk to an agent. always telling us it will be solved through mail in 24 hrs, but forget that we paid and need to eat but no resolution till 24 hrs. what are we to do when there is a wrong order delivered? should we let it go and starve till it is resolved after 24hrs?",1,NEGATIVE,0.9997486472129822,-1
cea41df4-ace5-4942-a98c-470f553fc46c,"received expired products from swiggy instamart,and no proper response from instamart team regarding the query, totally a fraud app don't this app.",1,NEGATIVE,0.9997647404670716,38
30fc65f2-6ea0-4fe0-bd72-e0b30f188994,i hate the 100℅ cancellation fees policy,1,NEGATIVE,0.9992445707321168,2
0df439a1-0532-4b4b-abe1-aee6cf464864,very bad service they are not giving resolution when food is bad not able to eat smelling very bad,1,NEGATIVE,0.9945185780525208,24
1a43a96a-a7de-44d2-9b7e-7878e4466e89,very bed and cheap service i used 1st time i was ordering combo pac but received only 1 pcs and 1 rs products added but they are not sending and i was help to costumers sports exquisitive they are helping very poor 😢 🤬🤬🤬🤬 weast my money 💰 🥺🥺,1,NEGATIVE,0.995853066444397,30
1e2bc5be-4b8f-43c8-995c-cdd7cd3de83c,there's is not much offers like zomato,2,NEGATIVE,0.9995006322860718,23
02e0c04d-23ee-41a9-a01c-adfdd9e334b5,good its less in price compare to others app,5,NEGATIVE,0.9671265482902528,27
304800c0-c515-4879-9b6c-f8bf230239b7,sabse bekar app kbhi order mt krna,1,NEGATIVE,0.9943139553070068,0
a6b63759-1a45-4b11-aa58-e7bda0ca2ad0,price too high as compared to actual prices,1,NEGATIVE,0.999014139175415,37
225f587e-b8d8-4f5a-aefe-6225d9a751b3,"sir, why is a cancellation fee being charged on swiggy for no reason? i didn't cancel any order; in fact, the restaurant cancelled it. why should i have to pay a cancellation fee?",1,NEGATIVE,0.999420166015625,9
d82e193d-e69c-43b1-9ab0-bd154875caa1,"worst app, they have caused nothing but frustration",1,NEGATIVE,0.9995521903038024,1
ec6b50e9-0c96-41ed-add2-cbec96882856,it would be better if the food delivery was a little faster.,3,NEGATIVE,0.9992976188659668,5
dc00d08d-cf5a-4740-a64c-746cf6046d73,"i am writing to express how frustrated and disappointed i am with the way my concern was handled. i placed an order for tibb's frankie's for august 11th, and the issue was: the item was stale and inedible. because of this, i had to order from somewhere else, and i wasted money. emailed swiggy, reply by saying: ""we cannot offer compensation,"" is completely unfair. as a paying customer, i deserve a proper resolution, not a copy-paste response. i recommend to all: please do not order from swiggy.",1,NEGATIVE,0.9998030066490172,40
ed1ec225-d7e1-49d7-9fb1-c6392486bcac,"i am extremely disappointed and upset with the quality of the product i received from swiggy instamart. i ordered sweets, but the lal ghee mysore pak i received was completely affected by fungus and was clearly unfit for consumption. this is absolutely unacceptable and raises a serious concern regarding food safety and quality. i trusted swiggy instamart for safe food products, but receiving a fungal-affected sweet,still not ready to replace or refund, is extremely disappointing.",1,NEGATIVE,0.9996198415756226,-1
5a1bfd99-a54a-49e5-b8ce-29dc666fd018,no proper support if some issue arises. it only redirects to ai. earlier it was good when they used to provide quick assistance.,1,NEGATIVE,0.9080329537391664,-1
1a28578b-8a2b-4985-911f-10dbd3991a40,why is the help option not working it's always showing error i'm trying to raise an issue with my recent order since day before yesterday,1,NEGATIVE,0.9991031885147096,-1
0c54b635-9acb-49b8-97c0-23f65f64312f,"extremely poor experience with swiggy instamart recently. first, an order arrived with missing items . the delivery agent blamed the hub/warehouse, promised to bring it later, and told me to talk to customer care,who then straight up said they couldn't help. later, in another order, instamart automatically canceled half the items and delivered only a partial order. getting a refund for canceled items doesn't help when you need your full order. even email support doesn't reply at all .",1,NEGATIVE,0.9997342228889464,16
2bf859ea-fa56-4ac1-b1df-3b1229b4e763,delivery time shown is always wrong. the order is always delayed,1,NEGATIVE,0.9990513920783995,4
7c30dc7f-a3ea-4b19-894e-107de433a3a7,"i am writing to express my dissatisfaction with my recent experience with swiggy. i ordered two icecreams—vanilla and gulab jamun—but only received one. the second item was missing from the delivery. furthermore, i did not receive any bill or invoice with my order, and only one item was delivered. despite raising this issue, swiggy denied my refund request and did not take any steps to resolve the problem. this has caused me to waste both my time and money.",1,NEGATIVE,0.999795377254486,-1
e2a273fc-044b-4a9a-b069-33d24b4f6b1c,"these people have the team of frouds. never never never pay the advance . only pay cod. they deliver wrong product food. and no refund very disappointing and unreliable service my experience with swiggy has been extremely disappointing. in my recent order, one item worth ₹59 was missing. i was specifically asked by customer support to complete the payment and was assured that the amount for the missing item would be refunded. however, when i asked for the refund, they refused to return the full",1,NEGATIVE,0.997619330883026,-1
55f47aee-c1c5-45b4-8c6c-528160b485c6,billing issue. i've been in touch via email to get a bill copy & i was asked to contact the restaurant. how does it work out?,2,NEGATIVE,0.9911370277404784,-1
e403dc63-7215-425c-af2b-54954a83054a,fraud hai swiggy wale combo order kia tha manchurian and chowmin ka sirf manchurian hi aya or chowmin ka kuj b pta nhi chla 2 hour tk itna irritate kia na reply dete na supervisor se bat krwayi thak kr khud hi ticket close krni pdi it's not first tym happened with me it happened before also but now i am done with dis its scam app please uninstall swiggy and switch to zomato infact zomato is much better than this..,1,NEGATIVE,0.9951514005661012,0
d3bc0c24-b3c8-430e-b1b5-0f766b513e29,ordered half ready made chappathi from instamart and they gave me paratha ... when i complainted with completely wrong item received ... they told me we're unable to validate your claim and won't be able to provide resolution at this point. we apologise for the inconvenience caused through chat ... is this way u treat ur customers .,1,NEGATIVE,0.9996432065963744,-1
ed20ebc1-5404-41c4-aea6-d7074cb33925,"extremely frustrating! i ordered domino’s at 1:25 am on 12 aug, but my food was never delivered. i kept calling swiggy repeatedly all night and was told to wait. they claimed cancellation was already raised and asked me to wait 24 hours for the refund. after 24+ hours, i called again—only to hear that cancellation would now be initiated and i must wait another 24–48 hours! why does one order need cancellation twice? hours of calls, false assurances and still no refund confirmation.",1,NEGATIVE,0.9994372725486756,8
a8f71527-0d22-493c-aee5-34d2bc6bce48,i absolutely hate it when browsing it refreshes and brings me back to the top of the page without me asking for it.,1,NEGATIVE,0.9717997908592224,-1
1f27908a-5d77-4fb4-a8d8-00f264096c6f,this is a worst app because i ordered one item in insta mart i received broken and missing the one part i informed the help chat but it's not work and not resolve and help line number also don't have so i lost my money,1,NEGATIVE,0.9997418522834778,47
d28cb79a-1b1e-4a9a-a7f8-923ab73fa3f6,i booked my dineout at some restaurant and at the time of bill the bill was about 5.5k and when i said to pay via swiggy they denied access even the staff got angry at me and also they tried to scare me and then i have to pay it by cash. but dear swiggy if you are not able to give dineout discount if you guys don't have calaber to deal with your collaborators so please don't show us and also you guys had not given customer care support also,1,NEGATIVE,0.9988985061645508,-1
cec10540-c6e9-4dea-9726-5f49bd8eda90,"the offers shown are just for the sake of doing so. i haven't received any cashback or discount from the payment method. to add on, the platform fees and delivery charges on instamart is really high. zepto and blinkit are much better, have no reason to come back to this app. pathetic experience.",1,NEGATIVE,0.9997197985649108,-1
5669a78d-01a0-41ba-ae6a-900dc793e852,"i have had a very bad experience, i am not getting any solution from the right person.",1,NEGATIVE,0.9997929930686952,3
dd82f3d9-8194-433f-a4dd-f8c741eb157a,customer support is worst day by day and pate deliveries,1,NEGATIVE,0.9997597336769104,22
e00eb9ad-f975-469d-b42d-50fe9d4b2f6c,my problem not solved. very unhappy with you team and your customer service policy. very bad customer service. my 249 doesn't matter but your team was not working the matter. no feedback from your side. swiggy your team don't want to solve the problem. very unhappy with your service. varry unhappy to swiggy.,1,NEGATIVE,0.999783456325531,31
1130d87a-07a8-4989-8eb5-f658d5169f49,ihas ordered 2 items only 1 came,2,NEGATIVE,0.988127052783966,-1
e11931b8-566a-4ba1-85b1-00e5432e4e33,don't install his father zomato is much better than it.,1,NEGATIVE,0.997572124004364,29
ae8a14a8-3b2e-4f9e-a534-4673ed2131f4,"man, it's super frustrating when you're just trying to get some grub and things keep going wrong. waiting around forever for an order, only to have it canceled? that's a total bummer. it really messes with your plans for the evening. seriously, you just want a smooth experience when you're ordering in. let's hope things get better soon.",1,NEGATIVE,0.9996514320373536,-1
5c279473-80f8-406d-a2f2-99a08c23ded8,"not even one star deserved this company , twice they made me to. wait 1.30 hrs and cancelled the order and scam swiggy - putting hard times to the customer they gave a coupon which is not able to merge with other coupons one of the worst customer care people should uninstall swiggy and use some other app worst platform to buy food",1,NEGATIVE,0.9998134970664978,-1
c60b99d2-26d5-4e91-8cb9-d03bfe6b6ece,"very bad experience at late night order , swiggy is just discusting",1,NEGATIVE,0.9997965693473816,-1
f0775c35-f371-4834-9202-83f39d535240,very worst service... every time i ordered something that item got spilled... one time the food is spoiled... so many problems now a days,1,NEGATIVE,0.999807059764862,24
3f895c7f-0fac-43e8-a90f-6b9219b6f07a,good platform for food buy lower some price abit.,4,NEGATIVE,0.942231297492981,-1
9640e41e-e137-43a1-a768-6c9945f98f69,y sale swiggy wale paise leke nhi dete na to oder jo krte hai na hii wo waps milta hraam ka samjhte h dusro ka paise 2 day ho gya aaj avi na meko mera odr mila na hii refund,1,NEGATIVE,0.9961881041526794,0
53390ddf-b27f-407f-9532-7606c828451b,"this is a very bad app, after ordering the order does not arrive, it gets wrong every hour and one day it happened with me that i had ordered something else and something else arrived, very bad apps.",1,NEGATIVE,0.999665141105652,47
089277db-5e27-4a26-8518-57b6a966d97e,"worst food delivery app no human chat support never received food on time worst interface, no proper filter",1,NEGATIVE,0.9997875094413756,10
2f65b743-2af0-4b06-85ab-31dd0546e883,stop promoting fake retarent with fake review you end up like oyo,1,NEGATIVE,0.9706045389175416,-1
1c4b1f75-ae4a-4cd8-a9c9-d7cd69392601,"very very worst experience with this app , i have ordered the food and i have waited like 1 and half hour still the order is not delivered, the delivery person is accepting the order and taking the food but not delivering the food, while i am waiting, the delivery person ls enjoy the food , after so much discussion they are asking me to cancel the order, 4 times its happened to me, every time same issue i am facing,i don't know how swiggy is recruiting such kind of people,do not prefer this app",1,NEGATIVE,0.9995989203453064,-1
bd14c091-4562-4f70-8eaf-71cf34bcdd1c,what a worse service if u order cake at 10.30 they wil cancel order at 11.59 when u call and customer care started u harrassed u by sending 100 otp this is approved by swiggy as they are worse day by day,1,NEGATIVE,0.9997544884681702,28
32f0864a-0ea0-47b6-906a-bf22c491e5b3,bhut hi ghatiya service. pichle 10 dino me inhone mere 3 orders cancel kar diye ghanto wait karne ke baad aur fir mujhe bhuka sona pada. aaj ise uninstall kar rha hu...,1,NEGATIVE,0.9992265701293944,0
6b6ed14d-6399-4700-a946-c815e79cbd72,zero support from the swiggy team! i have deleted my account after using it for almost 6 years. well done swiggy,1,NEGATIVE,0.9986714124679564,11
13bf9a6e-844d-4d6a-b070-873480a5bca6,isase ghatiya hai aaj tak jindagi mein nahin dekhi hai itni bekar hai jitna ho sake aisa ko delete kar do logo on delivery nahin karna hai sirf logon se cancellation fees ke naam per unka pura order ka amount le lena h ghatiya app h aur agar aap inke customer care per complaint karoge to vah kuchh nahin karenge tumhari baat sunkar hold per dal denge aur theek 12-13 minut bad phone automatically cut kar denge jitna ho sake is app ko uninstall kar do,1,NEGATIVE,0.998610019683838,0
5ef1ee30-7c77-4aaf-a9c9-1314fa05744a,i prefer swiggy any time any day,5,NEGATIVE,0.6969253420829773,26
b1f2caa1-3e32-406e-8b09-ed7a81440f29,i can't cancel may order and no one delivery driver is picking up my delivery,1,NEGATIVE,0.9963142275810242,2
12f5d541-866b-455b-b899-fe534ac88baa,always late . there is no improvement here. they charge extra and the order always comes late.,1,NEGATIVE,0.997350573539734,4
734b0ba2-61f0-42b4-88cd-8a2d904e0b25,"sometimes the deliveries are extremely slow, takes more time than what it shows online. for me once it took 90 min for a delivery which was supposed to arrive in 40",1,NEGATIVE,0.99958997964859,4
babf65c5-438a-4502-9017-180f454743c5,very bad app never use it its food quality is bad and support system is very unresponsive,1,NEGATIVE,0.9972656965255736,-1
6d7a8595-bd43-4ed3-941f-6977fbbcce1f,these people do not believe in wasting food but they strongly believe in wasting customer's time.,1,NEGATIVE,0.952231466770172,-1
5839a0f5-beb6-448f-b131-6a7c5bb10b6a,delivery experience so bad and ....,1,NEGATIVE,0.9998101592063904,22
c481d80b-52e0-49c7-8bfb-c9b12ee0fb41,failed to deliver and very poor support,1,NEGATIVE,0.9997921586036682,48
eedda46b-16c7-4857-a93e-822071892b27,wast app swiggy band kro zomato is number one,1,NEGATIVE,0.8505218625068665,-1
63c96eb7-fd0a-4eba-a068-ff7be1090ad8,"this bot is completely useless. i placed an order more than an hour ago, but it still had not been delivered. the delivery executive called me and said that the restaurant had run out of the required material, so i had to cancel the order. it was not my fault at all, yet i was still concerned that i might be charged a cancellation fee. your ai bot kept repeatedly telling me to “wait for 5 minutes,” while the delivery agent was not moving from his location and was not responding properly to call",1,NEGATIVE,0.999588429927826,12
20e19ab4-3716-447e-94e3-10c66643b505,i placed the order by mistake. i tried to cancel it immediately—within about five seconds—but was unsuccessful.,1,NEGATIVE,0.9996993541717528,2
2de2178e-26cd-4fe7-bf7e-35a9de3e351d,always have some issue with food or groceries. deleted app and account.,1,NEGATIVE,0.9964573979377748,42
84c6d1f6-3f6d-48d8-9ef3-7416673ffa65,worst customer service...i ordered idli sambar after receiving my order i see there is an insect in sambar i complain but i dint get any solution...worst customer service ever,1,NEGATIVE,0.9997995495796204,-1
356ebb4c-4b01-44e9-bae1-9cfe54c8dba7,waste of time and they kept waited me for two hours just for single order this app doesn't have proper management,1,NEGATIVE,0.9998076558113098,-1
b5bf2cfc-a74c-44da-a7b0-ded9c91f423c,it's taking to much time to deliver the food i am hungry 😤,1,NEGATIVE,0.9988982677459716,5
52e8b4f2-9cae-4997-9aa4-b716abc0c469,pathetic service... the delivery partner picked up my food.. didn't delivered.. called the customer care 3 times.. didn't help me.. the last guy who picked my my call... goes by the name of shivam... when i explained my issue... 1st he said i can't hear my voice... than he started singing... what non sense behaviour is this?,1,NEGATIVE,0.9994912147521972,-1
3281d9a0-337f-4c66-925f-e2a3ade6a692,i didn't receive my order and the order was confirmed and my money was wasted,1,NEGATIVE,0.9997158646583556,2
1bf1c5c6-1fff-4b8c-b2fb-800d00cd1593,"worst experience with swiggy. they clearly don’t care about customers. i’ve had bad experiences multiple times-delivery partners disappearing after pickup, multiple orders being assigned to one rider, and deliveries taking 1.5–2 hours.their chatbot and support executives repeat the same scripted responses without resolving anything, and calls are sometimes disconnected. food is an emotion, not just a transaction. extremely disappointing. there should be a zero-star rating option on google .",1,NEGATIVE,0.9997901320457458,-1
baf24872-8f2d-499d-ba36-5d9fbfa0722e,very slow paise pure le liye but abhi tak poncha nhi,1,NEGATIVE,0.9958463311195374,0
968264a3-b997-4c52-8a57-be4687fb1fc0,"food often gets delivered late, so it gets cold and i have still have to pay extra for delivery. so better to go myself or contact restaurants directly",1,NEGATIVE,0.99769788980484,5
8d1ecb60-6812-4bf1-9b7f-c9b3b5a099a7,"very pathetic customer support, my order was delayed for more than 40 minutes, then also they assigned multi delivery to delivery partner and kept my order in last priority, for a paid one member also.",1,NEGATIVE,0.9993882179260254,-1
7f51febd-4506-4854-a706-90d0a652a6eb,i've ordered biryani from restaurant and i was going to pay by card because i was getting 100 rs discount but they didn't support that payment method and placed order and i was not able to cancel order just after placing it. worst experience with the swiggy . never going to order from this platform again and worst customer care service. they just ignored my request for cancelling order,1,NEGATIVE,0.9992327690124512,-1
9636dcc5-365b-4275-bbee-86faa3261aa0,"very bad support and bad app, never over from these guys it took 2 hrs to them to figure out what happened with my order and at last saying reorder, it again at 10 pm. i ordered it at 8 pm . pathetic support, they should have informed me when i called earlier at 09:15 pm , however they said , they will get delivered, it asap. now they are letting me know at around 10 that the order you had waited for 2 hrs is not getting delivered please re order again. you lost a customer. zomato zindabad!!!",1,NEGATIVE,0.9996870756149292,-1
51e78ee4-6348-4e46-aeae-ff3ac6bfd3d7,"never use swiggy, worst customer experience: i placed the order at 8.45 pm etd: 45-50 min...i got the delivery by 10.20 pm, the delivery boy said they clubbed orders, he has more orders to collect and deliver. i wanted to cancel since food was not ready yet, but swiggy said 100% cancellation",1,NEGATIVE,0.9995344877243042,-1
e6e24d87-3fa4-4b2a-b396-8ffe882c6f0d,"never order anything as food or use instamart, they are pathetic people and always deliver bad experiences. i have deleted their app from mobile as i have now better options with better experience.",1,NEGATIVE,0.9991185069084167,42
2d31c703-8b97-4115-a8c7-84599a0e8b9e,since last two days the orders were getting deliberately delayed as the delivery boys were picking up too much orders at one time.,1,NEGATIVE,0.9994062185287476,4
970b323b-2e1e-4ff9-9a5c-d02169b8a539,"deleting the app: misleading etas, ghost support, and deceptive pricing deleting this app and urging others to do the same. swiggy consistently gives misleading etas to bait orders—30 mins always turns into 1hr+. when things go wrong, support is useless. i waited 90 mins for an order, support said wait 10 more, then abruptly canceled it with zero accountability. finally, their pricing is a deceptive scam. untrustworthy billing, terrible service, and zero respect for customers.",1,NEGATIVE,0.999739110469818,15
507af73b-a1e1-468d-b72a-46057efa5ab8,delivery was very delay a long time delete this app,1,NEGATIVE,0.9984999895095824,34
e32b14a4-d579-4967-87b6-2796bd462bec,"hi ,yesterday i order some items in saffron restaurant in hosur,but they shown 50 min he will come,but afterwards i have received one call there is no items are at in the restaurant, ok i will cancel the order u refund my amount but swiggy customer care said i am not able process the refund amount .this app is fraud and cheat, but no one is proper response very very disappointed..",1,NEGATIVE,0.9992876648902892,-1
7f927fcc-f2dc-4180-8ddd-a3cd8738d247,chetta app adres antha type chesina kuda save adres chupidu dinikante zomato better,1,NEGATIVE,0.9739490747451782,0
8cc4e33a-1e6f-4e1b-b031-e4e35909bb4a,take too much time and expand the time line repeated 😡😡😡😡,1,NEGATIVE,0.9991638660430908,43
7a8fd6c6-dcdf-4c38-8208-d12e85301136,"lacking customer satisfaction with fake events such as the so called buzz. if you can't predict or analyze future trends, just don't create them. this only shows how bad your team is. i also had 2 or 3 delivery issues and swiggy couldn't do anything about it. they'll just keep on saying contact us through this mail and bluh bluh bluh which sure doesn't help.",1,NEGATIVE,0.999772846698761,-1
65e676c5-98aa-4d46-961b-08f742093916,refund policy is very bad. on my spoiled food they don't give us sufficient refund amount. never use the app,1,NEGATIVE,0.9996312856674194,44
8a957f23-9f2c-4a75-b7ac-b1d1bf696800,"fraud swiggy, even after sharing proof no action taken on delivery boy, he took my 2 plates of biryani instead of 3 i got one in parcel and no action taken.",1,NEGATIVE,0.9994004964828492,-1
960e3585-aeba-4406-a2a3-574a3c535cf5,": bakwas app, before i can order from far restaurents ,now i cannot order because app says outlet is too far from current restaurant mmmmmmmmmmmm",1,NEGATIVE,0.999207079410553,-1
8ff287d2-a8c5-4bf7-b97a-e7d773f70707,very poor experience with the help section.,1,NEGATIVE,0.9998156428337096,3
67ea7411-813b-4a12-b773-15a8e1a051a0,"pathetic service, restaurant changed menu poat order and i am forced to accept order, and customer service representative knowingly forced to accept the order and said either accept or pay full penalty uninstall, zomato is expensive but better",1,NEGATIVE,0.998144268989563,13
725aae08-4a94-4d96-a794-ca9df0f25757,"very disappointing experience. the app shows attractive prices and discounts, but once you add the item to the cart, the final amount is much higher. on an order of around ₹150–₹200, there can be ₹60–₹70 or even more in various extra charges. the pricing shown initially feels misleading. showing a low price and adding multiple charges at checkout. feels like unnecessary charges are being added just before payment. very poor experience",1,NEGATIVE,0.9994547963142396,37
5a73c3ea-2d91-4194-ba3d-43ec09983348,worst of worst worst worst worst worst worst i want to give -100 star rating always always show items over priced i am fully frustrated now and i am going to delete it for forever never gonna use swiggy again,1,NEGATIVE,0.999681830406189,-1
afcb6e48-0768-43ca-8888-c51ab57f0be3,login issue try login but not login,1,NEGATIVE,0.9895269870758056,46
d7e8afbf-05e2-4ce7-bf1f-aa36e89c9270,"worst app , before i can order from ideal cafe , sai palace , and many more restuarent from central mangalore ,now i cannot order because app says outlet is too far from current location i switch to zomoto bye bye swiggy",1,NEGATIVE,0.9997448325157166,-1
81da58a0-a8a8-4922-b0ab-40f52e0ebbda,one advice --- change the dino ... its looking more like a house lizard,4,NEGATIVE,0.9982484579086304,29
3e50f1ca-0a37-4ea2-b94f-340c0a61a334,you guys charge too much ... zomato is better than you .. you charged 100 rs more for the same dish than zomato..never gonna order again on swiggy..😑😒😏,1,NEGATIVE,0.9934501051902772,23
9aaa5830-7e9a-4dc0-9ded-082f4f2d4aa4,one time swiggy not support me and froud me scam not refunded my money next time no never us swiggy,1,NEGATIVE,0.9970563650131226,11
c67486c1-20f6-463c-a77b-1be522ad6c1d,delivery is late and high delivery charge . they will not refund any amount if you want to cancel order for too mach late delivery..they will charge you for their fault,1,NEGATIVE,0.9961590766906738,-1
588bd1ff-62cb-4ada-abd2-725479fbe775,worst app don't order from this because i have a spoilage issue with restaurant they said they didn't give any claim for spoilage issue after 2days in mail. same issue happened in zomato they have given me refund. better avoid using this app. worst service,1,NEGATIVE,0.9997292160987854,-1
9ad7f768-1996-4632-92ec-4518d9c62e4e,"the search capability is pathetic , i searched jeera in instamart and it shows the second result in between as coriander powder. it shows that how loose their data mapping is. blinkit is way ahead of them.",1,NEGATIVE,0.99958735704422,16
245c3f38-4704-402c-87c4-98b703b9410e,"when i was not signed in to the app, they offered me 50 rupees off. whenever i logged in to place the order, they increased the order price and showed only 20 rupees off. bakwas",1,NEGATIVE,0.9989927411079408,37
0a6719c3-fb23-4a9f-8535-9fef01d1ed30,your customer care are so ugly please stop your business,1,NEGATIVE,0.9997972846031188,3
66523e79-4e25-479b-a03a-e46ad9fb6aaf,"every time there is delay in food delivery highly disappointed, when i called their customer support they tell ur order cannot be canceled and even if u cancel the order u will be charged for the stale food , i ordered at 6:03 pm & the order was delivered at 7:10 , while ordering it was showing 20 mins delivery... i will never order from swiggy again just un-installed the app ...",1,NEGATIVE,0.9989770650863647,-1
934cde1a-ed64-4a48-ad6a-4381978329f6,"i hate swiggy, they did not returned my single amount of money when i cancelled my order even, order was not out for delivery, at least they should return hlf of the amt by deducting only delivery charges, and their service is also bad, i hate uh swiggy i will never gona be ur costumer again and also not allow my family and frds to use ur app",1,NEGATIVE,0.9997205138206482,-1
b21f846b-0925-44e8-ad2f-a61182c2839e,i order 4 times they cancelled my order in swiggy as well as in insta mart without any reason and don't get refund. one of the worst app i have ever seen,1,NEGATIVE,0.9997654557228088,41
aea2e17a-3907-4d23-904f-f3c5c335b72f,biggest scam of 2026 swiggy buzz,1,NEGATIVE,0.998572826385498,19
df5288b7-44cb-4316-a353-9a909e1e4916,"i have an issue with the toing app with family bakers restaurant but look at these bakers,i have ordered 2 burgers and 1 cake from them. they sent only 1 burger which tasted average and the cake was very old and their delivery partner is drunk moreover, i have ordered in toing app. but look at these bakers they have given me a toke of 75 rs in swiggy instead of toing. why because rates are higher in swiggy and the rates are very low in toing. they think that the customer is fool.",1,NEGATIVE,0.9989448189735411,32
64f61d70-2e95-409f-bf2d-268bee65985e,"this is the second time i’ve faced an issue with instamart. last time, an item was missing and i never received a refund despite contacting support. this time, the container that came with the kitten food was missing. i tried calling and using chat support, but nothing worked. i’m honestly done with swiggy’s poor service. very disappointing and frustrating.",1,NEGATIVE,0.9995324611663818,16
0760017f-e229-42f5-bcc7-77a68996b54a,this is the bad app if in case some working as a delivery job in swiggy they did not give orders in your zone and they're giving low incentives and if in case they resolved ur problem after five days they will change,1,NEGATIVE,0.9998114705085754,47
82a89e51-ada2-4b78-842c-cf36e7b35af3,waste app they have taken my full amount as cancellation fee for instamart items,1,NEGATIVE,0.9997275471687316,7
ea7fa1e7-4964-4433-80df-550861f56af9,"at hyderabad swiggy is trying it's best to deliver food on time despite heavy traffic and bad weather but the choices of restaurants in certain areas is definitely not good . these restaurants as per the orders do not fare well with the menu they show and the final food item they prepare and send through swiggy is just pathetic and generally gives a feeling of getting cheated !!!!!....therefore , kindly do not be lenient in your services from cheap and shady restaurants .",3,NEGATIVE,0.9994717240333556,-1
eb8843f9-96e7-4a86-bcf1-5ae94d918e15,was supposed to deliver in 18 mins however still not picked from the restaurant,1,NEGATIVE,0.9973530769348145,5
929bcb79-eb4c-4c45-a444-44dee02c2411,bakbash app hai koi refund nahi milta order cancel hne bar order khud cancel karte h or refund v nahi dete 😡😡😡😡,1,NEGATIVE,0.9996091723442078,0
e175e3ac-64ad-4ba4-9f3e-ee604505cb94,"i had a very disappointing experience with swiggy while ordering from mad over donuts. swiggy asked me to pay ₹604, including taxes, platform fees, and delivery charges, for a donut box. before placing the order, i checked zomato and created a box with even more expensive donuts than the ones i had selected on swiggy. after applying discounts, the final amount came to ₹540.98, and i was also able to add an extra donut worth ₹89. the price difference was too significant to ignore. use zomato!",1,NEGATIVE,0.9958177208900452,-1
30fe4107-48b4-4aef-aee5-deb4fb922cae,"minimum 1.30 minutes waiting for order in short distance,",1,NEGATIVE,0.9821454286575316,-1
e14e76f2-90dd-41fb-b445-71ab91e6a18a,did not attached the coupon on my order ordered at 116 and showing 156,1,NEGATIVE,0.9983160495758056,14
ed3a540f-1fdc-452a-925e-fbb191bd116c,this app is full of scam i have order my item which price is 80 and order 7 of them but they gave me one item and they just steal the price of 7 items which which total bill is 444,1,NEGATIVE,0.9981001019477844,7
70c8f662-f16f-4791-8645-fdcf32b2f1b2,very bad help center support system,1,NEGATIVE,0.9997735619544984,3
cd4c5534-f158-475f-8c2d-95e97511ea42,a lot of delivery drivers have been intentionally avoiding deliveries and making their phones unavailable to calls from both the customer and the customer service. they are collecting the order and having it for themselves. swiggy customer service wont give me anything more than a refund. which is a shame. hours wasted waiting for food just to receive nothing and left starving.,1,NEGATIVE,0.9995193481445312,-1
03a53a3a-d497-4662-8e2c-e2dbcdb9e63a,"good service, good customer support & overall a good experience. i did have a few issues with them during some of my orders but most of the time the service provided by swiggy was just awesome! great app, i highly recommend swiggy! 👍🏽👏🏽 since the new restriction of minimum bill amount of ₹1000 put on dinecash the dineout feature has become less useful. additionally the dinecash expires in just 14 days... this is too short of a period... it should be valid for 90 days instead of 14 days.",3,NEGATIVE,0.8575149178504944,6
40da4354-6965-4da8-af65-17da9a826252,"😡😡😡if possible. i would rate it -10 stars.. pathetic service. was told to wait for an order for 45 minutes, which extended to 1 hour and later extended to 1.5 hours. and order got cancelled in the end. had to skip lunch for this. very bad experience with swiggy. happened 2 times. earlier it was fine. but now it has become pathetic. unusable!",1,NEGATIVE,0.999708354473114,-1
0aa9bcf3-c67d-4428-904d-fadee62232c8,ghatiya service. no coustomer support. new apps are much better.,1,NEGATIVE,0.9978413581848145,1
321f9307-a028-4d0b-bbcd-da7ce134a6ff,sir..in hotels and restaurants where we order through swiggy...are either put hot rice like biryani in plastic black colour container box ..and heating the biriyani with plastic box ..to serve hot..,1,NEGATIVE,0.9942067861557008,6
02c4b51c-0b39-46d9-b2b9-298ccdc582d2,"they mark up the price by almost rs. 100. then add gst, delivery fee",1,NEGATIVE,0.8958616256713867,33
10b69e6c-881a-4ddd-913a-37bb6ffb4e30,bad if incase order cancel ❌ that ammount will not refund (return) bad experience,1,NEGATIVE,0.9986249208450316,2
32b2e149-e783-41ac-a6e1-3a611443aa6c,3rd class service. not a responsible service after placing the order. they just take there money and no response.,1,NEGATIVE,0.9997230172157288,-1
60f99bdf-c8ee-42da-baf7-a3e3d38f800b,very bad the delivery is so late,1,NEGATIVE,0.9998205304145812,4
ec45a233-d231-4521-9eb6-4a3a493554d5,cheater company payment pay not received order froud app,1,NEGATIVE,0.9983890056610109,7
b24e0ead-6f79-44f0-86bf-a14af2556397,worst service i ever met. delivery boy didn't reach to my place and didn't deliver my food. but swiggy canceled my order and forfeited whole payment made by me without asking. i mailed for refund but even after one day no refund issued. this company is just looting the money from the customers..,1,NEGATIVE,0.9996976852416992,-1
2da80fa6-1abb-4d68-890f-2067e26e570b,delevery money charge bohut hey,2,NEGATIVE,0.9180015325546264,-1
76d4ba37-948d-4537-b37e-075ea8251e7c,very worst experience . i didnt expected from swiggy. i ordered since 12.40 its almost 2.15 when i received my order,1,NEGATIVE,0.9997655749320984,-1
b22f069e-fcc6-491f-b637-e30873503e9d,worst support care members i have seen here they won't provide proper support/resolution and they say they have done it and will close the conversation.,1,NEGATIVE,0.9998010993003844,3
35f57d6c-d5a6-4758-bf8d-3ca64f74b98d,cheaters. took money and did not deliver the food . missing an item and did not even refund the amount. waste app unable to contact any executive to sort the issue.,1,NEGATIVE,0.9997962117195128,44
2897937b-1435-4a0c-9868-18007a69ef35,"i am extremely disappointed with the way my recent domino’s order was delivered and, more importantly, with the way my complaint was handled by swiggy. my order took almost 2 hours to arrive. during this time, i repeatedly attempted to contact customer support, but i was repeatedly told there was a technical issue, calls were ended, and i was directed between different agents without any meaningful assistance. the domino’s store number provided was also switched off.",1,NEGATIVE,0.9997139573097228,8
a96661cd-ae40-4df3-a934-61f2c4a0bfae,very bad policy of this company. this company totally take advantage of india food rules which are very bad. i mistakly order other dish then i go in help to cancel . so in cancelation fee will be dedicated whole amount which i pay for that dish,1,NEGATIVE,0.999488353729248,21
5368b1dc-e909-40db-959d-3c4d21b83048,my refund money not reaced in my bank account it's so much bad service.,2,NEGATIVE,0.7590994834899902,2
01871f35-54dc-43c1-97f2-39aaa6e6e5cd,ghatiya service pura chorder hua phool,1,NEGATIVE,0.9756913781166076,0
2adc344a-2a6d-48c6-a07a-aadc65e9daa0,order kelelya items paiki ardhe missing hote..ani payment adhich kelela hot.. helpline la contact karun hi refund milala nahi missing itemcha.. faltu service ahe,1,NEGATIVE,0.9994719624519348,0
45400b23-2a36-421a-8b71-09c4656d86db,"swiggy showed a ₹125 off flavorful coupon, but it disappeared due to a glitch, so i paid ₹125 extra. refund the extra amount",1,NEGATIVE,0.9993940591812134,11
36efa17c-9003-4043-8f40-7a9d3399b8f0,it delivered the totally destroyed cake and didn't refund or replaced i just hate is app and this worker,1,NEGATIVE,0.9994717240333556,28
62a16926-faa8-4663-bb5f-09c7e3d565d4,bhuti aacha he fast delivery ho jata hen per vo chash on delivery ek hi bar. deta hen baki ka online payment kar na pad ta he ❤️❤️,5,NEGATIVE,0.9820101857185364,0
2b240e67-2328-4f68-bb1e-fde7c60856c2,i don't like this app because i can't get my exact order and items also a not good at taste of any items,1,NEGATIVE,0.9994215965270996,-1
7e485a77-0f45-4820-b964-80a1cc3ba7e1,"very disappointing instamart experience. yesterday, noice kaju katli 200g was showing for ₹39 on my nearby instamart. i tried ordering, but the assigned store was closed. i then checked from another location covered by a different store, where the same product was ₹199 and sold out. today, my nearby store is open, but the ₹39 offer has disappeared and it's no longer available at that price. i understand prices can vary by store, but this feels extremely misleading and play with emotions",1,NEGATIVE,0.9992108345031738,16
99a369b8-f002-43d3-b396-b4b38bda8dbe,waste app my food rate is low but the delivery charge is tooo high it's spam app to download it,1,NEGATIVE,0.99933260679245,10
aca77600-f33d-4d41-be39-1bf35c2b667a,not the one to write reviews but recent experiences while using swiggy for ordering food has been horrendous. the orders are delayed everytime. there is no proper customer support . moreover they levy cancellation charges on you for something that is their fault if you ask for cancellation.,1,NEGATIVE,0.9996819496154784,6
68ac5729-f2b8-44aa-aaa5-6fa0d49c20f0,not able to sort by price...very irritating,1,NEGATIVE,0.9998087286949158,-1
e5adef05-9076-47b5-bab0-ca51eaf9df6c,tasered lasered me using phone (pizza hut sakchi jamshedpur hno 300) under guise of giving raytings upon force pretend beg and taking picture of my rayting with her phone with taser laser piercing my chest near 2 pendants and causing scite pain and injury for minutes until i made excuse and got rid of her.. she came 3 x earlier while swiggy order pending for 45 min yesterday!,1,NEGATIVE,0.9944422841072084,-1
be36e84f-ce0b-4604-b7cc-8dbbc5cb985f,i order 1 plain dosa worth rs 125 and some of the issue i cancel it i pay the money on upi but my 125rs of amt not refund to me. so guys it's the big problem for using swiggy,1,NEGATIVE,0.9988701939582824,9
c7d4db4f-409c-41a0-92ea-73e206a5b261,very bad experience. we had odered food in train 5 hours ago before the station but the order was still delayed. we were so hungry and we had no other money so we asked for refund. they said 2 hours and even after 12 hours refund has not been done. we are so doomed,1,NEGATIVE,0.999416708946228,-1
0febd6ec-16ee-4b3d-b67e-3789679b7356,full of fake delivery timings i have edited this review because after giving order its too late this time for 30 mins delivery time already taken 1 hour still waitinggg...swiggy is not doing well this time ..its time to switch another app,1,NEGATIVE,0.9997721314430236,-1
c3155f06-c24b-498e-802a-9e6b71ec34a8,"worst service ever. i ordered an item that was supposed to arrive within 11–15 minutes, but it took more than 45 minutes to arrive.",1,NEGATIVE,0.9996054768562316,22
acd2e14e-27b9-414d-910f-6942bfe433f7,very bad experience with swiggy,1,NEGATIVE,0.9997809529304504,26
5b5f8d44-6475-4365-b2ad-122cfc10c927,"customer service with that annoying bot is useless. i don't have who is stupid enough to bring up these kinds of bot in customer service, you better call it customer disservice. took 50 min to deliver something that was promised to be delivered within 15 mins",1,NEGATIVE,0.9997840523719788,12
1f7e2292-aaf5-4ddb-bbef-da0dd2bf7303,"this is evil app they add delivery fee, handling fee, surge fee, rain fee etc etc without informing end user its hidden and its hidden and not easily visible. i had placed orders and later realized that even after ordering more than 500 worth they charged so many fees. worst experience with instamart.",1,NEGATIVE,0.9997573494911194,7
e448a630-24a7-4fa7-a6c1-7f22da42920d,no support for customer they just need money i ordered a chocolate cake recieved cheap quality cake with some white cream spoiled complete birthday vibe. when i complained on app no response. very bed service.,1,NEGATIVE,0.9992125034332277,28
4349948b-75b3-445e-b59b-28e2f17e2333,worst delivery experiences with empty promises. their promise of delivery time never works.,1,NEGATIVE,0.9998204112052916,22
3f952ac7-a3d2-4361-9072-9f5b084bafcc,"⚠️ warning before using swiggy. ⚠️😡 i paid ₹332 using amazon pay balance for a cancelled order. 💸😠 swiggy charged all my money and left me with no refund. 😤💔 when i contacted support, they kept repeating their policy instead of clearly explaining my case. 🗣️🤷‍♀️ before you confirm a cancellation, carefully check the refund amount. 🧐✅ if it shows ₹0, you could lose your entire order value. 🚫💰 very disappointing customer service. 👎😔",1,NEGATIVE,0.9997617602348328,9
50302682-efe7-4080-8e35-fbcda5016513,"very disappointed with the product and the support from swiggy instamart. i purchased a boat rockerz 255 pro+ on 20th may 2026 through instamart. the product was used very rarely, but now it has completely stopped working. it is not charging and does not turn on at all. i have already tried contacting customer support, but i am not getting any proper response or resolution. since the product is still under warranty, i expected better support from swiggy instamart. please look into this issue a",1,NEGATIVE,0.9989135265350342,-1
c83e4e0e-0ecf-4cee-83f7-29fdbad16e58,"god only knows why their customer service team even exists. note to the swiggy team - don't reply to this message asking me to reach out to you with the issue details. if you want to address the issue, please reach out to me.",1,NEGATIVE,0.9892423748970032,31
66de1521-7de6-45cb-813f-95ba74580552,never on time. they write delivery time and exceed by double or more time & this is not 1 of experience. partner will not b assigned until almost when the expected deliver time is over or exceeded. later partner wil b assigned but it wud show preparing order at resturant. partner wil not respond to the calls and whenever u get the order the partner wud say he never received any call. swiggy support wud only say we will resolve on priority. under no condition a cancel / refund option given,1,NEGATIVE,0.998651921749115,8
7a8fa4a2-9003-4a0a-9332-9cc3d00033fd,last week an order was delayed that and i had ordered 2 different items from the same restaurant and they sent me same items twice. to compensate that swiggy gave a coupon to compensate and to use at the same restaurant within 7 days which won't work as every item on the menu is discounted so that you can't use any coupons and the customer care will keep bluffing you with apologies and false assurances. seems like a fraud.,1,NEGATIVE,0.999637007713318,-1
41830bcd-3f73-484c-b34d-c2186d9a147d,pathetic delayed service.. takes extra money in name of fast delivery & is always late,1,NEGATIVE,0.999721109867096,4
1113d3a2-b4be-4415-bd25-97135413dc46,"order placed on 11 august at 11.45pm from one restaurant, delivery partner is not responding to call, so i had called to restaurant and i came to know food has been ready by 12 am, delivery partner has not reached. i had called to customer care about my order for 3 times, but no use they are helpless. please don't use such waste application.",1,NEGATIVE,0.9970428347587584,5
0f509924-bbcc-4e7d-9b64-4aeccef377da,swiggy chat support (ai) is useless,1,NEGATIVE,0.9998103976249696,12
74dac0e6-0eb5-4620-a3a4-71bd3900c9d8,"one of the worst services ever. i ordered food at 10:54pm. waited untill 12:20am. tried connecting with swiggy associate was not responding to call. support team said, they will assign another associate, but they later cancelled the order without any communication. those who order food after 10:00pm. please be careful. or else you have to sleep hungry with empty stomach.",1,NEGATIVE,0.9997696280479432,-1
b0a3ed23-eaaa-4c28-99df-f42cb27c42a7,always worst behaviour application,1,NEGATIVE,0.999793827533722,1
ebb673d1-bbed-440d-8bea-c5f97ea7a909,worst experience ever i ordered food late at night but my order status was stuck on your order is being picked up they wasted more than 3 hours of my time and then suddenly cancelled my order by the time they cancelled it it was already too late and there were no other restaurants available for late night delivery on swiggy i had to go to sleep without food that night absolutely terrible experience swiggy seriously needs to improve how they handle delayed and cancelled orders,1,NEGATIVE,0.9997727274894714,-1
233fbbb3-4e0d-463b-b29f-9aa0e90632ab,"my experience with this order was extremely disappointing. first of all, the delivery was significantly delayed, which resulted in the food arriving cold and not in proper condition. the packaging was also not up to the mark, and it seemed like the order was not handled properly during delivery. the food quality was far below expectations. the taste, freshness, and overall quality of the food were disappointing, and some items did not seem fresh at all. on top of that bad app don't try it.",1,NEGATIVE,0.9998038411140442,-1
0a11ae1c-8204-4e50-bbb9-451e4a4aff89,"very bad experience. food quality was very bad, food portions was very little, customer service is very bad. they took 2 hours for my complaint and did not resolve it and disconnected call in b/w. very bad experience. do not use this app rather use zomato much better service really.",1,NEGATIVE,0.9997901320457458,13
5a845138-1999-413a-a823-065d84fabd25,"all recent food deliveries required me to reach for help, as almost all the orders had issues with either items or delivery. and swiggy refuses to refund for incorrect delivery and just simply tells you to review the restaurant accordingly to ""help serve better in future"". how does that help with the current issue where the customer paid for an item and didn't get the money's worth! that's equivalent to choosing cod, not paying on delivery, and saying rate me bad. swiggy: will you take that?",1,NEGATIVE,0.9995241165161132,-1
d0838685-d9cf-4c55-ae30-e643d7ffa209,"worst customer service experience. i received rotten tomatoes, and despite raising a complaint, i neither received a refund nor a replacement. extremely disappointing.",1,NEGATIVE,0.9998067021369934,24
93c10dad-8685-4598-b6fa-8a9f81435273,can't find zero star.. worst service,1,NEGATIVE,0.9998086094856262,-1
c2557206-7cd3-4fcc-9a0a-35ab4d17ae4c,cannot use the app anymore after accidentally tapping on scenes. i don't want any freaking scenes,1,NEGATIVE,0.9996071457862854,20
da85d455-8da7-42fd-85c6-fb716182e5b3,worest app here lot of scams are there customer care not available to solve the solution,1,NEGATIVE,0.9995031356811525,7
c432afa4-f27d-4f3d-b087-258c03554a40,poor delivery service 1 order needs 1 hr+ time 😂 i suggest to people they purchased by themselves not to depend on this delivery service.,1,NEGATIVE,0.9994169473648072,-1
fab1ed91-a2cd-4df4-8b8f-5c72f2a0ecc3,useless app no customer service response their chat agents not reply on time there is no call option their delivery partners cancelled the food delivery according to their mind no transparency no proper way of getting refund just wasting the time and money going to uninstall this useless app,1,NEGATIVE,0.9997854828834534,-1
92eeeade-38a6-4f36-96db-d816b6490270,"thieves, scammers. the delivery man took the money to exchange it and did not come back stole my money. i wrote to them, i called them, they promised to return it, they didn't... worest app",1,NEGATIVE,0.9717954993247986,7
a03f7877-13c2-4ff4-b36a-60c6de407df9,"disappointing experience – very slow service i had a really frustrating experience with swiggy. the app initially showed that my food would be delivered in 40 minutes, but instead, it took over 1 hour! the delay was without any proper update or communication, which made the situation even worse. as a customer, timely delivery is the most important thing, and this kind of delay defeats the whole purpose of ordering online. swiggy really needs to improve their order accuracy, delivery timelines,",1,NEGATIVE,0.9998131394386292,8
619cfcd5-b674-4b92-beb9-2d6650b04037,"ordered amul tricone chocolate gold and dark chocolate,both were melted around,frozen in the middle,cone was softened and very sensible to hold and when contacted the help and shared the photos of the issue, there was an automated message being shared stating "" they are unable to validate my request"" and finally ""the customer should pay for the things ordered and if received damaged items, the customer himself should compromise as if we have offered food for free"". swiggy shouldn't do this.",1,NEGATIVE,0.9985116124153136,28
662ada5d-53d5-496c-bece-ef05735d76e3,worst customer support ever i placed an order they didn't deliver it and marked as delivered i tried to connect with customer support they closed the chat without any resolution,1,NEGATIVE,0.9998038411140442,-1
95f41684-9b16-40b1-8eb5-7a6fdda16e46,2 hours taking to delivery the food and when i am asking the delivery person man is saying my order was in police control room. when i msg to the help section the man is saying if i take the order he will give me food voucher of some rupees and the still will take more 3 hours . if you are so hungry and need food early don't believe in swiggy. it's the worst became now.every time i got the food delivered the delivery person ask me directly for tip.... pathetic......,1,NEGATIVE,0.999750554561615,-1
6d93e586-5a1f-4076-b78c-0d5bb16907e4,late delivery and not a good service,1,NEGATIVE,0.9997997879981996,4
6c06bef4-f481-4af9-aca5-31d3f05b276c,worst application there is no immediate response please don't buy this any product from here every product they send is unmatcheable and expiry also,1,NEGATIVE,0.999788224697113,38
5f4a5ed5-9b87-4155-bec5-efa6d2655ead,swiggy instamart located in bhera enclave paschim vihar is delivering expired products beware dont fall for their schemes and offers its all expired and low quality stuff,1,NEGATIVE,0.997670829296112,38
e3cdecdd-5b08-4f94-8bb7-a5f9b14cc212,worst app to order i ordered food but it was not delivered as i ordered and after chatting with bot it refunded me less than it charged.......uninstalling right now better ll order from zomato,1,NEGATIVE,0.9994390606880188,-1
84706467-e20e-413b-a65a-15d0c32684a3,worst.. ordered item cant be reciven in full quantity... some items in order are missing everytime ordered... this is reduculas every time is the same problem realy its very disgusting. its the 3rd time i ordered and i got wrong... ill never be ordering it again zomato us better than swiggy in every concept... zomato takes time bt delivery is better then swiggy.,1,NEGATIVE,0.9997493624687196,13
a75f4900-b709-40d6-a191-297d55940772,bahut hi ghatiya service hai aapka. 1.30 ghante ke baad cancel karne ko bola aur cancellation fee bhi kat raha hai. court me milna hoga kya mahasay,1,NEGATIVE,0.9918575882911682,0
c9e12b42-71c6-4a36-9812-acfc052992b7,"don't order food from swiggy .. orders are not delivered on time .. they assign you to ai chat box for complaining .. very bad experience.. one delivery guy , making multiple deliveries... your charging each customer for delivery charges.. it is 11 th august 2026, ordered food around 9.15 pm from restaurant hardly 10 minutes from my place. got delivery at 10.15 pm.. very poor service...food delivered absolutely cold 🥶",1,NEGATIVE,0.9997643828392028,5
d7970a93-1fbd-41b9-9cdb-ebd895ac2512,very bad...dint even select payment but order has been booked,2,NEGATIVE,0.9993763566017152,-1
80f7a399-6547-462c-aaf9-0181edc9d31e,"pathetic service, the rider spilled the entire order and flee the scene",1,NEGATIVE,0.9995689988136292,-1
a2cd558f-58da-48b8-852d-0117a2fd663a,"⭐️ 1 star – poor customer support very disappointed with swiggy’s customer support. i raised a genuine issue and clearly explained that there was no fault from my side, but instead of properly reviewing the complaint, i received a generic response saying that a refund could not be provided. what’s worse is that customer support has now stopped responding altogether. no proper explanation, no meaningful resolution, and no response to my follow-ups.",1,NEGATIVE,0.99970680475235,31
3ebf1544-1d2e-48bd-ac29-62794287c1a8,ordered bread from instmart.had fungus and insects.customer care only said we regret.,1,NEGATIVE,0.9932515025138856,21
96d6f817-c310-47b3-86e0-f2000badaa3a,"i placed an order delivery partner pickup and absconded, not lifting my calls and the swiggy team was also not able to reach him. the customer support team simply said we can refund the amount, will they refund the time and hunger and patience?",1,NEGATIVE,0.99978369474411,-1
9786bb58-6b9e-479f-9d38-c17f49d30f7b,"worst ever customer service ever, delhi swiggy help is the worst. if you are in delhi i recommend choosing some other delivery apps like zomato the food is even cheaper there",1,NEGATIVE,0.9998032450675964,-1
80eb8d96-dcfc-4071-a31f-084216cca30e,not good delevery and service for costumer,1,NEGATIVE,0.999696969985962,3
d091264c-b524-4d00-939f-b185ac4d5b32,should at least show the estimated time its completely inaccurate,1,NEGATIVE,0.9993355870246888,4
9af545cf-5ffa-41cb-85bf-80b1360c8cdf,taking too much time to deliver,3,NEGATIVE,0.9997186064720154,-1
5fa7a7e4-c27c-4a3d-9e43-6400a4289bd2,very bad service 1 ghanta se wait ⏳ ho raha hai abhi tak delivery nhi huaa 9:25 ko 7 min mai delivery hogi lekin 9:38 ho gaye ab 6 min dikha raha hai ❌❌❌❌,1,NEGATIVE,0.999460518360138,0
e830ce7d-2c5f-49bc-8514-61a36ee3e771,"all they have is many restaurants , new offers on daily basis specially on a very cheaper rate. when you order something they will ruin your expectations then your taste buds after this if you are expecting a fair decision after consequences whatever happens to you regarding your food issue or food delivery issue all they had to say is we can't help in this situation rate restaurant totally worst experience with swiggy",1,NEGATIVE,0.999467432498932,-1
5a607816-227a-4103-9c50-7c4486951f1a,"this is absolutely unacceptable. the delivery executive has clearly mishandled my order and falsely claimed that the food was spoiled, then told me to contact the restaurant himself. he is now not answering my calls, and i have been left waiting for almost an hour with no proper resolution. what is even more frustrating is swiggy’s customer support. i have repeatedly tried to contact support, but nobody has called me back, nobody is answering, and there is absolutely no effective assistance.",1,NEGATIVE,0.9997590184211732,6
58b206a0-805d-47a4-8746-83aa1fd33728,number 1 worst app this because the 79 veg biryani not there why why i want to 79 veg biryani i am not eating at night till morning because of swiggy why why tell,1,NEGATIVE,0.9997828602790833,-1
fd2d6e8c-2f27-4610-9219-cfe4c6aa69ba,no cash on delivery is available at the movement,1,NEGATIVE,0.9992326498031616,25
715dd90a-1f52-46f1-b5a5-060935dfe999,"ordered food which shown 30mins delivery time, food came after 95mins, when asked delivery person told order was clubbed with another order which was far away from my place and in opposite directions. food was cold we finished our dinner before food delivered customer care representative offered small tip for their blunder, i insisted for full refund, but didn't not get anything",1,NEGATIVE,0.9992119073867798,5
f462f62f-c9ee-42ca-b3ec-ef59fab0f2fa,"what is the purpose of ordering food from food delivery apps, if i need to cook my salna at home. atleast you could have mentioned no side dish or gravy included.will you people eat food without side dish. how it's not your fault. packaging is not sealed, stale parotta. at least if your food tastes good i would have not escalated this issue further. horrible experience from your side and app.it's better for me to uninstall my app. good bye.",1,NEGATIVE,0.9973592162132264,10
40156141-592a-45dc-bae2-233bf4f8e24d,worst food delivery app. the order initially shows it will take 45 mins to reach. then they take time to find the delivery partner and when delivery partner is assigned they take multiple orders which extends my delivery time to 1 hr 30 mins. they don't value for our time and money. such a big network can't hire more delivery partner.,1,NEGATIVE,0.9996674060821532,-1
4afa5482-94ea-4b20-bf7b-53514a4865ce,"very disappointing experience with swiggy. this is not the first time i’ve faced this issue—my order was delayed for almost an hour with no delivery partner assigned, while the eta kept increasing. this has become a repeated issue and is extremely frustrating. swiggy seriously needs to improve its delivery and customer support.",1,NEGATIVE,0.9997124075889589,8
3fb6a510-804f-4c4a-b56b-3c8f3a3c0472,"this shows delivery partner will pick up the package by 5mins but for last 10 mins, showing as 5mins. if you can't delivery in time. don't try tool the customers with fastest delivery also dont advertise misleading",1,NEGATIVE,0.98646879196167,4
748a5e6f-cddc-48db-8a26-befce54cf901,"not worth of money as delivered, charged more...and delivered item quantity less.",1,NEGATIVE,0.999768316745758,17
0967fa11-8e85-4174-998b-883762298f2e,"worst online ordering app as i have clicked by mistake for order i want to cancel the order but the swiggy app tells the order is preparing as i have make cancellation just another sec but the cancellation process is worst i am deleting this app , worst app",1,NEGATIVE,0.999810516834259,2
4058b018-17bb-4179-8b7c-ee1067e5d7b2,delivery always late and pathetic customer care as all ai responds.. they don't understand anything just reply with automated msgs again and again..,1,NEGATIVE,0.9997069239616394,4
f1368912-67b4-42c2-be45-19b19c6dd3ac,"changing my review for swiggy it was a great app for past few month they are charging more than expected basic fees it too much, i spoke to resturant they told me swiggy charges all the extra charges and then it charges customer again with the same gst and packaging charges which makes the price even higher even after adding discounts. there is no more customer satisfaction. what's the point of swiggy one the benifit are worthless.",2,NEGATIVE,0.9995823502540588,6
4b525675-b7c3-4edc-95f9-32002b7e5ef1,refund option which they give is a time taken process and it's very late process upi option is removed and it is making a hassle swiggy partners on cod take extra amount than the usual bill,2,NEGATIVE,0.9995580315589904,2
3d041fca-c6e1-4f30-bf14-af525af829c0,worst app i've come across... i've ordered food but after sometime they told me to choose an alternate food because they don't have availability of the food which i ordered...so i've told them to cancel my order and refund my money ....after sometime the app was showing me that the money got refunded ....but when i checked my bank account it was not there .... moreover when i opened this app to complain about this in help centre they were directly giving options instead instead of resolving .,1,NEGATIVE,0.9997074007987976,44
3aa36b92-c606-4312-96e2-ecd6548cba8a,the service e associets are the real reason this company has so many detractors... pathetic service and no follow through... better handing money to a scammer... at least we know it's lost not wasted...,1,NEGATIVE,0.9947516322135924,30
521a7ccb-5795-4353-89f3-ae875af70f69,zomato is ordering same palak panner for 380 and swiggy 550 worst experience,1,NEGATIVE,0.9997648596763612,13
e4e4a66a-0dd2-4cc1-9712-07b571718d94,"5star to 1 star. swiggy should focus on training their delivery agents. they never deliver on time and many times i had to request refund. i don't wanna elaborate individual case study but trust me swiggy, you need a revamp. removing the app today.",1,NEGATIVE,0.9991105198860168,15
3e474094-17e7-4fca-9e97-119e3baf96fc,too high charges pls keep it low,2,NEGATIVE,0.9994957447052002,17
fbb5f5a0-3fe3-4e5e-9a47-02fcbf35cb68,cash on delivery option is not available 😕,4,NEGATIVE,0.9996017813682556,25
16dd91e6-3275-44bf-8aa6-af1d3858d7ee,worst customer support possible. i spent 3000 on my order and they are sending stale food. when complaint they just close it without resolution. waste of money here. better to purchase from shop. uninstalling now.,1,NEGATIVE,0.999818742275238,21
0cd46124-bcf5-4f1b-a12f-ec972e899c9e,"absolutely frustrating experience!they can never manage their delivery oartner fleet nor can the customer support be of any help. i have faced multiple problems ordering from here, i have to repeat the same problem over and over again to 3-4 delivery partners. everybody keep disconnecting the call whenever i ask for solution. all they can say is sorry for the inconvenience. that is the range of help they can provide. the timer on the app is rigged and keeps resetting everytime there is a delay.",1,NEGATIVE,0.9995203018188475,-1
97480dc5-7f87-4e8f-a0d7-28dd5305e302,worst customer care..... restaurants send half items and we don't get any refund ever.,1,NEGATIVE,0.9998082518577576,24
6bb1e7cc-8cc5-494f-a9eb-c50c397e44b1,i order an cake for ₹500 and i recieve the order then the delivery boy call me again for a same order of ₹500 when i say i recieve the order then they cancelled my order and give penalty of ₹500 and block my cash on delivery.,1,NEGATIVE,0.999221920967102,28
ea0d7fbb-200b-4ff2-b212-21f707dd8b14,"i placed the order by mistake, and the money has already been deducted. i tried to cancel the order within just one minute, but i was told it couldn't be done because the food was already ""ready."" how can food be ready in just one minute? now they are saying there will be no refund. anyone can make a mistake, and i simply don't need the food anymore. is this how you run a business—by cheating people? i admit i made a mistake. but if your app offers absolutely no way to rectify even a single err",1,NEGATIVE,0.99931800365448,-1
c90ef94a-9cba-4f39-863e-47e09460c2f3,very poor service provided...... too much irresponsible behavior....... purely negligence from their part...... so i lost trust and uninstalled the app,1,NEGATIVE,0.9998061060905457,1
236fcdce-917b-4919-8405-20e8fff33d90,worst app experience i have problem with login every time i login it says too many attempts detected and login with previous one i am not able to login into my own account in my own device what can i do now just fix problem.,1,NEGATIVE,0.9997699856758118,46
22cc4fe8-d4d4-4806-b988-8f8ab36a4b82,"this app is designed by whizkids who do not want criticism of any kind, constructive or otherwise. there is no provision in the app for bringing any issue to notice. my instamart store is shown as closed for past 3 months. there is no way i can ask these whizkids when it will open. for help, you get faqs. their vegetables are underweight,they play around with the weights and measures act. a business of delivering goods cheaper than cost ???",1,NEGATIVE,0.999492645263672,-1
c502fff9-d7dd-47b2-a616-bb5477241f5d,"no customer support, got spillage food but no response from customer care, they simply closed the ticket.",1,NEGATIVE,0.999777376651764,21
0ab44090-f602-4c91-9e98-d1f853a3b3e4,worst these days ..my order was delivered very late for rains that too came completely damaged n spilt and they gave me a 30 rs refund ..worst customer care in the country us swiggy. useless bunch of executives who only talk n kill time,1,NEGATIVE,0.9998080134391784,21
a8014d22-373b-4515-854c-da0a5818e138,i gave swiggy 1 star rating for their service because they changed the terms and conditions of the 'buzz' offer.,1,NEGATIVE,0.9864360690116882,-1
7c33ccf1-4e5d-4510-aba5-3ba2c9e40515,swiggy prices needs to come down as it's listed prices are more than the double of the restaurant prices for some.,2,NEGATIVE,0.9985182881355286,45
2d7a1b3b-b6b1-4323-bc05-589a2625f330,mazza aa rha he. mera juice kha he,5,NEGATIVE,0.8738976120948792,0
140d645c-d61b-42d8-8b67-5bcb35a44c3e,very bad app totally fake offers,1,NEGATIVE,0.999800741672516,27
7dd85f49-aa5d-4a72-acf5-6a285bf8d381,"zero support in a crisis customer support is completely useless when safety is actually on the line. i had an appalling experience with an abusive delivery partner who was aggressive and out of line. when i tried reporting this, swiggy's ai chatbot trapped me in a endless automated loop and refused to transfer me to a human agent. out of options, i tried calling their emergency safety helpline, but the call wouldn't even go through. swiggy clearly does not care about customer safety",1,NEGATIVE,0.999754011631012,31
7b8b715b-4f9c-4502-abba-175ff4152841,swiggy is worst to deliver it takes more than 1 hour to deliver even the dish simple l.app says hotel is preparing your food.my foot 🦶👣 in this era 1 hour to deliver wow everyone will uninstall soon zato is fastest within 30 mins delivery is done and dusted,1,NEGATIVE,0.999460518360138,8
a07423ab-56de-4e11-806f-594eda36c52c,"swiggy has lost its charm. worst delivery and customer resolution. i had ordered last time food but i received one less item but i was charged full. when i contacted customer care, they have now changed the process of immediate resolution. it is been 2 weeks and i still did not get any refund or resolution. worst app. if this is the case then i will not prefer or recommend to anyone.",1,NEGATIVE,0.9997095465660096,15
c6a4ca92-6ff2-41ea-bacb-499a2b9e66fe,"bad, no worst customer service.... always on chat, no human contact ...even on repeated requests, no agent calls....they repeatedly dodge requests to talk to an agent.... no proper resolution.... kfc order is always late by 15-30 minutes ....lunch time is over by that time....best to switch to other platforms even if they are costly...atleast there will be peace of mind .. glad they listened to the earlier suggestion of adding restaurant addresses, though... anyways worst experience...",1,NEGATIVE,0.9995999932289124,-1
d31ec4a4-5f48-42ab-9f96-4057d4b4d08c,took 2 hours to deliver when expected delivery was 45 min in normal weather conditions. poor services.,1,NEGATIVE,0.9997571110725404,-1
c637150c-cfee-4274-8c38-ca90a041c96c,totally waste of time and money,1,NEGATIVE,0.9997749924659728,7
53942d76-b6c5-4d31-a04e-3504e2c4c6af,all the orders are usually late,1,NEGATIVE,0.990789234638214,4
cf51d039-2e9f-47c4-af8e-bfb8e2dea74f,worst delivery service could not deliver on time shown on the app..👎🏻👎🏻👎🏻,1,NEGATIVE,0.9997965693473816,34
20d7c720-2a9c-462f-8266-566ba00cd52a,your are supplied expiry curd it is very bad you co loosing faith,1,NEGATIVE,0.9997431635856628,38
87875adb-7404-4c5d-a4a8-c0c5ebcfced4,"⭐⭐ very disappointing experience i ordered tawa idli worth ₹143 and completed the payment. within just a few seconds, i tried to cancel the order, but swiggy was showing ₹143 as the cancellation charge — the entire order amount! charging the full order value as a cancellation fee within seconds is extremely unfair. a reasonable cancellation charge may be understandable, but 100% of the order value is not acceptable. swiggy should clearly explain how this charge was calculated and refund the",1,NEGATIVE,0.9994329810142516,9
4a190f1b-741e-4fae-a6d1-4873e7591867,food is so costly and unaffordable that you spent an hour and a half just doing mental maths to look for food that fits your budget and while you're at it after an over an hour of drill you just lose your appetite. offers that these people are so ridiculous that i am sure none of them can ever be availed unless you make pricey orders. 1+1 on the bill equals 181 rather than 11! greatly disappointed in how food apps operate these days totally fooling us and digging holes in our pockets!,1,NEGATIVE,0.9998170733451844,10
f0a07299-5bdc-4b05-b2e2-f64c9db15ffd,i order idly & aloo parata but i get ragi roti i'm really disappointed 😔,1,NEGATIVE,0.9996047616004944,0
715dd0e9-2152-48c7-8b91-645a28c57e0b,ajj ke baad rating mat puchna 5 star rating de diya hu tum bhi kya yadd rakho ge,5,NEGATIVE,0.9644349813461304,0
9761f877-9828-4cc1-b2d0-d917d78f37dc,worst experience.... with swiggy... accepted order.. and cancelled 2 times happened... after waiting for 30 min.. this very unprofessional,1,NEGATIVE,0.9997827410697936,-1
b2191aa6-b78e-44a6-b2f9-14e4906f48ad,all good but delivery charge is not good,3,NEGATIVE,0.9973000884056092,17
981330f2-9ecd-46df-92d6-b38fc268d23f,items brought with very low price here,5,NEGATIVE,0.9907622933387756,37
99f3f28a-28c5-4659-9582-cb985adf2859,"very very very bad experience in swiggy... i ordered a pizza on swiggy, but i accidentally placed the wrong order and now i want to cancel it because i actually wanted to order something else. however, there is no cancellation option available, and i’m unable to cancel the order. i tried calling the restaurant, but their phone is switched off. i also messaged the assistant through the app, but they said the order cannot be cancelled and that i’ll have to pay the full amount, with no cancellatio",1,NEGATIVE,0.9857387542724608,2
7e71be87-664b-48ad-b868-593cc09f6d6f,so expensive not budget friendly not even once. recommendation for this app-1% if you have no other choice,1,NEGATIVE,0.9695857763290404,27
0a83e4c4-349e-4937-8b89-7fa6c1842bda,no download for this app this is fraud. please uninstall this app,1,NEGATIVE,0.9981049299240112,7
ab3d8f30-5c83-4bb1-82ed-f021d1fcef73,they didn't provide best deals in instamart. alsohey increased the instant deal amount from rs1 to rs9 that can be ok but they don't provide best things in it as before.,2,NEGATIVE,0.9951798915863036,36
0973462a-20e9-4a34-a77a-7610e28d7b51,swiggy kamina hogya h iske offer ke chacker me mera time lose hua offfer change kardeta ghatiya swiggy,1,NEGATIVE,0.998606026172638,0
798ab731-04d6-4bce-b295-ffa7b2beed8d,more easy to use and more offers can be provided and a bit confusing,3,NEGATIVE,0.9968662858009338,36
a645dae0-a72b-4f47-b2c7-68e887596a54,"worst service ever ,order always gets delayed by an hour or so,no action taken for delay ,i think you guys should learn a thing or two from eat club",1,NEGATIVE,0.9997665286064148,-1
a4902861-4e01-4ca0-84d7-51b570c18a91,the worst customer service a company could provide. useless app with no responsibility,1,NEGATIVE,0.9998156428337096,1
229ce877-5734-4cbe-bb74-00af716844e8,total fraud of an app. they are actively cheating customers with hidden fees and fabricated charges. coupon codes are a total lie because the checkout system subtly inflates the price anyway. this platform is completely untrustworthy and unreliable. avoid this nightmare and just walk to the restaurant yourself.,1,NEGATIVE,0.9996498823165894,7
bc3a53c2-27ca-4a52-b272-abc86e98e3f7,"please don't install...i confirmed the order and the amount was debited from my bank account, but swiggy cancelled the order directly and hasn't issued a refund even after two days",1,NEGATIVE,0.999196469783783,9
85f18d6d-f886-408c-94f4-31ef7264bab1,this is a scam app so don't order from i am the victim of this app,1,NEGATIVE,0.9996447563171388,7
f018c1d1-12c0-460e-ba57-b74a24f24d93,this app is very bad service ya order thanda de tha hai koi is sa raat ko koi be cheez order na kara ya order thanda ho na ka baad de tha hai or inka test be kharab hai,1,NEGATIVE,0.9997155070304872,0
9f716e1c-e111-4c5c-a07d-6e813a9bf8bc,very disgusting app not delivery order on time and instamart delivered wrong order. issue is raising multiple times,1,NEGATIVE,0.9984865188598632,34
6b26b3d9-d589-43c8-8f64-281f11cbc3ee,terrible app ! i was scrolling through the app and added 2 items to my cart to see the delivery charge. it eventually led me to the payment page and i accidentally ordered it. and i initiated the order cancellation within 30 seconds and i got 0 refund. all my money is gone !,1,NEGATIVE,0.9997885823249816,41
5ada46f6-5f3c-4818-92ba-712de005f96f,"the most shameless brand is swiggy,they promises to delivering food but they can't, hugely refferal to not install this app,zomato is more than better from swiggy,the irresponsible delivery guy and the company also",1,NEGATIVE,0.9956933856010436,6
0baf2a02-0fff-42bd-97f9-1e1630434ff3,best ratee but tax jyada hai pr thik hai,5,NEGATIVE,0.6622346043586731,0
63f12893-5266-46b6-9525-3b03f1c41645,bakwaas!!! service bekaar hai sab kuch bekar hai... disgusting. never gonna use this again. worst experience.,1,NEGATIVE,0.9997994303703308,0
36bdb55a-b3f6-4186-8929-32db8eb88dc9,swiggy help team is pathetic. they dont respond to your queries and delay replies deliberately. they dont care about the service only care about the money. avoid using this app,1,NEGATIVE,0.9997723698616028,15
8634d9f8-aaaf-4b3a-8124-7d84af7058b2,a lot of order cancellations from the other side,1,NEGATIVE,0.99883633852005,2
70daca86-0209-4dec-a943-a8b963f7a6a3,"ai agents on support, human agents rude, penalizes poor riders, while still offering poor services to users. they mostly combine 5-10 orders in one delivery, and you'll receive your food always late, cold and stale. i've switched to other apps already. another issue: doesn't respect your current location and orders at the wrong address very frequently. i used to be a regular user with thousands of orders in the last 2-3 years.",1,NEGATIVE,0.9994187355041504,12
0e89845f-c878-4f1a-99ac-7038c1767074,very bad service guys use another app for food they takes hours for delivery,1,NEGATIVE,0.9996834993362428,-1
9f1a5d67-4f03-44ee-a28f-eebd6b957d02,"extremely disappointing and careless experience — wrong food & no consideration for the customer i ordered food from this restaurant while travelling by train, specifically ordering 1 gobi manchurian and 1 veg noodles. both were clearly ordered as vegetarian items, yet the restaurant packed the same food in two packets and, even worse, the supposedly vegetarian manchurian contained egg. this is not a small mistake. when a customer specifically orders vegetarian food, adding egg",1,NEGATIVE,0.9989678859710692,-1
633d4961-7466-4cb8-a70c-4cecf01ac238,"worst experience with swiggy when we order at late night at 11.18, i sent photos and and live effect of food, support team telling that, we can't do anything thing and we will give coupon 40 rupees code to book again swiggy food to cheat us, stupidity, swiggy is waste after 2 years",1,NEGATIVE,0.9996819496154784,-1
b37c3602-efd9-434b-b189-d7a2587fd182,the worst app ever. just keeps you waiting and gives irrelevant informations. helpline doesn't work. it is 12.01am but the order shows 11.09pm to deliver and there is no update yet,1,NEGATIVE,0.9997668862342834,34
a37a085f-3ec9-4a86-8e86-b452ec97724e,"they have very pathetic customer service. do not do not do not ever try to buy anything from swiggy. they will never refund your money they will handover you a useless coupon. be safe from these people. customer executives will be rude and stubborn especially that mrityunjae the floor supervisor. no solution still he closed that chat, and swiggy don't have any no. to complain if it's regarding something that they are not able ti solve from last 3 days.",1,NEGATIVE,0.9982380867004396,31
9ff9578c-07a7-4140-93ff-5e8f2ba12c69,"never got any orders on time. it's always getting more than one hour delayed or getting cancelled. worst experience, gonna stick with zomato.",1,NEGATIVE,0.9997792840003968,13
f5ee6176-4e6c-4cfb-afd9-4333811c4ef6,whenever i order after 11:00 pm i get a pop up that the store is unserviceable only on my device. so i will switch to a better option which is zomato thinking it would at least work unlike you.,1,NEGATIVE,0.9991292357444764,13
7c54bee4-1920-4df2-92d4-fe369c7076f5,order cancelled every time on swiggy instamart,1,NEGATIVE,0.9996494054794312,-1
bb7d0fd8-9dd4-4f2e-acfe-b67d5aba3b67,"⭐ 1 star very disappointing and unfair experience with swiggy. the cancellation fee was charged to me without a reasonable or valid explanation. it feels like customers are being charged cancellation fees arbitrarily, with no proper transparency or accountability. a customer should not be penalized with a cancellation charge without a genuine reason and clear justification. swiggy should review such cases seriously and stop practices that make customers feel exploited. very unhappy with this",1,NEGATIVE,0.9997797608375548,9
e5a281a3-21d5-48cc-91f0-7df831288e67,one of the worst food app i have seen. we rarely orders food like biryani we ordered today jambo pack biryani through swiggy it has hair in it . we didn't eat that we complain on it they didn't return money we placed exchange they didn't take exchange we lost all money . my family members are very disappointed because of the issue. we called restaurant they said compline through swiggy they didn't take action on it . so i don't believe swiggy again.,1,NEGATIVE,0.9993804693222046,-1
37ed6598-abad-4afd-a991-08b36f541e5d,"ordered 14 ice creams but got only 7, even after keeping me on chat for half hour representative didn't solved the issue",1,NEGATIVE,0.9982830286026,-1
3c3ec6ce-1fd4-4911-8724-e216cf12a0dc,third class app. many times i have to face problems.,1,NEGATIVE,0.9974889755249025,1
968dfbcd-a600-4221-a7fe-b5ac4a6a937a,unsatisfied with new version buzzing a friend . it's try to loot money from customers.,1,NEGATIVE,0.9988671541213988,-1
908fe041-71fd-44ad-b487-7164f4549d6f,no cc care support no chat support if you did not receive a single order forgot your refund it's been 8 days still don't receive any refund no support no rpy don't use it,1,NEGATIVE,0.998957633972168,2
c2891f06-429e-4496-95bf-37d7923a702d,"very disappointing experience with instamart! i ordered two tiffin sets from instamart, but what i received was completely different from what was shown in the product images. the containers were so tiny that you can’t even properly fit a single chapati in them when i contacted customer care to raise my concern, i was simply told that the product is non-refundable, non-cancellable, and non-returnable, and that they could not help me with a refund or return. this is extremely disappointing",1,NEGATIVE,0.9994706511497498,16
f4fd8a59-e41f-43d4-8060-c4d56e57d24e,"very bad experience with swiggy. i paid for my order, but i never received it. money was deducted, yet my order was not delivered. completely unacceptable service. please refund my money and improve your customer support.",1,NEGATIVE,0.9993932247161864,-1
75733e54-7387-400f-8a85-65550c0c4afc,"customer service is so pathetic. ill trained staff who leave the conversation mid way. all the items in the order are wrongly delivered. and yet, no call . conversations are taking nearly 5 minutes for the same repeated reply which is not heading anywhere. pathetic. i would prefer other apps over this.",1,NEGATIVE,0.9997573494911194,-1
6b3e7f53-1dbe-4f98-8450-a9f209c172dc,it's been 2hrs but i didn't receive my order waste of time better choose some other platforms,1,NEGATIVE,0.9992352724075316,-1
c77a6278-31ed-4170-9e8b-13a01126492f,very worst best offers not sharing in your existing customers pls improve my your serviceivwl,1,NEGATIVE,0.9997835755348206,36
24574161-b917-4ff2-8a1e-0ead02ffcd99,please do not download the swiggy app and order it. there is information that it contains toxic ingredients.,1,NEGATIVE,0.996759593486786,-1
d59e5bf6-f0d3-4196-9ab8-97cc1f9e7d16,i ordered my food 2hrs ago still i didn't receive my order yet its bot is litterally waste and out of that they are asking for cancellation fee better choose some other platform,1,NEGATIVE,0.9992638230323792,-1
44a8d53e-0108-463a-9dd3-3d9bfd835a14,"again and again same thing happened, it's my worst experience with swiggy not one time it's often. choose swiggy only when you want to sleep without food in night. they simply deny for delivery at the time when you can't get food from other options. they forced you to sleep without food. so please don't order at night with swiggy if you are really hungry.",1,NEGATIVE,0.9992696642875672,6
78a7e63b-91f8-4b7b-b1a1-942ff8f55c49,waste app i ordered vegetarian food today aaloo palak and daal it has been 2 hours we neither have recieved the order not the refund. chatting with the customer care representative shakeena khatoon literally felt like torture. i wanted to cancel my order later . after 19-20mins of online argument a delivery partner was assigned. this is height of nonsense. when i wanted to cancel my order and get the refund that time they assigned the delivery partner. what about the 2hours of wait time?,1,NEGATIVE,0.9997279047966005,-1
c31f278f-1687-43b2-b69f-6158e5f2c2f1,"worst app, worst service ,i got very sweeter butter chaap masala instead of spicy chaap masala and i complained about that but then also they did nothing. so please don't use this app.",1,NEGATIVE,0.999052107334137,1
ab7e4b33-fe07-4109-b58f-aefad62424ec,i have a bad experience i order and pay through online the order delivery boy pick up and then i didn't recieve order and delivery boy didn't pickup call i complaint in swiggy official they didn't refund me my cash gone,1,NEGATIVE,0.9968442916870116,9
2b1734e8-e3d6-4cc6-82bc-a1074c8dbb9a,every worst experience. i've been waiting for 2 and half hours. i still haven't got my order. feeling shame in front of my friends. just go for zomato or any other instead of this swiggy.,1,NEGATIVE,0.9997054934501648,13
725ece1c-3983-4c99-bb24-2850d19c25c2,"pathetic service, fraud customer care and worst app experience",1,NEGATIVE,0.9998111128807068,1
0d68c60c-431e-43f9-a207-0fdacf7bd50a,orders are always late because delivery partner always carry multiple order. and customer caree respose is not satisfactory also,1,NEGATIVE,0.999660849571228,4
da3239be-924e-4d8c-83ca-a405fff95868,worst experience with this app. ordered from one of the high rated restaurant but recieved a stale order at least 2 days old. and this company could not care less for its customers health. did not acknowledge the issue but has only a ai bot take care of such issues. nothing like zomato which has a better return and refund policy.,1,NEGATIVE,0.99933522939682,-1
cfcd9acf-c9ce-45fb-989b-2a593836d23a,when i recieved my order than i will give rating,5,NEGATIVE,0.9843106269836426,2
bb8907c3-b4f2-4c18-a365-93adf7760e9b,"worst and taste less, non hygienic food they served, these swiggy was tied with road side street vendors for supply food",1,NEGATIVE,0.9995651841163636,-1
f6e97c4e-984e-4d36-bbd0-eb273e1a7816,"do not try this app. they always deliver food late. if you cancel your order, they deduct 100% of your order amount. their service is extremely slow, and delivery agents do not even get assigned on time. this is a pathetic app, and they take your entire money upon cancellation.""",1,NEGATIVE,0.9985367059707642,-1
9d98f516-6a8c-425f-bf9f-5bd8dcbd8355,pls never promote this app! had to give pne star.. it even doesn't deserve one ... never order food from it plss!!,1,NEGATIVE,0.9992902278900146,-1
bc89c5ba-b1e9-48b7-9540-78b682ff6fae,"extremely unfriendly app.they do not have people to listen to complaints on the chat box even!ridiculous and it is like a sarkari company.they operate at their whims and fancies.1st the orders are delayed and they do not compensate for he same,2nd they do not even listen since there is no one to listen...all automated and defunct....wish some other app would come up by filling this gap.really very pathetic",1,NEGATIVE,0.9996391534805298,1
95ac894f-318d-459d-bd7a-c4ef2e050361,"⭐ 1 star swiggy completely ruined buzz. the new system is confusing, restrictive, and nowhere near as useful as the old one. why change something that actually worked? bring back the old buzz system instead of making it worse. extremely disappointing.",1,NEGATIVE,0.9998094439506532,18
a9c530bb-a47b-465a-9f34-d5dca409dce1,"very disappointed with the recent changes in swiggy. the buzz streaks “win up to ₹100” feature has been stopped, and the coupon/discount benefits have also been reduced significantly. these offers were one of the reasons i regularly used swiggy.",1,NEGATIVE,0.9993857145309448,11
ac112c45-021c-479e-9735-232d7b11140c,this buzz thing is a scam. don't bother to engage.,1,NEGATIVE,0.99972802400589,19
0480ea47-5164-4738-bb16-b5a3365cbe34,buzz event is not benifit for users,1,NEGATIVE,0.9988455772399902,18
d08a4a9f-deba-4d2f-bc8e-7a06bda7ee67,late delivery still time is showing 5 min left bad service,1,NEGATIVE,0.9996392726898192,4
e6087b48-6226-4a83-997b-d08680d752c8,worst experience i haven't gotten my order in the half open package i asked for a refund and i did not get my rest order worst i want to give this app a big fin,1,NEGATIVE,0.999583661556244,41
b809df44-e708-4192-a774-c05620c30df3,i am giving 1 star because i cant give below that it is worst food delivery app i added biryani for 300 and gst and extra charges are like 90 rs extra total is 390 why broo........,1,NEGATIVE,0.9997504353523254,35
6adeb75b-3aeb-4093-be18-94f7f798ec82,a restaurant which is 2.1km away from my home is showing as 9km away.. because free delivery is only upto 7km this is fraud,1,NEGATIVE,0.99940288066864,-1
69089e80-7d0c-4ae0-8517-8fb7f94f334b,i buzzed 50 friends collected 300 ruppes. they fraud me gave nothing,1,NEGATIVE,0.9989286065101624,-1
bc9baf5e-6372-4ae1-be3b-83b985fb2a5b,given 1 star because zero is not possible,1,NEGATIVE,0.9952385425567628,-1
0a769955-e401-40ef-8bcd-d511b6e68ea7,"*worst swiggy experience ever* ordered food via swiggy and the delivery person called to say: _""your order will be cancelled because the wrong delivery person took your parcel.""_ so basically, someone else got my food, and i got nothing. i waited, then reached out to swiggy support expecting a refund or at least an explanation.",1,NEGATIVE,0.9997846484184264,6
1c0b9985-4670-4e68-840a-c3dddbaaaadd,shahibagh ahmedabad gujrat pord se rider hu... jay name ke fc ne business loss karaya he company ka... usne fraud kiya he hamare or company ke sath.... vo fc hame roz dhamki deta he ki aap new 5 i'd creat karo or rafere mere se karo... 5 order kar ke cod tum le jana or mere raferance se id bani hogi to aap pe koi camplent nahi hogi ese kar ke id banata tha or na karne pe id bandh karne ki dhamki de raha tha...ham instamart store ke riders he ham hamari nokri bachane ke chakkar me hamara fc jo,1,NEGATIVE,0.9976969361305236,0
1d67a95e-d5e6-4328-9a34-7a986334ddad,"terrible experience with blck membership. extremely poor and irresponsible support from swiggy. an entire item i paid for was missing, yet swiggy repeatedly refused to refund it. the momos that did arrive were without any sauce. instead of investigating and fixing the issue, support kept sending generic, copy-paste responses. shocking treatment for a blck customer spending ₹50–60k monthly. i will be switching to zomato gold/priority. stay away from swiggy.",1,NEGATIVE,0.999758780002594,9
63d2b182-ea53-4247-b3e1-dc82bc3e14c9,zomato better first they give discount on buzz thing and when it got popular it dropped it to release it again with less discount,1,NEGATIVE,0.9976431727409364,23
973a79cc-c128-4251-a40a-88282049bb33,"chatbot is meant only for wasting our time so that the time frame within which we may raise our concern gets lapsed. on top of that, the customer support team is of no use at all. nothing.... all they know is to apologise and not provide any tangible solutions. it was my last order today, i've deleted the app now.",1,NEGATIVE,0.999760091304779,12
5b1b0d88-7fe2-491d-b5b3-72f015eb92fb,1. sometimes get scammed sometimes not 2.it's pure luck 3.avoid ordering non-veg food from swiggy,4,NEGATIVE,0.9762769341468812,-1
1955aa7b-a679-416d-933c-165f9cc27200,no resolution if any problem with the foot.just u ll have to wait too much and make emails without any answers,1,NEGATIVE,0.9998142123222352,12
74b8c004-06eb-4301-98c2-5947c61cdeeb,taxes are more valued then actual item,3,NEGATIVE,0.9430914521217346,-1
b91ad141-b920-4ca8-9715-7a764cb49c9b,sabji taste n preparation not good waste of money,2,NEGATIVE,0.999467432498932,-1
32bd1b16-6716-4db1-800d-bfec5f80d297,i ordered a food and pay already money but the food will not deliver and my money will not receive 🤨,1,NEGATIVE,0.9985781908035278,-1
896b9f8a-7102-4155-9818-4303d0d540af,cheap pathetic app to lure customers with fake photos of food. need to report this to fssai. should drop the delivery chain asap,1,NEGATIVE,0.9997642636299132,10
ee89342e-1d56-423f-99ab-89c20f3c4bca,"instamart and other services options are suddenly gone, only food delivery service is showing please fix this problem.",3,NEGATIVE,0.9996758699417114,16
efa81dda-0957-4a43-b73e-72c3f096ae8c,worst app just show add instamart and don't let me order peacefully you guys have ruined the app.,1,NEGATIVE,0.9995280504226683,1
5561d66b-6cfb-4749-b5a5-5dd50022af9e,the fake delivery time scam and the most useless support team on earth.,1,NEGATIVE,0.9997908473014832,-1
84342744-efb1-4657-a44a-b546debc4b74,worst rates.... high rates. bad app. cheat,1,NEGATIVE,0.9997921586036682,27
32b4dd6b-4169-44a7-bd5e-e6ec3cea2aa1,"recently all orders have been missing atleast 1 or 2 items.the delivery boys were being honest .but restaurants are not giving them full items. whem contacted through help.they only say ""sorry for inconvenience .we are looking into it ""etc but that's all. no coupon or taking action.it happened more than 3 times in last 6 months.even if we provide pics. to the point i have to ready the camera everytime i open the package",2,NEGATIVE,0.9986438155174256,-1
8deffe48-5563-4cbe-ba3f-e0e2756d0b72,fast delivery is not working... swiggy is charging mony and delecering on normal time,1,NEGATIVE,0.9997525811195374,17
f927b14e-32ad-4c01-87c3-e2ae1f55c476,platform fee is quite high for student like me to pay,4,NEGATIVE,0.968696653842926,-1
3e15fb83-ecf1-4113-9957-ce6c74aa75ac,"worst behaviour by swiggy, no correct response when a customer contacts customer: my order got delayed swiggy customer service: i truly understand concern and wait for around 24 hrs or 48 hrs till the restaurant call you how can an customer wait for the order till 48 hrs",1,NEGATIVE,0.999625563621521,8
1d78449a-fd53-496a-9a8f-a4efb53c1258,this platform is giving cash on delivery 🚚 that's why i love swiggy 🥰🥰🥰,5,NEGATIVE,0.7995073199272156,11
67a5be62-a23b-4512-8572-65bcc7d41d79,too many ads and very hard to find anything in the app,1,NEGATIVE,0.9998040795326232,1
5be5b0ad-0a22-4eb4-ab32-adf0945e11cd,they don't listen our problems every one should have to ignore that app use zamato or any other app instead of it,1,NEGATIVE,0.9991397857666016,29
40018309-a623-444f-997c-386f3a5cb1fb,"terrible experience lately to order. poor support staff interaction and help. order gets cancelled by restaurant or swiggy last minute lately amd ruins the mood and we stay hungry. if you want to change address, only 3km option available now, but poor add on; should have a provision to change or cancel order at least 2 mins within ordering. and once again, terrible help desk staff. takes 10 mims or more just to deal with cancelling an order.",2,NEGATIVE,0.9997796416282654,-1
edd3ab34-7755-4fb5-ab1b-52aa8beb07b9,swiggy has been sending unsealed items recently. i received an unsealed amul ghee bottle. even after mailing them they respond with they can't do anything about it. so indirectly they are saying us to bear the loss. we can't be sure whether it's real ghee (or adulterated) or not since the seal was removed. thanks for tampered products swiggy. not ordering from you guys ever again.,1,NEGATIVE,0.9993355870246888,-1
906f1530-3268-4dbe-bdee-3ff5cfb01cb5,sometime they bluffing without notification address change,1,NEGATIVE,0.9897706508636476,-1
017e1d73-b990-4340-99da-dcab8dd21025,swiggy customer service is pathetic. they don't have customer support and charge for missing items,1,NEGATIVE,0.9980277419090272,31
f33009d9-d73e-4f24-9751-9193eee2ae79,"below par experience , they didn't care about the customer i am waiting for my order at gate from 1 hour , i order for friend , now he left my home without food",1,NEGATIVE,0.9994157552719116,-1
7fd4b821-b02c-4118-99d0-fbf5490630a3,too much cross selling and confusing options. worst app it asks me to do everything than ordering food,1,NEGATIVE,0.9998154044151306,42
cc96b383-5eb1-46e0-ab88-7ac2a734b93a,the useless service is swiggy instamart's. it takes 30 minutes to tell 10 minutes.,1,NEGATIVE,0.9996870756149292,8
555c3603-b7cb-4f07-a987-d70a1accc524,"terrible experience. my order was marked as delivered even though i never received it. the delivery executive didn't answer my calls, and even ignored swiggy's support team. very disappointing service and no accountability. definitely regretting choosing swiggy.",1,NEGATIVE,0.9996838569641112,40
004611fa-88b0-47f3-9a06-f7f0c0e152f6,"i’m really disappointed with the way my order was handled. the order was placed incorrectly, but the app did not give me a fair or reasonable opportunity to cancel it. by the time i realized the mistake and tried to cancel, the cancellation option was unavailable. after some time someone call from your company and charge me a unfair fine..",1,NEGATIVE,0.9996497631072998,2
95089df1-83bd-493d-918f-a8645a008d54,"totally fake app, fake delivery time, fake delivery commitment, charging exta to delivery faster, but no delivery on time, sl guys pls avoid this fake swiggy app,they making fool to many people at the same time, totally fake n fraud",1,NEGATIVE,0.9996110796928406,-1
26649bfc-f37f-41c2-bd16-c8f88438689b,my 1st order dekhte h kesa or kya aata h phir review dungi,5,NEGATIVE,0.9671841859817504,0
b00a0af6-86eb-4039-8696-5c02e8c9cec1,"the ui is so bad, looks stressful, also full of ads, too hard to navigate quickly, too easy to just mis-click on a ad",1,NEGATIVE,0.999795377254486,1
808f2d2c-293c-4b10-9e92-84526da5935b,worst customer grievance cell no refund available zomato is far better in term of refund process and customer centric and customer satisfaction,1,NEGATIVE,0.999703586101532,13
24d3a105-2227-44e2-a083-437e5ac21867,"i had a very disappointing experience with swiggy instamart. i ordered a few items, including ice cream, but the delivery executive took almost 1 hour to deliver the order. by the time i received it, the ice cream had completely melted and was no longer in proper condition. i understand that delays can sometimes happen, but taking an hour to deliver an order containing frozen items is unacceptable. swiggy should ensure that frozen products are handled and delivered within a reasonable time.",1,NEGATIVE,0.9996254444122314,8
60d2f37a-0780-43c3-b4ff-22cd223d2090,"one part of ui is not working fine, specially the top back button and top bar",2,NEGATIVE,0.9997749924659728,-1
f0d41571-4b5c-47c7-aa86-50a3a8313448,"delivered completely stale, spoiled, and unhygienic food that was totally inedible. when i raised a complaint immediately with photos, customer support refused a refund and offered zero resolution, claiming it didn't meet their refund policy criteria. my experience was completely awful. the quality was far below expectations, and the staff/service was unhelpful and unprofessional. total waste of time and money. i definitely won't be coming back or recommending this to anyone. avoid at all costs!",5,NEGATIVE,0.9997850060462952,21
8716e093-6add-48b9-bbcb-ab87b5ab70bf,worst support and resolution by swiggy,1,NEGATIVE,0.9998143315315248,3
85516197-a94d-44de-8533-9522d1db9d41,fraud delivery boy work in this app you will order a food but you will not get that food and delivery boy will mark as delivered and when you will complain to customer service they will ask you to send an email and email people will just put some inconvenience line and not even give you back your money for thr food which you have not got....so please don't use this app......worst customer service worst delivery boys n it is not safe for women to order in night time from this app,1,NEGATIVE,0.9996949434280396,-1
e9b27b5f-4e40-4448-963a-76b0424df2a8,why cash on delivery is not available in swiggy 😡 for who doesn't have an phn pay how should they order?,3,NEGATIVE,0.9993871450424194,25
0d74b06b-4c68-47e8-b11a-614f70b73289,"the important problem with swiggy instamart and toing is they can't track location they can't read house name area name landmark or nearby places they don't know the street name or cannot ask somebody for the place they need to go so customer has to go to the mainroad to receive the order whether the customer has any problem or not it's not important, and swiggy as a much older food delivery app does not look into the matter they are only looking for the money, again their price for food is high",1,NEGATIVE,0.998498558998108,-1
eac310b2-68a6-4633-8d0e-b54182dfe881,too expensive than zepto and others,1,NEGATIVE,0.9984081387519836,23
13987cdf-22b3-4e67-9518-4c79b13bb5ba,i'm not liking this app because of i tap by mistake order option but this app is not cancelling,1,NEGATIVE,0.6063961386680603,2
2c05d554-7a75-4adb-a873-ce67f253d347,"worst experience ever. ordered at 9:05 pm with a promised 45-minute delivery. after 50 min it is still not assigned to any delivery partner, and the restaurant claimed that the food is ready for dispatch but the delivery partner has not arrived yet. i cancelled the order after waiting for 20 more min ( total 70 min). but the cancellation not accepted, but after trying 2 to 3 times the order got cancelled but they have refund the amount which i have payed. never ordering again.",1,NEGATIVE,0.9995243549346924,5
b3429729-657c-45ec-9072-cf7f6d51c822,so bad please don't install very bad ...phone got heated very bad it was going to hack my phone very very bad,1,NEGATIVE,0.9997724890708924,1
797ef433-1460-46c0-8eeb-ea8a9de2ccb2,had worst experience today. looks like their service is to scam people. uninstalled the app today and won't use it again.,1,NEGATIVE,0.9996769428253174,1
ea67315a-3808-4d0c-890a-a86c16ffa640,"swiggy use to be good but now the customer support is such a wadte of time, they will never resolve your issues.",1,NEGATIVE,0.9997921586036682,31
5a1d0f9a-6238-41ce-8bcc-dbfffae325af,worst packaging and food quality... waste of money,1,NEGATIVE,0.9997902512550354,-1
2bab26e4-ec1c-43c4-9458-ca7362c9a20c,too much costly orders high taxes on food items high cost delevery charges worst delivery app i have ever seen 😡😡,1,NEGATIVE,0.9997712969779968,35
f92c2066-5036-4e5a-9b09-cdaac83e83a4,recently i order dal makhani but i received dal fry i called customer care they did not understand poor service,1,NEGATIVE,0.9972025156021118,3
eea30fa3-645b-41cd-a64c-c4a14291b1dd,this app is a waste of money... they are digital thieves... i ordered 5 quantity biriyani but delivered only 1 quantity and when i raised a complaint they gave me a coupon which i can't apply in that same order ... it spoiled my mother's birthday... 3rd class delivery app and when i asked for my money agent disconnected the call...,1,NEGATIVE,0.9997054934501648,-1
10c4b0ad-9e3b-4615-9da5-d502c6da593e,very pathetic i ordered food and one portion of my food is missing still they charged full and didn't refund me 🤬🤬🤬🤬🤬🤬 if this this issue is not been resolved i am going consumer court,1,NEGATIVE,0.999546229839325,-1
e3971149-ff84-4dbe-9eb0-3d7e9175f9df,please make swiggy instamart deliverable at ganguly street hridaypur 700127 kolkata area. it was available at my location earlier . now showing all items are undeliverable. if you make my area deliverable by instamart then i will give 5star 🌟,1,NEGATIVE,0.993854284286499,-1
c7c399fa-7c2b-4928-ae14-e0727a34f601,"terrible customer support. first they provide service as they like. then there's no way to reach a human and tell your problem. you have to email them and they'll take 48hrs to respond. and when they respond they say they can't do anything. when asked why so, they won't respond and close the ticket. not using this app after this. thanks.",1,NEGATIVE,0.999687433242798,-1
5bf84f8e-d1e8-44f0-8fee-5797c1ca535f,"very dissapointed with swiggy support service. we ordred the food around 12:48and recieved aftet one and half hour. thats too the wrong package. we asked support to cancel the order as the delivery guy was waiting out for more than 30 mins for the payment. these.swiggy support people asked us to share the images ,which we did. the person named samir support person from swiggy claimed that it was correct order and even informing him multiple times that we didn't ordered that food. worst service",1,NEGATIVE,0.9996761083602904,6
440939d9-3441-4775-b01c-53281249c79e,the prices on swiggy are much higher compared to zomato for the same items. please look into this price difference and provide a reasonable explanation or correction.,1,NEGATIVE,0.9552828669548036,23
ec53e4da-88c8-48a3-ae4c-149d71effb05,"⭐ 0/5 — extremely disappointing experience with swiggy absolutely the worst customer support experience i have ever had. swiggy charged me a cancellation fee, but when i contacted customer support, they showed zero willingness to understand or resolve the issue. instead of helping the customer, they simply repeat their policy and close the conversation. if you can’t support your customers when there is a genuine issue, what is the point of having cus",1,NEGATIVE,0.999795138835907,31
94c68085-2bfe-4296-bce8-82496b96580e,"today i placed an order for 1 bread, 2 small bottles of favoured milk, one kg. homogenise standard milk and potatoes for re. 1/- . i placed the order due to one item for re.1-. but when the order was delivered, the potato item for re.1 was missing and the instamart chested me.",1,NEGATIVE,0.9979508519172668,-1
949ab877-0ba6-4524-b0f9-28a4a8e400bd,"swiggy insta showed delivery in 21 mins l, but the delivery took 35 mins...big basket is much better, when you are in hurry as their deliveries take no more than 12-15 mins.",1,NEGATIVE,0.982754647731781,8
f236e0d6-c361-401d-b7bf-dc38f024e5d5,all its partners restaurant return fraud.,1,NEGATIVE,0.9959261417388916,-1
0a7ee383-dc8c-4a28-a790-5218b4daa210,"support is scripted and useless. received food i couldn't eat, then spent days in an email thread going in circles - templated apologies, an unwanted coupon, and zero actual resolution. worst part: the app won't even let me delete my account because ""swiggy money is active,"" with no option to remove it. trapped in, ignored on the way out. 1 star. don't even ask me to send email again. and don't post your usual copy-paste reply asking me to ""share order details"" - ticket #29367612.",1,NEGATIVE,0.9997664093971252,15
9f6a07d3-9e3b-4fcc-b24b-07e67fa72a9f,scams andscam me back electric fan bajaj,1,NEGATIVE,0.9989094734191896,30
5fddc27e-2b40-4ff6-9a97-6b1358f906d7,customer support services is very poor,1,NEGATIVE,0.9997850060462952,3
43bd977e-e128-4617-9004-a8d8124b0ed0,fraudsters taken much of rupees and time no resolution order from other applications,1,NEGATIVE,0.9987227320671082,-1
64aeef36-19dd-4312-8048-7bd050323f22,"taking more than order gst,taxes, delivery charges etc",2,NEGATIVE,0.969087541103363,33
615513fe-1904-4d1d-9f15-291a001c0881,"good👍😊job bhaiya night after 11 p.m. and 12 p.m. khane ka price 250 hona chahie vah bhi pet bhar ke okay koi bhi kabhi bhukha nahin sona chahie baki aapka dil, or aapki soch hai",5,NEGATIVE,0.9882869124412536,0
b582969f-e320-48f2-9653-20b1a6245d65,"worst customer support , totally fraud",1,NEGATIVE,0.9998032450675964,3
2ab28781-8e4d-49aa-ba61-21a8ddccf222,always late.. price hike.. no offers,1,NEGATIVE,0.9987825751304626,4
e75b2a74-fc6e-47b6-bcd8-f473114b4501,don't order this application..it's totally scam .. they have no any delivery boy for order.we r waiting almost 2hours they not delivered my order after then they cancel . they r wasting costomer time ...not any responsibility this swiggy delivery application.,1,NEGATIVE,0.9997448325157166,-1
aa86a25b-48f7-48f6-820a-8da5d8d7b8f8,worst customer care absolute rude and so much of inconvenience talking to them!!! all the branches are worst,1,NEGATIVE,0.9998154044151306,3
62ecbc5d-e5bd-481b-b306-37d785ac0be9,refund should come fast more than 4 to 7 days that should me faster then the 24 hr that will be the best thing,4,NEGATIVE,0.9647972583770752,2
96a3b756-306e-4862-9253-67f5bd0e9846,jayda thik nahi fir bhi too thik ha,3,NEGATIVE,0.9883125424385072,0
b845702f-9c4e-4838-9801-d50526865715,worst service... very pathetic support and response. no one is ready to take any kind of responsibility of wrong order and wrong delivery. even not ready to do refund process. and it happens with me so many times. i would definitely not recommend. better you go with zomato.,1,NEGATIVE,0.9997989535331726,13
6e7f04b4-feb0-4079-a407-2005650e0a7c,"swiggy is a fraudulent app; i ordered two items but received only one, and swiggy isn't offering any help either. their service is terrible—nobody should order from this app.",1,NEGATIVE,0.9996684789657592,15
001b7b4b-c120-4310-a229-810229d7b9d6,very bad experience late night orders are the worst behaviour by the delivery partner and service centre also bad experience 😡😡,1,NEGATIVE,0.9998119473457336,-1
68478934-889c-4f0b-968a-01ae97ac3c80,worst customer care service and worst delivery etas never on time,1,NEGATIVE,0.9997859597206116,22
b6041e57-889b-4840-9644-703bbdca3cde,i will order meal a dilevery boy to sacm me please dont download this app,1,NEGATIVE,0.9875608086586,42
c5d69a13-b5f8-4482-adb5-989fc1f5d82e,very bad app (cheter) app i add five sweet on my chart and paymant and four will come,1,NEGATIVE,0.9993707537651062,1
3bf9f4bb-9d0b-475a-8e26-05ef13a0434c,"one the recent experiences have been extremely bad. i had ordered food in godhra, the delivery partner was alloted, but food wasn't delivered even after one and half hour though it was supposed to reach within 40 minutes at max. the delivery time was shown as 4-5 minutes from about 30 minutes and delivery partner did not respond at all. this has happened twice. today on 9th aug, good was not delivered at all. total unprofessional attitude from delivery partner named jigar h vanzara, he didn't..",1,NEGATIVE,0.9992315769195556,5
bcc08052-be95-4464-88d0-4de01531f34a,"maine 11.15ko chicken biryani order kiya 12 baje mereko response araha hai kii delivery boy khana chori kardiya or phone switch off kardiya ye site pe khana order mat karo poor service,and delivery boy to chor hai",1,NEGATIVE,0.9978260397911072,0
3fde2beb-1b30-46d1-8745-c1de2f0b28f8,charges are compare to other app,3,NEGATIVE,0.7156326770782471,27
49b0a711-e5c9-4fe7-b297-051eb13c3c38,i ordered blue edition kinder joy spider man edition and they delivered me pink edition kinder joy and when i am go for complain at customer care there is no support very bad experience,1,NEGATIVE,0.9940525889396667,-1
6364bd39-18ca-4315-b1b3-a8651e219bc4,"swiggy service is very bad, i will never order again from swiggy",1,NEGATIVE,0.9996981620788574,26
f355c700-09c5-4ed4-a901-209f5724b674,one of the most unstable pain to use apps ever.,1,NEGATIVE,0.9956678152084352,1
a1ec719b-5fee-4c2b-aa16-c453b2ad8f2a,vary bad app for costumer dealing,1,NEGATIVE,0.9984822869300842,1
f243deff-2aab-4333-bdf7-0e10e41e757f,"we placed one order but they delivered in two orders and quantity of food is also bad after payment they are saying that we didn't pay we showed the screenshot also they were not listening and arguing with us they cancelled or order food is bad this app swiggy is not good, be aware of these frauds and spammers de aware of these spammers and swiggy is a waste app they asked for payment twice and cancelled the order",1,NEGATIVE,0.999783217906952,32
fef1985c-7b7c-419f-b415-23b91cdbf137,"kfc's service is very bad and no one is willing to take responsibility for this and this doesn't happen once, this always happens with kfc",1,NEGATIVE,0.9994745850563048,24
ea859388-5715-4b38-9154-06d497131418,"i have a small request for everyone across india: don't place any orders on swiggy. it's the most fraudulent company, and all the deals on it are completely fake. so, please don't place any orders on such platforms. this app is a very fraudulent company. a very fraudulent company, a very fraudulent one!",1,NEGATIVE,0.999582588672638,-1
18e19c20-2095-4ed7-817a-020aee0035b3,"instamart customer service is really very poor. most of the time, items are missing but instamart don't investigate or resolve. the worst part is they do it repeatedly these days.",1,NEGATIVE,0.999793827533722,16
570117ec-9695-46be-b886-939f75d1c6c6,swiggy g.o.a.t for food delivery,5,NEGATIVE,0.9990153312683104,-1
4b92504e-dce0-43f6-b12a-4b2aa8ccfa40,"we shouldn't use this ,.most of the time fake",1,NEGATIVE,0.999538779258728,-1
e50bcbcd-1044-45dd-bd25-990c33134f08,cash on delivery option hi nhi aata bakwas app h,1,NEGATIVE,0.9895658493041992,25
09c4b077-6a01-464b-95d2-bfb86674cb6b,worst customer service go for zomato or any other app,1,NEGATIVE,0.9997995495796204,29
a6d1a05d-324e-41ec-9364-712719e5cade,inflated prices to provide discounts cheaper to dine in,1,NEGATIVE,0.9995498061180116,-1
8fafbe29-3da5-4a77-a845-ac5a59fca1f5,i have a special coupon from you swiggy you give to me,5,NEGATIVE,0.9398856163024902,11
25cba667-dfef-4457-811e-6d7b92ff785d,"ordered from swiggy, resturant denied pickup to rapido delivery agent. no action on resturant taken. i was waiting for order for 60 min.",1,NEGATIVE,0.9975060820579528,8
ececfe30-8bb8-48f4-8697-147571c79b2f,swiggy customer support number kya hai apka. worst app.,1,NEGATIVE,0.999805510044098,-1
97dacab0-5345-4029-92ed-6050c5e10f6a,"worst customer support, when food spilled during delivery, will get 20% refund only, zomato is far superior to this swiggy",1,NEGATIVE,0.9993686079978944,13
dee979ff-2361-4ee3-b6a8-d1394f95f364,they are never on time. their delivery agents are not trust worthy. my food got stolen on its way.,1,NEGATIVE,0.9997172951698304,5
248d22e1-e7d8-498f-aa94-16a24aa8131e,very bad not good delevery on time and items missing,1,NEGATIVE,0.9997794032096864,43
fd43fdea-bac0-4ad9-ba06-d70ff0ca41fa,horrible service ... delivery delayed by 2 hours .. and not even refunding the money,1,NEGATIVE,0.99979168176651,-1
02efd7c7-3626-4a32-8cca-241f7c7fa1b2,very bad experience inse order karo to all time delivery partner natak karta hai kabhi time pe nhi ata h.. or kahiyo baar mera delivery cancel ya late hua h or ab to in logo se bich raste me lene jana padta h kyoki ye log a hi nhi pate to meri request agar aap dur ke order nhi le sakte to aap cancel kar diya kare faltu coustomer ko bethaje mat rakhe very bad swiggy,4,NEGATIVE,0.9997889399528505,0
9d5633cd-49ec-4eb2-a210-e81fd50141ba,getting order delayed for last 3 orders.,1,NEGATIVE,0.9903573393821716,4
8c9b392d-49bb-4ddc-8bcd-5b4be02cf225,"using swiggy was good in the beginning, but now we get very little quantity of food at high prices. when we buy food from places that charge a lot, we get the quantity we would get from roadside stalls. the truth is that for food that costs around three hundred rupees, there isn't even the quantity of one hundred rupees. because of this, your service is getting very bad. there are many other food services now, and even better services will come, and then all this will backfire. before that happe",1,NEGATIVE,0.9996649026870728,45
ae6f85cb-95df-4273-a2dc-de97b4a1f887,while paying around 200 was added for no reason.,1,NEGATIVE,0.9996236562728882,33
e2bc32a5-bac0-4eb3-abbb-64f7066ac9a0,your service very slow very bad,1,NEGATIVE,0.9998080134391784,3
734b6211-232f-4776-9bd2-22e753218b3d,"very bad experience, not once but so many times. order is always delayed. tales double time than what is displayed. and their customer executives don't take the responsibility for order delays. no refund for delayed delivery. don't use uninstall the app",1,NEGATIVE,0.9991616010665894,-1
1e52c764-ff5b-4d49-a070-5222010d4eef,this app is the worst app for delivery my first order takes 1 hr 30 minutes to get ready,1,NEGATIVE,0.999809205532074,34
87d07e2f-ac55-487f-a140-f745f87c08b2,late delivery bad delivery system.9 mins from past 15 mins over it showing 10 mins only,1,NEGATIVE,0.9994502663612366,4
e614f937-4bc1-4d5d-90a3-6a01c3451deb,discount on my sbi platinum card not received,2,NEGATIVE,0.9946244359016418,14
71063c0b-5ee2-4593-aac4-c9a8dea0728b,day by day the experience is just getting worse like almost waiting period is 1 hour 30 min to get delivery from 2 km far restaurant. they assign delivery partner late and sometimes they have not even assign a delivery partner and cancel my food i have also done call from restaurant they told me that not a single delivery partner has came.,1,NEGATIVE,0.9994205236434937,-1
305a3c85-ed07-422b-95bc-25a20b2e46be,ypur service is totally bed or rubbish,1,NEGATIVE,0.999354898929596,-1
3e49e4cb-3316-419f-85b8-188bce6f19c0,worst app.. it shows 1rs deal on some fixed amount of cart.. but the items are never added to cart .. i have tried with all my numbers. that offer seems misleading only,1,NEGATIVE,0.9996015429496764,-1
2e64c4ee-1253-4b4a-b1f0-35cedd5b5011,very bad delivery experience and also refund not given by swiggy when cancel order after initiating cancellation ticket just 2 minute after ordering.. also swiggy customer care executive say that please collect order otherwise refund not given.. swiggy app not update cash on delivery order and then after i ordeed pay online,1,NEGATIVE,0.9994217157363892,9
1aad32bc-2be2-4588-844f-825813154c35,worst app ever they deliver your food late worst customer support,1,NEGATIVE,0.9997956156730652,10
1f199cc6-e84e-46a6-afa1-32859732dbd4,worst app always tries to fool customers saying on time. reality is completely different.,1,NEGATIVE,0.9928799271583556,1
ace9d64a-8382-47e7-a0cf-107d7f3067b5,i have pay delevery expanse extra but late delivery .,1,NEGATIVE,0.9953919649124146,4
bbbfde71-df99-4c6f-9cd8-39192f1ebb53,the charges have burst through the limit. the difference of an order at a restaurant and through swiggy for a single person's meal is now 200+. that makes double the price. even for a group of 4 the diff is about 600. i have stopped using swiggy for months. lots of spare money for that additional sweet now!,1,NEGATIVE,0.9950696229934692,45
70d4441f-724b-46a3-87ad-0009f1f82cff,"swiggy is fake! nowadays, just a gimmick continuously giving notification about offers and in my city they're showing 70% off upto 120-140rs but when you apply it, it says items are not eligible for this discount even when i'm selecting non-discounted products. clearly that's just a gimmick to attract customers because i've tried it a 10times with alot of restaurants, they call it delulu4food coupon! this is so frustrating that it made me delete my account! also you cant chat with customer care!",1,NEGATIVE,0.9995715022087096,11
21048d8b-ed17-4c8d-9cb7-4099e26c0e1f,"worst app, annoying algorithm, worst support. i have thought many times to let go but today finally i am uninstalling this app & that's the best thing i'm gonna do today.",1,NEGATIVE,0.9965634942054749,1
c4ee1e85-ad61-405e-9959-737d22ceef1e,delivery time longer than showing @ordering,1,NEGATIVE,0.9967592358589172,4
ea3cf927-59fe-4d9c-a04c-b167ff471040,"worst app ordered food from a resturant which had housefly in that , and when i tried to report the complaint they said will respond on mail after 6-8 hours , what sort of service is this if the problem with the food is right now , how does it make sense to respond after 6 hours , people are spending money to order food here with trust and this is the type of service they are providing , pathetic!!! and they have taken out customer support number too . better not to order from here",1,NEGATIVE,0.9997370839118958,-1
1a4d3a2d-20ff-454d-a78b-76a9e673899c,"there are already a lot of extra charges, so reduce the delivery charges",4,NEGATIVE,0.9978031516075134,17
c1b5a320-3168-4a11-ab7a-67b46b6eb7ea,"worst app to be used to tier 3 and 4 cities, worst customer service, they do not know how to talk to a frustrated customer, even swiggy shows 40 min delivery but food arrives after 1hr and 30 mins, even after food artival it wouldnt be packed properly, anything could happen to thefood, delivery agent can add something because we call him asking about food..i would urge people not to use swiggy in tier 3 and 4 cities",1,NEGATIVE,0.9996488094329834,-1
9a2fbfd3-6a0c-4789-8e3f-f1baeab177c3,order let time recieve costumer this is biggest problem,1,NEGATIVE,0.9995294809341432,43
b589383d-92db-45b3-8f78-e80cb1221dbc,very poor experience. they deliver you the bad quality product and if you raise the concern they will offer a 50% refund. means they are selling the bad quality items at 50% discount,1,NEGATIVE,0.9997009038925172,-1
df84d394-7c67-4bcf-896a-f1428cd513b8,app overall is good but it has always been noticed whenever order something delivery guy never contact me the customer most of the time i personally have to check if order has arrived or not and even when i tried to contact them it always go blank really disappointed with the service,2,NEGATIVE,0.995342254638672,-1
8ab95f76-ceee-4a92-bb70-256744f1112a,"⭐ 1 star the prices are much higher than the normal market price. the additional charges make the food unnecessarily expensive. i understand that delivery may have extra fees, but the overall pricing feels unreasonable. please review your pricing and charges.",1,NEGATIVE,0.9969301819801332,35
4194fb7c-8006-445a-8060-4f5a90a12f61,pathetic app after even mishappening by them they don't initiate a refund it's a waste of money.,1,NEGATIVE,0.9994756579399108,7
d6bf4afc-a0c4-4369-92f5-6797040d3a29,swiggy for easy food orders on your hand any time,5,NEGATIVE,0.9906973838806152,-1
5ddf4aae-8833-47a2-9937-b91f7aa2ac3d,pathetic at handling customer service and complaints,2,NEGATIVE,0.9997785687446594,3
f28e9d25-f12e-49bc-9ee5-30e672f18834,pathetic! no resolution to my issue and closed the chat.. now i cant even chat again..,1,NEGATIVE,0.999788224697113,12
61b93207-8af5-45d8-9ba1-deb75624a546,"this is an extremely disappointing and unacceptable customer experience with swiggy. i placed an order through swiggy and had already made the full payment. it took approximately one hour for the order to be delivered, and when it finally arrived, i was given a completely different and unrelated order instead of the order i had actually placed. i immediately tried to contact swiggy customer support, but instead of resolving the issue, i was made to wait for almost another hour.",1,NEGATIVE,0.9997989535331726,-1
ee64cf10-e4fc-4756-afb2-ea6467f492aa,not a good service and bad response by customer care,1,NEGATIVE,0.999737560749054,3
4ecd55c2-940c-41d3-a480-6e8f9f514e9d,swiggy boy give me half plateparssal and take full plate amount,2,NEGATIVE,0.8685017228126526,6
84fb0de1-09e9-4ce2-9b77-7fe75348af61,"worst app not showing payment methods, forcing to open its upi 🤮",1,NEGATIVE,0.9997320771217346,-1
69b349bc-dc17-409c-b2a7-350d2f5b2d26,"sbi dc offer can't use. during payment it says your cart value hasbeen updated but during other method of payment it paid. so, offer is only for shows not to use",1,NEGATIVE,0.9862504005432128,14
4522791d-223f-43b1-8489-f5f349068aec,"extremely disappointed in swiggy, didn't deliver my product, and when i complained about it, they couldn't proceed with the issue handling as it was too late. i just wonder how my item got missing. thankfully, i will no longer be using this app,there are many better alternatives in the market.",1,NEGATIVE,0.999427318572998,15
f4df2e60-1a6b-4c61-ad7d-a94d47c541a1,delivery and hidden extra charges are a problem,3,NEGATIVE,0.9990363121032716,17
95381824-6bad-46fe-bf1a-bfeea259159a,worest i ordered food amount was deducted but order failed it's been more than 24 hours still i didn't got refund,1,NEGATIVE,0.9959421753883362,-1
99d8d7f5-65cb-42e6-b949-c3d026b3d25c,"pathetic support. they send you cake full of ant, after that no response on email, no connectivity on support.",1,NEGATIVE,0.9996856451034546,-1
b5c7aa1c-a5b5-43ae-b25a-208f54f27e93,"my first ever experience on swiggy, and it was terrible. they don't have an appropriate grievance redressal machenism, they keep assigning an ai assistant which is useless. i made an order which was spoiled and had a foul smell and very bad taste. i tried a lot to seek assistance regarding the issue but it felt useless, i didn't get anything in return. there is no option to review/rate the products we order. there is no refund policy for such experiences from any authority, such a waste of money",1,NEGATIVE,0.9997846484184264,-1
f3d5e172-b5d5-41d8-ab32-85224cb29e5d,worst app... at first they promise you that the food will get delivered on time and then you will receive the order and hour later and on top of that the food will be cold and wet and you won't even get any kind of assistance from them ...,1,NEGATIVE,0.9998183846473694,10
3d4f874e-c82a-475e-a5f1-3819261f1b95,my coupon that i got after purchase was removed although its expiry date was not yet passed.,1,NEGATIVE,0.9980873465538024,14
a7ecc55c-8f98-4994-8a24-11989b346408,"if your order has missing item, then it's customer who has to pay the fine. horrible service from swiggy.",1,NEGATIVE,0.999585211277008,-1
a28af6a8-a17d-4412-ae6a-00e99d94bce4,"my cancel order money is not given back. swiggy 4.5 rating is fake rating, 1 star is perfect for you",1,NEGATIVE,0.5738371014595032,9
98657dcd-1455-4cbb-920e-925f25be53a0,i was using swiggy from 2 years nowadays they are doing fraudulent activities yesterday i was ordered 4 things but 2 things came they are not giving refund instead that are offering coupon worth of 50 percent of product excluding gst that also valid for 7 days ok i have leaved that issue .today i was selected 3 rolls of 99 per piece but at last bill amount showed 230 rs i was happy i thought yesterday coupon is redeemed but after order deliverd it was only 1 roll and i have checked from the orde,1,NEGATIVE,0.9896480441093444,11
c363710a-8893-4915-b7e3-140c9c75730e,bad experience i ordered mango fruit they gave me raw mango 😡 never order again 🤬🤬,1,NEGATIVE,0.9952887296676636,-1
8748a8a8-85c3-491a-a934-6d126f311a20,absolutely pathetic customer service. the most irritating service is their chat bot and after that they deliver stale food and would say please drop an email and we shall look into it. not the first time as this has been happening quite frequently now. their support is so bad that bot and human both are using standard templates to respond and keep wasting time. pathetic app and horrible customer service,1,NEGATIVE,0.9998010993003844,-1
ceac72a2-d101-42bd-ae14-20d20d7bd64d,"very poor app i ordered 100ml of face wash but i only got 75 ml it's a scam, really it's a scam i never order again anything from this app.",1,NEGATIVE,0.9989022016525269,7
74b944a5-463a-4ab2-87b4-3de69f265c37,"worst servic.. i didn't get food delivered properly, when i checked no proper response",1,NEGATIVE,0.9998052716255188,24
d0fca3a4-49f7-4401-b912-7352fcee5950,they are pathetic and a bunch of cheats,1,NEGATIVE,0.9996472597122192,3
43154b28-87f8-4c88-be92-3911f523ddde,received expired product from insta mart and when u reach out for help tge bot just says wont be able to help now (5th time now i have received expired peoduct),1,NEGATIVE,0.998143196105957,38
1588f711-c3e1-4929-9312-6750ebddb654,unnecessarily cancelling my order themselves and if i want to cancel any order i can't.,1,NEGATIVE,0.9996758699417114,2
3d77b13c-dcb3-4cb3-b599-f1caef150ebf,worstest app i ever seen..!!poor quality with zero taste🤮,2,NEGATIVE,0.9997952580451964,1
b0bd3ea8-650f-4ff9-8e0a-fbf3efe4beda,"zomato is better as this app delays your food, does not have a proper customer service structure, and calling them is ineffective as the people you speak to do not have the authority to resolve issues. you cannot speak to a supervisor as they are not always available. all they want you to do is email them, which is unacceptable.",1,NEGATIVE,0.9998008608818054,29
e21b8b2a-5d81-4505-8427-bf34c36a5586,customer support is pathetic. my order was incorrectly delivered without bill. unfair resolution was provided by customer support that after waiting for a long time.,1,NEGATIVE,0.9997339844703674,48
4c0e0396-365d-46fe-9bbd-a4cce75bafdf,after adding an items to the cart apply card coupon it apply but then show error and funnything without coupon with same card goes to payment page what type of fraud you are,1,NEGATIVE,0.996879816055298,14
4dfcca04-3a8a-4e9a-8f69-871fc0ebb0a3,my experience with swiggy is very bad. after many cooking instructions they never take that seriously and do not work on them. i ordered some food from swiggy with no spice instructions it was also called a restaurant and the restaurant regarding this and they never work on this. and charged very much for such spicy food.,1,NEGATIVE,0.9995492100715636,6
4ecda922-1953-4c08-8ca8-3654373fddb4,very nice app swiggy zomato not worth,5,NEGATIVE,0.9815975427627563,23
332ff80e-c314-4413-b001-00e358e457d7,worst experience ever had!!! and bunch of scammers i got scammed for like ₹900 yesterday my order got cancelled for no reason and i didn't got any refund yet its been 24-48 hrs also there's not a official phone number to reach out and the bot on the app always closes ticket for no reason. not recommended!!! scammer alert!!! also no response on mail after 48 hrs,1,NEGATIVE,0.9996531009674072,-1
5292b785-4b75-4d09-bd8e-2f406312f64d,more than 80% of the time they show expected time 30min and delivery it so late by 1-2 hr. and they say grouping orders and with their tax how can they be so irresponsible with delivery time.,1,NEGATIVE,0.9973145127296448,4
3692da92-ba42-418e-827e-00d898473451,"0 points on customer service , i have faced the same delivery issue 3 times where the delivery partner just never delivers the order and they don't let me cancel my order until 1 hour has passed , disappointed better to order from zomato",1,NEGATIVE,0.9968460202217102,13
20a2a343-13ce-4629-ac0a-1008eb6ea9bd,let me change my review ...i don't know why it has such a huge platform charges... like i am paying extra for food chains then 110 that too extra for ordering from swiggy .... bro ur platform has raised too much taxes or platform charges ... never going to order from the platform,1,NEGATIVE,0.9995614886283876,-1
abd70f50-2401-4544-a897-f4a077b37ead,"this is a highly unprofessional, unethical, and disrespectful scam brand",1,NEGATIVE,0.999675154685974,30
05d9b2fa-b859-426b-b80d-645698398db5,instamart facility is getting worse day by day...,2,NEGATIVE,0.999749720096588,16
b765cfaf-668d-4652-b737-81059c62b710,worst service they providing.if we have any issue about order they dont have customer care num also.dont install app,1,NEGATIVE,0.9998063445091248,1
983d17c3-423e-4487-9933-8af429063000,swiggy's quality has degraded i received an expired product seriously....they gave me the refund but they should also give option of exchange cuz what do i do with the expired product now?? not buying again from swiggy....poor experience has happened twice,1,NEGATIVE,0.9994863271713256,38
a2354aac-242f-4567-8aba-a603b065f05f,not give refund back after 2 missing item,1,NEGATIVE,0.996135711669922,2
68bd88a4-f714-4646-8dba-7ae50c021cba,veri good food at the cheap price from this app,5,NEGATIVE,0.9811280965805054,10
5ec3bd69-9150-4bd7-9691-bff08c2b365e,very delay you don't have a delivery person then why taken the order,1,NEGATIVE,0.998457670211792,4
b95eb4c4-26e5-487d-a7f9-6e8a6ccbcf3f,"very bad delivery experience i ordered groceries from swiggy instamart for ₹778, but the delivery partner called me and said that the amount was ₹782. when i questioned him about the difference, he spoke to me very rudely and disrespectfully. he also clearly said that he would not come inside the lane to deliver the order. the ₹4 difference is not the main issue; the real problem is the delivery partner’s rude and unprofessional behaviour towards a customer. this is completely unacceptable. i re",1,NEGATIVE,0.9993577599525452,40
4a3d7f0f-1186-4fb7-9789-9d7b18e7919a,"very greedy app. ordered the same food on swiggy and zomato from same hotel. swiggy - packing charges 40, platform fee with gst 17. again a tax -gst not tax? 65 rs. zomato platform fee 14 gst 29. gold and one active on both platforms . zomato delivered food at 12.20 while swiggy still didn't assign a delivery partner. zomato order placed afterwards already reched me. while this one still on wait. noticed the tax is very high and random. that made me check this. now time is 1.30 placed @12pm.",1,NEGATIVE,0.9972448348999025,-1
15826826-9236-4f70-b321-c1030aae7edc,swiggy is becoming one of the worst food delivery app. i ordered meals from a restaurant with a 20 minutes of eta. now it has been almost 45 mins.. and the worst part is that it's showing a 10 minutes of eta for approximately 20 mins,1,NEGATIVE,0.9998020529747008,8
32e77155-d311-4c47-9548-046000b5e2f2,"the extra text visible in the image is: bill details item total — ₹275.00 ₹200.00 handling fee — ₹12.53 ₹10.01 delivery partner tip — add a tip one delivery partner fee — ₹16.00 free high demand surge fee — ₹30.00 add items worth ₹199 to avoid surge fee gst and charges — ₹5.40 to pay — ₹338.93 ₹245 see how they are looting, boycott it. why should i waste extra money",2,NEGATIVE,0.9979447722434998,37
38d2a8d8-076e-4d75-990d-6855087d270e,nowadays the services are worst,1,NEGATIVE,0.9998100399971008,3
50d5b090-aa52-4439-b569-75d413ce76d4,ethu pole oombiya app service bhayanhara mosham,1,NEGATIVE,0.9813410043716432,0
2e5e4836-cc92-44ea-a97b-1d4bdade3758,"sick of the service, and it stopped too low even after charging handling fee.. installing the app now.. be aware fellow users.. they promise handling fee, quick delivery fee etc etc.. 20 mins promise time and take 1hr.. recorded the conversation, approaching consumer court",1,NEGATIVE,0.999212384223938,-1
09ff8415-58da-49fd-b7d1-9c8595e90712,to day also too much late 3 km distance take 1:30 minutes still not delivered,1,NEGATIVE,0.9944086670875548,-1
6833b86f-c382-44d9-a23c-534d9151cab4,over rated and tasteless hotel have high fake reviews near by location is not showing,1,NEGATIVE,0.9994708895683287,-1
efd90615-236b-4eec-8ccb-4e67a203b84c,"today i wanted to order paneer and price was rs. 101, i got happy as delivery is free above rs. 99. but when i saw my final bill, it was. rs. 110. handling charges was levied rs. 10. this is called dark pattern. just swiggy was chaged by rs. 5 lacs penalty to use this dark pattern. but still this loot is going on.",1,NEGATIVE,0.9923456311225892,-1
b3b2e1ee-a739-46e6-a0c2-ab7ef5be2626,very poor in service and cost is high,1,NEGATIVE,0.9997501969337464,3
1e731ebb-abe6-410a-a714-fb12dfe43d46,"glitches, threatening support & food waste swiggy double ordered my item due to an app glitch and automatically converted the duplicate to cod without my consent. when i refused the unauthorized food, support rudely threatened to penalize my future orders instead of fixing their technical fault. beyond shifting financial liability to customers, forcing duplicate orders causes zero accountability food wastage. paying platform fees for forced errors and hostile service is unacceptable.",1,NEGATIVE,0.9997206330299376,32
5e1ea95c-884e-4559-bf22-5095f172c2ca,biryani is good but lot of potatoes which is lower the real biryani test. one or half is ok.,4,NEGATIVE,0.6310088038444519,-1
abf95197-438d-4b28-b891-59e90e958d18,complete fraud app.there is no proper customer support...11 plates ordered and restaurant provides one plate .entire day goes in arranging for resolution and begging customer support to call back,1,NEGATIVE,0.9989880919456482,-1
ae60469a-ac02-40a0-9cad-78cc922b2d7f,paid extra money for bolt. it took very long for delivery,1,NEGATIVE,0.9987934827804564,-1
eeeea720-86c1-4ce1-9312-fc834abbd66b,"terrible experience! zero cancellation options & trapped by useless ai support with no humans. delivery takes a full hour for a restaurant just 20 minutes away. they take your money and leave you completely stranded. uninstalling this garbage app right away. if i could give 0 stars, i would. anti-consumer platform!",1,NEGATIVE,0.9995865225791932,-1
2a6acbc8-ce6a-49aa-a1b8-03512ffc154e,for some reason after applying a coupon the app says your cart total may have been refreshed and doesn't let me proceed with the payment but the cart total is already updated,1,NEGATIVE,0.989279568195343,14
bc34bc7e-801e-4add-b391-4d27015ed212,i don't receive parcel but it is showing that the food is delivered. it's happening with me for the 2nd time. please take some action. delivery boy is not receiving call of anyone. please punished the delivery boy otherwise he will do same thing with other people. this app is very fraud. they don't help customers and if we want to contact they don't receive any call. please don't order food from this app.,1,NEGATIVE,0.9971336126327516,-1
d60cab14-5731-43bf-8f62-9edbd5b56c40,"i have given a 0 rating for your support. the customer service experience was very disappointing. despite my efforts to seek assistance, the issue was not resolved satisfactorily. this is the worst customer service support i have experienced. please take this feedback seriously and improve your service. please do not send any further reply emails regarding this concern. i am extremely disappointed with the customer service support provided, as my issue has still not been properly addressed.",1,NEGATIVE,0.9997628331184388,-1
d72663dd-df87-4242-b6b9-16a4747a623a,"it showed me before checkout that i have got 210 rupees offer on a biriyani, which was for me at 39 rupees, then while checking out, it showed me the bill of 156. then i tried to cancel this order, they said that it can't be cancelled. and then comes the most horrible part, after cancellation i have to pay 156 rupees as a penalty!!! what's the crime, i just believed, what they showed before checking out. this is totally fraud, swiggy, i never expected this from you. shame on you.",1,NEGATIVE,0.9974154233932496,9
97b30cf0-27f3-4b2f-8a06-7d2becceb609,pathetic customer service and pathetic restaurants have been listed,1,NEGATIVE,0.9997768998146056,-1
082de0ff-e207-44a9-8998-0a657e503873,3rd class platform show offer but not applied,1,NEGATIVE,0.978379487991333,36
95de10ab-e0f5-4eab-ba9f-37fc18a31227,swiggy is completely waste. it never resolved any consumer complaints. simply time pass they do and waste our time. i strongly recommend not to use swiggy if you have to eat with peace of mind,1,NEGATIVE,0.9998088479042052,-1
2de0efac-0e11-40e4-a6e6-9cd085854af2,"they use a dumb ai chatbot for customer support, that can't even comprehend simple instructions and queries.",1,NEGATIVE,0.999813973903656,12
8432d6c0-fdc7-4e82-bfe4-6d2dad51db52,"order delivered , but delayed most of the time, no proper resolution was provided.",2,NEGATIVE,0.9994839429855348,4
de341cb6-f56c-4140-9fcb-381870d8c277,worst service.. everytime they ll give you some excuse for refund ..i don't use this app anymore. they thief's,1,NEGATIVE,0.9998080134391784,1
3a47f163-bce4-42e7-ae55-7a170d941e43,"🛑🛑🛑🛑very dad experience.,. return policy is frustrating.... partner restaurant like box8 desi meal are horrible.... dont relly on this app ... its been 3 days still food not delivered and no refund and app is showing wait for 2 minutes 🛑🛑🛑🛑",1,NEGATIVE,0.9993972778320312,44
c0ab9d53-9d54-491b-b20b-ca39bfc21246,absolute cheating company with irresponsible customer support,1,NEGATIVE,0.9994716048240662,3
551dd0a9-4553-4140-b953-55f665f49cca,has been an year but still can't fix file upload bug on instamart. instamart doesn't upload photos from gallery. keeps crashing,1,NEGATIVE,0.9988999366760254,20
6db0d599-d46e-426b-86b1-a0074a5fe792,instamart: don't buy meat in this app all are old product. if you are going to complain about it they are not responding properly the agent does not help,1,NEGATIVE,0.9987395405769348,16
17eba3c1-6c68-4907-9ded-0682648ab052,i wanted to order an item but it cost me a lot of money.why did i have to pay an extra thirty rupees for the item i bought without paying the price?,1,NEGATIVE,0.9983150959014891,37
43b5a497-2d38-4fe5-b576-bac98e60e99f,fully fraud company and eatfit world record maker in fraud.. no delivered pre paid food.. pathetic horrible customer service,1,NEGATIVE,0.9996089339256288,-1
bd451745-a487-4b04-b797-a788c1965efe,recently this app crashes whenever we try to track the order.,3,NEGATIVE,0.9997381567955016,20
1e4d9542-ba25-474c-ae23-8c6b6aba9f49,"first of all the ui is very cluttered nobody can understand anything properly, app asked me my current location it caught it and saved as my current address till this it was good but then this was my 1st order on swiggy and it was a bad experience. i placed an order and realized , swiggy by default took my home address infact it shown on top left my current address at that time . i cancelled it within 2 minutes of payment.it was cash on delivery but still they are now charging us for next order",1,NEGATIVE,0.9995912909507751,-1
1e5d8567-6d09-44ce-8aab-9484a3733418,"i ordered 2 items from a restaurant, and app asked me to edit because one of the item originally listed wasn't available, so i edited and app said no extra charges, but while taking delivery, delivery agent took rs.50 extra from me bcz app was showing rs50 unpaid, and he wouldn't give me my food till i paid 50 extra, editing order was not from my mistake, and when i reached to help centre, they were absolutely of no help, pathetic app, pathetic service, ordered paneer biriyani recd paneer fried.",1,NEGATIVE,0.9979958534240724,-1
8cbddbc9-7213-4668-905f-6728d7cd0141,sends all spoils item and customer care won't even respond,1,NEGATIVE,0.9993600249290466,-1
18f0cb64-c2f3-4829-9551-de35e6a73e53,"now there is no way to talk to a human when you need them the chatbots straight up reject the request to connect to an agent, but they can connect with you whenever they want to. anyways if you have a problem with your order you either wait indefinitely or you pay the 100% cancellation fee. as a bonus service if you refuse the order they will cancel the order and put the amount as still payable and prevent you from deleting the account, where they have pushed me 4 times in just past 12 months.",1,NEGATIVE,0.998905062675476,-1
47053ea8-6232-4e0e-8d68-9ac0a8c3edc7,worst experience in swiggy every time i order i don't receive the order from swiggy,1,NEGATIVE,0.9997056126594543,-1
13220bb7-545e-45da-bc17-1548eb2c12e7,"i don't know how this swiggy app got 4.5 rating, i was waiting for my food more than 2hrs, had chat on coustomer support they said still we waiting for delivery partner.. so why swiggy accept my food order? if nobody want to do a job as a delivery partner for swiggy, i'm soo disappointed today, at least i got my refund this time",1,NEGATIVE,0.9992350339889526,-1
50cb94fd-2644-4ff7-97e8-1033a5367999,worst service.i placed a order.in the app it shows 45 minutes for the delivery.after their promised time also over still it didn't find me a delivery partner.still in the track screen it showing 15 minutes with no delivery partner assigned.as i am frustrated i want to cancel the order.but that option was not given to me.only food is already prepared it get waste they are saying with an ai bot..with that ai bot i had chat conversation about 1 hr to connect with customer support executive. waste,1,NEGATIVE,0.9994608759880066,-1
6e6a8825-08e1-4467-adad-4785bdc965c2,it's too late to food deliver worst service,1,NEGATIVE,0.9997969269752502,24
c4727b63-58c2-410e-b0af-b41364bbfed4,bahot ho near app . partners are not good,1,NEGATIVE,0.9997757077217102,1
5a825ea6-fe27-4e74-ae0a-ad87ca3e9017,"actually horrible, been waiting on my order for two hours and i have some ai bot giving me the same message again and again and it can't cancel or refund me, neither can it connect me to a customer support is swiggy about to go bankrupt why can i not get any support??",1,NEGATIVE,0.9990654587745668,9
f2123aae-a17b-4230-a348-04b737071cb5,"your customer support is pathetic? you guys just go by the book, have zero concerns for individual cases even though if one has orders regularly using your app, this was the last time i am using this app",1,NEGATIVE,0.9996755123138428,1
843ebe00-b3fb-44d2-8369-8af76d70499f,"my first ever experience on swiggy, and it was terrible. they don't have an appropriate grievance redressal mechanism, they keep assigning an ai assistant which is useless. i made an order which was spoiled and had a foul smell and very bad taste. i tried a lot to place my grievance but it felt useless, i didn't get my money back. there is no option to review/rate the products we order. there is no refund policy for such experiences from any authority , such a waste of money. useless app.",1,NEGATIVE,0.9998019337654114,-1
ddb52050-6e10-44f5-afe7-a0752edc8653,third class application just like froud and customer care only talk with you but can't solve your problem this is worst application ever i have use,1,NEGATIVE,0.9997103810310364,1
6f8dfd08-4eaf-4003-84d9-926c36a50e26,2 burger 700 ke jis ka praic hai 160 war swiggy,1,NEGATIVE,0.994679868221283,0
920f35a7-278c-46a1-a6b4-3e5d596cf363,"i placed an order for kfc at midnight. the order was placed successfully and i got confirmation. but after an hour, i got no response when calling the outlet. the number was not valid. i tried reaching the outlet number from google maps, where it shows that the outlet is closed. it too didn't work. now, i am trying to cancel the order, but i can't. and i am being informed that cancelling the order will cost me. i have used swiggy before, and this has never happened before.",2,NEGATIVE,0.9996720552444458,2
69bd70d5-e7a8-4044-acb0-419c4d7288ef,waste app they dint even have inof delivery partner they taking longer time then zomato so plz shift to zomato,1,NEGATIVE,0.9995183944702148,-1
2ce9c85c-67bf-446c-8377-f3f4c04926a2,"has anyone else noticed how u never get hot or even warm food from swiggy anymore?. every order gets late and it's not the delivery partner's fault as they are waiting for multiple orders. even when u pay extra for priority order, the delivery partner still needs to collect multiple orders from a single store.",1,NEGATIVE,0.9944394826889038,5
6e45d0e9-0ff8-42af-beff-4b189f00725a,third class service and very bad support team disgusting experience,1,NEGATIVE,0.9997808337211608,3
793e0e92-99da-44c0-801d-4af604af88bd,"very disappointing experience with swiggy. i ordered a pizza, and within 5 minutes i noticed there was an offer available, so i placed another order using the offer. unfortunately, the first order was not cancellable. when both orders arrived, i refused the first order, but the delivery partner told me that i had to accept both orders. i then contacted swiggy customer support, and the executive clearly told me to accept both orders and assured me that a refund would be processed",1,NEGATIVE,0.9849971532821656,8
0aa2e524-c239-462a-9e92-5246b8b53565,better go for other app atleast they deliver on time,4,NEGATIVE,0.9936908483505248,34
55bd8897-b0cb-4afb-8cc7-634d4f8d7d49,you cancelled my order i hate you,1,NEGATIVE,0.999658226966858,2
9b0000f8-30eb-4f19-a2ab-c53d9f211719,for 1 km distance they are taking 1hr 30 min delivery... worst experience,1,NEGATIVE,0.9997987151145936,-1
23ddee0b-3c9a-4003-9d8d-3135f78f9433,waste of time and money 😔 please don't buy be safe ur money 💰,1,NEGATIVE,0.9997995495796204,7
4cfeeb1b-3667-493a-87e9-b5acd2611d7a,order 3 meals and got only 1 meal after 1 hour and they told me they will refund me but they didn't and then they told me they will order the food again after waiting for another the order came with same meal missing again and it was 11 in the night so i can't order food from elsewhere and the customer team answered take 70 ruppes coupon,1,NEGATIVE,0.9969868063926696,-1
e85d0c23-24c1-491d-85a9-91e4028b729a,please prepare at your home... swiggy is worst,1,NEGATIVE,0.99979966878891,26
880ac9da-78dc-4e26-9776-b1d3e6e11338,"let me help you guys with something. swiggy will scam you by saying they are giving swiggy birthday sales flat 50% off on pre booking dine out. but at the time of bill payment it won't be applied. and the ultimate truth about their customer support, they will act like they don't know anything, u made standard booking and asked for offer proof and bills. waste your time by delayed response. they won't give you money and waste your time.",1,NEGATIVE,0.9995156526565552,11
4e944e4d-74c3-420f-a051-fe75d07651e2,"ordered mcdonald's worth ₹950 for my colleagues and me. multiple items were missing, including fries and an apple pie. we only received burgers and drinks. reported the issue immediately through the help section, but no proper resolution was provided. mistakes can happen, but poor customer support is unacceptable. very disappointed with how this issue was handled.",1,NEGATIVE,0.9996993541717528,-1
75fe499a-6879-4189-95ac-c66672cdba5b,this is a fraud app only loot money and will not resolve i have order through this even after paying money items are missing customer care will not resolve just they will say sorry but what about my money and product i order no one came about it,1,NEGATIVE,0.9996163845062256,7
a3bd94b3-669d-44bb-a261-509192285183,"i ordered thali, resturent provided very bad nad poor quality food. swiggy refuse to return money. cuatomer support told to send mail where they never resolved the issues. very bad experience with swiggy. and customer suppoet is very rude. withkit rwsolving the issue they closed the ticket",1,NEGATIVE,0.9997426867485046,6
0343d92f-d91a-42f8-b3ca-0e508530a14b,"i downloaded this app for the first time and ordered a combo thali, it was cancelled. is this your response to the people who are in need of food.",1,NEGATIVE,0.999560534954071,42
d1e7b8a9-4c98-4762-bf40-674edcb44782,malicious practices identified... any restaurant related to eatclub generally delays order to max 20-30 minutes and some times even hours and timer never updates.it's bad experience.. you guys should look into this.,2,NEGATIVE,0.998485267162323,5
e0b03985-6e0b-4a85-af14-8715eeedf6b2,worst app says on time even though order is delayed,1,NEGATIVE,0.9995336532592772,34
fb62799d-45bc-4a5b-919c-c7c38ead8b5c,price well be high and properly coupon not applying,2,NEGATIVE,0.9989026784896852,-1
12c73a35-f034-40ff-8502-2fe55e192b4e,delivery is always late and swiggy have cheated for 350rs of mine. they made me use an coupon voucher of 350rs and then cancel order and never return me my money back. my fight is still going on with them. worst customer service and no 1 fraud company.,1,NEGATIVE,0.9995418787002563,4
923a6763-cfac-44bf-9214-0fd14d2e6000,sab kuch theek hai but prise high hai,4,NEGATIVE,0.9135390520095824,0
a391c8ef-2ef7-4f82-8608-82429931a12a,uninstalling this app for extra charges you are putting on delivery partners,1,NEGATIVE,0.9960656762123108,-1
016b69dd-48fc-4fc8-9db4-9d2e3e293f46,"the policy of swiggy is biased. if the order is not fulfilled in any manner ,they ask the customer to complain about the restaurant. they don't take responsibility and action towards it. i ordered a food which i was delivered about 1 hour 45 above the time delivery. when i denied the food to accept they charged me for cancellation.😠 is this the way you do business? instead of taking action and apologize you scam customers.",1,NEGATIVE,0.9990606904029846,-1
0a1e061b-c7ee-4cae-96f3-688d8ffacf04,don't connect any prepaid wallet to swiggy. if amount debited by mistake you will not get refunds. beware of this frauds by swiggy.,1,NEGATIVE,0.9988829493522644,-1
4478b66d-18b2-4b2d-acab-7fd3ad2eb018,"very bad experience. service is fake and support is useless. been using it for long but never again. do not recommend.""",1,NEGATIVE,0.9996920824050904,3
c3d4ea40-cf80-464a-95cb-61fb238060bd,ek dum bakwaas h... delivery partner h nhi inke pass aur order le rhe h... im going to uninstall it🤬...going on zomato,1,NEGATIVE,0.9994390606880188,0
2fba1a71-bdd3-4cde-93ad-8eec70526dc0,swiggy delivery partner ठीक से बात नही करते और complain करने पर swiggy भी सही से problem को resolve नही करते। swiggy से बहुत बेहतर zomato है customer support में। मैं अपने जान पेहचान में सबसे swiggy uninstall करवाता हूँ।,1,NEGATIVE,0.995662271976471,-1
e807c0be-e608-4253-ab3b-6a582417c98b,"absolutely pathetic service. constant delivery delays, unnecessary multiple deliveries, and terrible customer support. the ai chatbot is completely useless—it keeps repeating scripted replies instead of solving the problem or connecting you to a real person. swiggy seems more interested in avoiding customers than helping them. extremely frustrating and disappointing.",1,NEGATIVE,0.9998252987861632,12
645d7b60-6e21-4bc1-95fe-48b46f725e57,poor service. do not deliver food on time. also help feature is not par,1,NEGATIVE,0.9996891021728516,-1
c0f4ad6c-148a-4a8f-9c4c-a476f4c67935,again today support is useless in swiggy my money my order they cancel it as they are king then they'll say sorry .. now they will reply here sorry do mail .. i dont have time for this i can do zomato,1,NEGATIVE,0.9997311234474182,13
66b7a14b-79d5-4494-96df-bfaed941f1e9,"finally deleted the account of swiggy and uninstalled the app. never gonna use again. even after applying the coupon, they charged me full amount. the resturant packing charges were hidden until the payment was made. gonna delete the account from these people. when tried to reach customer support the bot closes ticket in 2 steps. if you bot inefficient then you can display a mgs saying mail to customer service instead of doing all dramas of customer support",1,NEGATIVE,0.9992220401763916,-1
2d804e2e-5ee3-4c3b-a8d7-ff06edfdff2b,"swiggy is very very bad. if you call customer care, they talk very badly. please do not order from anyone on swiggy. please.",1,NEGATIVE,0.99979966878891,26
f83705cc-c404-442f-b37a-60d87317ae7f,poor service. long waiting time.,1,NEGATIVE,0.9998005032539368,3
a6d03652-1c3d-412f-aa98-f4ab506ce4cb,only ai answers the queries and that too is not helpful. i ordered a 6-in-1 pizza but received 4-in-1 instead. and when i tried connecting to customer support they asked to investigate and that they will reply. after 24 hours they just mailed that they will take care of it in future. that too totally robotic. i just wanted to ask for a replacement of my order or the refund but i didn't even reach to that stage as everything is totally ai based.,1,NEGATIVE,0.9995848536491394,-1
8c45a06f-eb74-4989-b94b-1da072325304,"more than 1 and a half hours and the order is still not here. support is not helping either. this is not a one time thing, this has been happening every other time with swiggy. i would suggest you to not use this app. just drive to the restaurant yourself if you can",1,NEGATIVE,0.999432384967804,8
339de3f0-d41d-4788-815d-cd37986a357f,"do they use a different kind of clock? because one normal hour passes, but on their side it somehow shows only 1–2 minutes. and yet, the order is still marked as “on time”! 😂",1,NEGATIVE,0.9962867498397828,4
b69e1cd3-2131-45aa-88c9-1b321f58bd24,हमेशा ऑर्डर में गड़बड़ी होती है जॉर्डन करते हैं उसका अलग ही आता है क्वालिटी घटिया आज के बाद कभी भी स्विग्गी पर आर्डर नहीं करूंगा अरे सपोर्ट और हेल्प के नाम पर भी कोई भी सुविधा नहीं है सिर्फ फालतू के मैसेज करके कंप्लेंट क्लोज करती जाती है वेरी पुअरसर्विस,1,NEGATIVE,0.8912949562072754,39
b13106b4-5189-4a20-9993-06799743940f,very poor response overcharge lots of delay poor response by help team,1,NEGATIVE,0.9987648725509644,-1
25bc542b-88a4-4eb5-8e7d-fff4b322537b,absolutely hopeless. frequency of order delivery delays are extremely high. very difficult to approach customer care. swiggy's ceo shriharsha on telephone assured me that they will improve the service in my location however it's same hopeless 😔,1,NEGATIVE,0.999460518360138,8
4c8fac36-c236-49f2-857c-d2fd4f5c8dc8,zomato is better than this app no a single coupon will apply during order and if price is 120 during order last pay will be 200 above use some other apps guys,1,NEGATIVE,0.9750704169273376,23
1221872c-b8f3-4bbe-8b00-6d2d5c4fb71d,worst app ever. always delay in time,1,NEGATIVE,0.9998101592063904,1
2179cc0f-0a8b-40d8-8459-3797510496f0,the delivery system is just pathetic. it just spoils the whole experience when these delivery people do not give doorstep delivery. even though i had tipped him during checkout and requested him 3 times to bring the food to the door he still didn't come up. how stubborn? i had to send the building security to collect my food and tip him also. can you add doorstep delivery option at payment time? i would pay extra to have the food delivered to the door.,1,NEGATIVE,0.9994127750396729,5
b8e50fa1-341d-40e3-abc8-4405ce1e74e7,please do not use swiggy i ordered a meal at 12:30 am and order was cancelled by after 1 hour due to delivery partner mistake/frod my payment was stuck and after that day they turn off my cod option and now there is no way to communicate customer support to ask why my cod option lock even it was not my mistake there so called delivery agent cheat me in middle of the night btw i pay for the delivery before. so please do not use swiggy until they fix their support system. i unsubscribed swiggy,1,NEGATIVE,0.9996761083602904,-1
c0e5d18a-c503-455f-9cf1-741346125199,app is mid but the food is the g.o.a.t,5,NEGATIVE,0.9840848445892334,10
a24e3c7b-21ec-4846-bcee-ada8a317fa3c,ye website achi hai par mahngi hai 😭,3,NEGATIVE,0.5357793569564819,0
c5152190-1b9b-4b59-aee3-de43752e180a,"the worst experience was swiggy delivery and delivered cold french fries to kid, i am complaining about the same before delivery but they ensured the food will be delivered warm. you failed. i have uninstalled my app due to my son crying after seeing the food. my son hates swiggy now. you losers",1,NEGATIVE,0.9962373971939088,6
5fc34d32-4529-4055-8188-15265d613243,over all it's fine but recently i'm facing issue of app getting crashed where it shows map and delivery partner details,2,NEGATIVE,0.9975651502609252,20
374c8349-fd23-47a6-9c2d-1c9bb03df278,"worst experience ever. do not trust this app. they can cancel your order at any moment, make you wait for nearly an hour, and then conveniently play the victim card. you sit there waiting for your order like a fool, only to have it cancelled after wasting your time. absolutely pathetic customer experience and zero accountability. worst app, worst experience. uninstalling it for good.",1,NEGATIVE,0.9998142123222352,1
bfbdd7c6-3c52-4082-b3eb-0c5aab27254b,"pathetic service, even on complaining about delivery person many times purposely diverting food and being late. not registering complaint online. for their being late even they charge 100 percentage if you cancel order! so u can't complaint or cancel for their error!",1,NEGATIVE,0.9992555975914,-1
2329016f-1eda-45d1-8fc9-d6cfecd4ebda,"this is highly disappointing and honestly unacceptable. today, i noticed that the actual price of a full grilled chicken at the restaurant is ₹450, whereas swiggy is charging ₹744 for the same item. that is a huge difference and feels extremely unfair to customers. you should respect your customers and their trust in your service. customer loyalty should not be taken advantage of by adding such excessive charges. i request you to look into this pricing difference and provide a proper explanat",1,NEGATIVE,0.9990193843841552,45
425fa204-204a-41ac-ae1f-b44d572a2462,"worst service no care at all, ordered pizza for family, expected to be delivered at 6.30pm and after 20 minutes it started showing 8 minutes to arrive, but it never moved, delivery partner didn't respond to my messages and calls i made more than 5 long calls and many messages, then i called swiggy customer care, she told me we will use another partner to deliver your order quickly within next few minutes order will be delivered, guess what?? swiggy cancelled my order in the next 30min i.e. 8:30p",1,NEGATIVE,0.999723255634308,-1
494ae505-bbe0-4b1d-a9db-f65857f01317,there is no offer on frist delivery,1,NEGATIVE,0.9986588954925536,25
47a246ca-68a9-4441-a39c-8f937dffaa15,worst experience after installing for the first time..... asking for name multiple times without any reason,1,NEGATIVE,0.9998133778572084,1
b540618e-a751-42e1-8e95-ba50fbd8b106,i didn't cancel order and i even recieved the order and i got a notification about my order cancellation and they are telling they they will charge a cancellation fees on next order don't download this stupid app,1,NEGATIVE,0.9953430891036988,2
5b877f00-38ff-405a-b979-bf9bc659c71c,worker bad behaviour not use app and swiggy store,1,NEGATIVE,0.9975952506065368,15
0fd8b3c7-fadb-45c1-859c-307a3082f4d6,their support is running by scammer.,1,NEGATIVE,0.9993770718574524,30
c293a098-f19b-4fda-913f-e31093257f18,good app but you are taking high gst charges lower it,5,NEGATIVE,0.9847657680511476,33
38d2fe6e-fd99-4eee-a7f5-502fa6c69ed1,such an worst app ever... i ordered the food but i got incorrect items i even complained but the bot not accepting the clear reasons i gave and i even sent photos of incorrect items and when i place order it takes nearly 1 hr to reach and i couldnot able to cancel not solving the issues... till now i didn't get refund such an worst app... i don't understand how it got 4.5 ratings felt very disappointed i even mail the issue but didn't resolve this is not first time.. i recommend not to download,1,NEGATIVE,0.9994971752166748,-1
2c3dc33e-316f-4f46-a379-2a71c53ecc93,the app crashes every time i want to check my order status.,2,NEGATIVE,0.9995012283325196,20
6a56d38f-4ec8-4909-9e60-e681a4aac5e9,worst & bad food delivering app ever 🫩 used charging fine without deliverying and cancellation of the order placed totally waste food delivery app ever used‼️,1,NEGATIVE,0.9996026158332824,10
c23ab8d6-4bf7-4b1e-b723-6cc781288a7a,i orederd food from this app but the delivery partner wasn't able to deliver my order and the customer care told me that ma'am delivery person doesn't want to deliver your order after that they cancelled my order...and text me that you will be charged a cancellation fee on your next order....dude it's your fault not mine so don't fraud your customer....fraud app,1,NEGATIVE,0.998297393321991,-1
229de4c9-e0f1-49a3-a1ea-c03cd3ef6f4c,it's a complete loot. i don't know how this app is getting a 4.5 rating. atleast zomato is little better than swiggy. if i had a negative rating option i would have voted for that.,1,NEGATIVE,0.9992730021476746,23
c715fa6b-3746-434b-bc9d-20ba94ee984b,taxes prices are more than the food price..... delivery charges and gst delivery charges....useless app now.,1,NEGATIVE,0.9996743202209472,-1
25a67f9a-c2c5-448e-bb82-032eca670b50,very bad app the website is very poor give fake offers. zomato is better...,1,NEGATIVE,0.9997697472572328,29
a033e900-804c-435f-abd7-ca326a541337,the food gets delivered in a long period of time . time shown on the app is incorrect and the order is often delayed.,3,NEGATIVE,0.9974779486656188,5
5ba71832-118d-4462-b4e2-acb0c2584b4c,swiggy and its derivative toing are waste of time and money. its better to use zomato or even magic pin they are better than this.,1,NEGATIVE,0.9997772574424744,23
6c8dc187-4bbd-4244-97ce-d6e8115b1834,what a pathetic app i order 3 times in a week but everytime time my order get cancelled and also the help and contact number in the app is not working at all .....they just waste our time,1,NEGATIVE,0.9998206496238708,47
426b8936-953f-41a2-b661-dd26cf64fa0c,i order food and the swings app automatically detect my wrong location and when delivery agent reached there he said that you put wrong location so he can not come to my home for delivery and he cancelled the order and i even didn't receive my refund although they put cancellation fees,2,NEGATIVE,0.9994309544563292,-1
bc07683d-f733-4b69-8578-5db54a358774,"fasle offers , checked many times some mrp is not similar with local market products",1,NEGATIVE,0.9961103796958924,11
f49b2c42-5f27-42c6-9cec-b735246f882b,worst customer service support ever. uninstalling the app right away. would not recommend to anyone.,1,NEGATIVE,0.9998143315315248,1
35718e42-796b-4288-a374-52bbac8f82de,pluxee card is showing invalid to buy sweets in swiggy food app 😄,1,NEGATIVE,0.9966530203819276,-1
642ccdf9-99c3-4f37-b428-ed857c833f33,"after 10 years of using swiggy, and spending more than 15 lacs on food order. i finally uninstalled the app, due to the series of food scam which restaurants are running and swiggy just tries to play dumb. and take no action. it is worth less to be here anymore. no point for loyalty.",1,NEGATIVE,0.9995965361595154,6
edca2012-7a31-425a-9fe1-368e65b7db56,"now days instamart and swiggy becoming worst. their store providing wrong item damaged leaked, incorrect size and when trying to connecting with customer support for help they are denying and not helping and becoming scammers day by day. i thought it is one time but no it is 4th time in a week. they are also bullying their delivery agents and making them in trouble. i have multiple screenshot and photos as well.",1,NEGATIVE,0.9997813105583192,-1
cb678fe9-a18f-436a-b01f-e71432bbc0cb,"i had a very bad experience with swiggy i ordered food at 3 :23 pm but it was still 5:45 i did not receive my order, always saying it will take more than 15 minutes so i called swiggy and initiated a refund and when i asked for a complementary for wasting my time and moment of my child so he said we can give you a coupon of 47 rs, so requesting you all do not order any food from swiggy especially when any guests are at home, kabhi bhi tang denge swiggy wale.",1,NEGATIVE,0.9993674159049988,6
5e706b46-1365-4035-8b1d-39d5ee8884b8,"swiggy is cheating.i have ordered some food and the order was divided into two.i paid the money online.first order was delivered second one was not delivered but app showing that it is delivered.i lost a huge money.i requested for refund but they rejected it.swiggy is the worst and bad app for food delivery.very very bad service.doesn't know the value of money.service is very poor,bad",1,NEGATIVE,0.9997828602790833,32
d0fea467-162d-4f9e-9599-cc197b4fb2b7,very poor customer support options.,1,NEGATIVE,0.9998109936714172,3
292168af-5e03-4747-872a-9c3ab644e02a,not giving offer to regular customer,1,NEGATIVE,0.9948689937591552,36
2b5fc22e-7b80-41b6-80e3-788587dc97d3,"the burger the chicken inside the burger was completely burnt and had a very bad, charred taste. the burnt flavor was so strong that the burger was almost impossible to eat. very disappointing experience. i want new burger or refund u r support team sucks 😞",1,NEGATIVE,0.9956134557724,-1
5019ae0a-e1f5-4193-b56f-ed618be7a2e5,"""banswiggy instamart"" selling one month before expired product today ordered suji rava safe harvest company don't buy anything in that company which was expired one month before raised complaint saying unable to refund or replacedropped mail also no use here after i will not place order in swiggy instamart ""especially safe harvest"" product people who place order see these reviews once no one will place order here l am going to complaint in food safety department and going to drop mail",1,NEGATIVE,0.999065101146698,38
4bf37ecc-3aa3-417f-8036-2cc934f7bfd7,always delay because rider getting two or three delivery at a time,1,NEGATIVE,0.9937477111816406,4
aa23d5a5-b8fb-49ad-a751-0d7474b0b3a3,the help services sucks they don't solve the problems with food and shrug off the responsibility,1,NEGATIVE,0.9981114864349364,24
cdaaf030-73d5-472e-bc79-cfbf8f7f31a0,"poor , very bad experience , sometimes delivery service is very bad , uninstalled the app , refund policy is confusing if delivery person is responsible for cancellation then also refund is refused by swiggy service . misbehaviors by delivery person is passed on to customer . grievances is still pathetic . finally uninstalled the app.",1,NEGATIVE,0.9996336698532104,15
6d5237b8-47cf-4bee-8a09-8ca4754914a1,"shameless swiggy charging rain fee and gst on rain. fee ye app apne पिछवाड़े में डाल लो, i am uninstalling it.",1,NEGATIVE,0.9937460422515868,35
ace31682-86cf-46ff-8bf8-8d2db0b02f62,"this is a fraud company, fraud delivery partners.no customer service. use zomato instead.",1,NEGATIVE,0.999382495880127,29
d2792363-3535-4660-a1b1-dc7853354353,rate kum hota he oder karo to badh jata he,1,NEGATIVE,0.9961552023887634,0
2050ad24-d191-45a1-886e-72a973f0e40a,"very expensive app seriously, they add about 50% additional amount on the food 😳, pls don't use these kind of apps , pls visit food outlet directly and take your food",1,NEGATIVE,0.9553428888320924,10
ff46490c-4d5f-4d92-a78a-3c75792b0a53,their service is third class.. from 30 minutes it is showing 10 minutes more and help us is not working..broken link always showing,1,NEGATIVE,0.9992326498031616,-1
2e3efe8d-3024-4eeb-9365-77e7204a7616,vsggsuds you are god 🙌 namaste namaste namaste namaste,4,NEGATIVE,0.970693051815033,0
a107cda5-6624-4093-a5e3-1e4cf3e98f1d,such a worst app!!! mera galti se order ho gaya then maine 2 min ke andar cancel ka request bheja toh bol rahe hai unka delivery agent nikal chuka hai... bro woh log robot thodi hai jo 1-2 min ke andar poora ready ho gaya... main toh order receive nhi karne wali bro,1,NEGATIVE,0.9997817873954772,0
fc900eff-edec-4c4b-b925-f7b6153be91c,cash on delivery is not available for every,2,NEGATIVE,0.9996905326843262,25
ec2e0596-d862-4cb9-ba26-da6c230e7b81,koi response nhi hain nahi query solve nhi ho rahi,1,NEGATIVE,0.9907050728797911,0
a6218c1f-06f4-4f96-8fc1-f7e40715d7ee,very bad experience with app. i have ordered food from app ordered 4 items while restaurant sent 3 items. when i raised conplaint swiggy denied refund and did not tell denial reason and suggested to rate restaurant. if you order food from this app for customer only resolution is rate restaurant that's it. if you email to customer service you will get fixed ai generated response.,1,NEGATIVE,0.999049723148346,32
77f409a7-93e8-4c79-87d0-1a9039247d4e,the delivery is not what they promise. misleading information to customers,1,NEGATIVE,0.9997735619544984,22
80d4b0f9-6e05-45e0-a6a0-796d3a62a213,"please don't order this app when you have special occasion to celebrate the customer care won't respond , and you will not the get the item which you order",1,NEGATIVE,0.9987658262252808,-1
0b26f94b-cad5-41de-b5e1-936e89568090,"horrible experience. ordered 4 items, only one came and even the bill was misprinted. first of all, it was a promised 30 min delivery but it took over an hour and the order was wrong too. then the help service completely denied and ignored our voice of concern and denied us any help. we were not even refunded after we mailed them and so on. uninstalling and never using again.",1,NEGATIVE,0.999724805355072,-1
bf285aec-7157-4d22-97c5-32bf77d1398e,total amount should 920 but while paying it was 935 .,5,NEGATIVE,0.980862319469452,33
99d667dd-20f0-45fb-90cd-d7d6a74a66b7,"it's been a bad experience for me today , have to wait for my food items reason order time 11.50 am came by 1.28 pm the rider busy delivering another order , why i should suffer for this , a rider should take one delivery at a time so no food order from swiggy from today",1,NEGATIVE,0.9994139671325684,-1
5f71ab8c-5044-405f-a170-8790a260e842,"i had a good experience earlier, but the payment process needs serious improvement. if a upi payment fails, it’s difficult to change the payment method, and the option is hard to locate. the payment flow is not user-friendly at all. on top of that, ads and promotional content are everywhere, making the app feel cluttered. i’ve used swiggy 4–5 times, but this experience was disappointing. please focus on making the basic user experience simple, clear and convenient.",2,NEGATIVE,0.9986245632171632,15
8051932c-ff2d-4e11-93cf-a6e32c3496ac,absolute goons are running swiggy now.,1,NEGATIVE,0.998552143573761,26
ffc16ace-3e19-443e-b9ff-ead251da2cd5,very bad app do fraud . price is 70 and bill total is 240,5,NEGATIVE,0.9995498061180116,7
e70ce180-20dc-4824-9bf9-d0a89827e0d6,"worst customer service and worst products 😡, waste of time and money. better don't install the application.",1,NEGATIVE,0.999810516834259,1
f14585ec-b887-4e9e-aa8a-52c3b34019b0,the worst food delivery app 🤬. in every order it charges an extra amount and pretends that they are giving a discount. 😏😑 really this is not for students even for the middle-class guy . 😢 👉🏻in their calculation (200+43)-24= 270 rs and they got me discount of 24 rs according to this app. 🫥🤬,1,NEGATIVE,0.9996902942657472,35
415dee32-38f6-4ceb-b642-f88b9e067c9a,i didn't like the way they deliver their goods they arrive very late,2,NEGATIVE,0.9986727237701416,4
cdc8ed7b-eabc-4522-b63a-468ad50c086c,worst experience i want to cancel my order within one minute but they are not cancelling it and charged me full amount of my order worst worst worst app i m removing it from my phone and approach all my friends to remove it from their phone,1,NEGATIVE,0.9995322227478028,2
8849000b-e43a-472a-8a5d-2b9b41d660af,writing a review to bring it to notice that the live tracking is not working at all. previously had the pip map for tracking on android phones...but there is no longer a setting for this. please fix this,4,NEGATIVE,0.9993435740470886,20
8ddb30d0-41bd-4e7d-8ccc-d941165db08b,"everything is perfect but too much late,",3,NEGATIVE,0.9764602780342102,4
b445cd64-d36b-4359-ac49-276672bb99a8,ha bhai srs che roj roj pachi su star mangvana😆,5,NEGATIVE,0.8733913898468018,0
436f8b52-6d8f-422c-81e2-1907a58de65e,"not letting me change delivery phone no. i ordered for a friend once to his place, and now i m stuck getting delivery calls on his number",1,NEGATIVE,0.9996145963668824,-1
e4c7de4d-21f3-4d61-af27-3370c6fe1b22,to much late oder bad exp-ns staf is very rude,1,NEGATIVE,0.9997950196266174,-1
9b55cea2-66b6-4d0c-bb26-701507d28b3b,"as a very old member, i'm very disappointed in swiggy nowadays. it's not only very over priced, but the delivery person stayed at a location for 10 minutes without moving even though i had ordered in bolt because i needed the dessert urgently. the worst part is the bag seal was tampered little bit and when i asked the delivery person the reason for delay, he shrugged and said it got delayed",1,NEGATIVE,0.999697208404541,8
1ca5d439-778b-4f32-8e48-77bd9d4b1a26,"my order has not arrived yet, give me my money back",1,NEGATIVE,0.9980102181434632,2
1ea19547-fb6b-4f2a-8730-42d551dd4274,in swiggy food the delivery charges inc taxes are high,4,NEGATIVE,0.9926332831382751,-1
6bc8f600-62b0-4afa-ae11-2431ce03bee9,"⚠️ i had a very bad scam fruad 👍 don't buy anything this scam y. i feel that i was not treated fairly, and my issue was not handled properly. this experience was extremely disappointing. i request swiggy to take customer complaints seriously and provide proper solutions. #swiggy #customerservice #badexperience bye full ok",1,NEGATIVE,0.9996352195739746,30
8bd5a5e4-37e0-4197-a9d1-b2648da605a3,just ok for food. when you hungry and stuck helpless situation you can use it . otherwise it's cost too much for every food. its eat your time also... worst app,1,NEGATIVE,0.996900200843811,10
592d1931-04b1-4f6f-9156-435ce897134b,swiggy refund policy is the worst,1,NEGATIVE,0.9998186230659484,9
9cbf7e22-fcdf-49d2-b75c-daf6be94652d,swiggy is looting. the food lootera app,1,NEGATIVE,0.9997373223304749,-1
96e25dcd-433b-49a5-8f60-de98fc3499b8,only show the offer and never applied,1,NEGATIVE,0.9984265565872192,-1
baa8ef22-2cca-434b-8f7f-4a99cc096a7a,its ok but for 10 rs item they are charging more 38 rs,4,NEGATIVE,0.9289197325706482,37
cab3a09b-a860-4399-baf6-21ad2d7981d5,"wrost app i have experienced multiple instances where my food was not delivered, and i was completely unable to contact the delivery partner. furthermore, i have not received refunds for these unfulfilled orders on several occasions.",1,NEGATIVE,0.9996335506439208,32
b7a0369d-ca06-4721-b91a-b6ce1de09bfb,"this swiggy app is absolutely useless, do not order any food from it, they say it will deliver in 1 hour instead of 5 minutes, my order has not arrived yet and when i asked to cancel it, they are refusing to give refund",1,NEGATIVE,0.999755322933197,-1
d67f7f6b-4126-4093-9e2d-8a9843376f2d,"extremely disappointing customer service – 1 star absolutely pathetic customer service. this is one of the worst experiences i have ever had with a food delivery app. the customer care team was completely unhelpful, showed no responsibility, and failed to resolve a genuine issue. customers spend their hard-earned money trusting your platform, but when there is a problem, your support team simply wastes the customer’s time instead of providing a proper solution. this kind of careless attitude",1,NEGATIVE,0.999815046787262,-1
c0d00182-744d-4a80-818e-349d0e347f1b,worst app ever! food cost 75 rupees and gst and other charges 55 rupees + 34 rupees delivery charges...what rubbish!!! just going to delete this app and i'll never use it again!,1,NEGATIVE,0.9997679591178894,35
548cf337-8aeb-4f49-a53f-788de8a620b1,"multiple orders were cancelled their service is pathetic, customer support sucks, no actions are taken against delivery agent",1,NEGATIVE,0.9991248250007628,48
1963ab8b-f0ed-4575-aa0d-29a393d016f0,scam complete scam. i wish i had the option to post the screenshot of the scam made,1,NEGATIVE,0.9996238946914672,30
73ab4e59-3f69-4b11-9626-650af6bd8b6e,it is worsrt app..i ordered from pizza hut..after 35 min...i canceled the order when there was no response from swiggy...still they charged me..full amount...,1,NEGATIVE,0.9995575547218324,-1
0cf80dbb-623c-4424-b39e-d88280d97748,too complicated a step to make the order,1,NEGATIVE,0.9994645714759828,-1
fdd30f71-f06f-4e32-b51d-8a02e024b025,"worst experience of my life, i ordered on 9pm ist even after waiting for 3 hrs, i couldn't get my order in the end i had to sleep without having food.",1,NEGATIVE,0.9973523616790771,-1
3f0f8eb8-b384-4024-8940-6c4809de37e2,"very bad of this app they hire restaurant but not giving any response to customer, so don't be get waste of time and money restaurant is 1881 dum house lucknow legacy restaurant",1,NEGATIVE,0.9960731267929076,-1
009fc15f-7f48-44cf-affc-b2381ddb4158,mid night cash delivery is super non gpay users 💀,5,NEGATIVE,0.986214816570282,25
c0cded0e-d2e3-4194-ab9d-6d751a965451,don't book any orders when you need. it's completely a waste app. the delivery partners are not trusted. swiggy is not following any policy for delivery partners. the partners are not delivering the orders instead they are eating it. swiggy customer team is a joke.,1,NEGATIVE,0.999809205532074,6
0f9b51ad-131a-44a4-82f5-9649eefb03df,harsh kailas u from pune asked me for otp and then ran away with my food. no help from call helpline either.,1,NEGATIVE,0.9994751811027528,21
d734e78f-6dc2-41b5-8e63-47ee3151beca,fthere delivery parner do play froud game and not reliable. they without delivery the food say already delivered.,1,NEGATIVE,0.9997197985649108,10
059acd1d-1fc5-4df6-9229-751e4b4b5256,sodexo card addition was not simple and no clarity why it is not accepted,1,NEGATIVE,0.9997157454490662,14
31b8f1a4-9426-4bc5-9692-97b6b5184ec1,"swiggy's service has become extremely disappointing. the delivery experience and customer support have gone downhill, and many restaurant partners seem careless about quality and order accuracy. customers end up paying premium prices but don't receive the service they expect. it feels like customers are being taken for granted. unless swiggy improves its service standards and holds restaurant partners accountable, it will continue to lose customer trust.",1,NEGATIVE,0.9997617602348328,6
a157de4f-a1e1-4789-a321-c44ffe822442,i bought a coupons from my credit card.. i am not able to add it in the swiggy app. there is no where i can connect with the customer care for the redemption or to take the assistance.. day by day the service is poor and i lost 1200 bugs trusting this useless app.. please be careful from the swiggy..,1,NEGATIVE,0.9998177886009216,15
35c3d9b7-b48e-41d1-b42d-da67800e2fc4,please close this app. money saved .,1,NEGATIVE,0.9936018586158752,7
6f076392-8764-408d-9519-0c2ce1891c29,it says too many account detected how can i login guide me,1,NEGATIVE,0.999760925769806,46
c1491240-a298-4ea0-91b5-2bce7bfc674f,i don't order anything from swiggy they are not providing good services it was my first order on swiggy and the food was full cold i couldn't eat and i threw everything...,1,NEGATIVE,0.9997511506080629,-1
92175566-9b24-4771-b521-2f78dea203d0,at this point this app is pure scam support bot is literally built to not help but keep you engaged. i hope cei gets fired and eventually this app goes out of playstore.,1,NEGATIVE,0.998636782169342,7
9f6eec67-48c9-4710-88f5-767e40451ece,not as fast as blinkit plus one of the items i ordered was missing,2,NEGATIVE,0.999754011631012,-1
dcefbc2b-a0c1-41de-8c9b-03649bce8feb,very bad experience no coustomer care number.swiggy talking always lie,1,NEGATIVE,0.9995526671409608,-1
f854afe5-64b8-4884-84ea-f6b57d558580,worst app i ordered 1+1 1+1 offer i get only 2 biryani customer service too bad not responding worst app i every use never use this app it's my opinion,1,NEGATIVE,0.9996230602264404,1
87a4ba13-58ce-4cb0-822e-8fb384e15450,worst services. bad experience they are delivering expired stale food in indirapuram outlet. everyone should complain about them. they are fraud every customer should check expiry of products. we demand fssai should do audit of their stores. your family kids life is in danger.,1,NEGATIVE,0.9997020363807678,24
f6d7f086-50e2-4a4f-8f30-f6548354f2f0,"worst service from swiggy. i have placed many orders previously using the same address without any issue. recently, i ordered one item, and after waiting for more than an hour, the delivery person did not call me at all. however, the order was cancelled from swiggy’s side, and i was charged a cancellation fee. this is completely unfair.",1,NEGATIVE,0.9997826218605042,-1
f9fe0821-bae9-461e-8c81-cdfe435e33b2,haven't placed any order under amazon pay later. it was deliberately placed by swiggy. and i'm gonna sue swiggy for it big time. everywhere.,1,NEGATIVE,0.9991870522499084,-1
ba7e9956-6238-4786-97ac-b07cda81822c,in my entire life i don't use this app it's my promise.,1,NEGATIVE,0.6900455951690674,-1
e02cbd01-2925-4874-b324-7de0de1fd5cf,"very disappointing experience. i ordered from the kfc aluva outlet through swiggy but received the wrong items. when i contacted customer support, they simply said they couldn't help. a platform that refuses to take responsibility for delivery mistakes has failed its customers. poor service, zero accountability, and a complete waste of time. i've lost my trust in swiggy.",1,NEGATIVE,0.9998226761817932,6
a44a2b67-33c8-416a-bfc1-79ea8b429acc,"bahut halki kaxa ki app hai, yaha pe 6 km ke ₹.5 ke hisab se ₹.30 hi dete hai.",1,NEGATIVE,0.984429121017456,0
8250a570-ba65-4d98-922a-c4b63753f4b4,swiggy app is usually slow and unresponsive and poorly built. the latest version /update is even worse! level up folks!,2,NEGATIVE,0.9998242259025574,-1
0f266b92-b34e-4ee1-aafe-3bb40e3089e2,"absolutely pathetic service from swiggy. making a customer wait 3 hours for a food order is beyond unacceptable. the delivery time kept getting pushed back, there was no accountability, no proper communication, and no genuine effort to resolve the issue. what's the point of paying delivery charges and trusting your platform if you can't deliver the most basic service? three hours is not a ""delay""—it's complete incompetence. this has been one of the worst delivery experiences i've ever had.",1,NEGATIVE,0.999809205532074,5
bf7530dd-06d3-472e-86c2-58d09f88e08f,horrible app got my order after 1.5 hours despite it being just a sandwich from a place that's not even 3km from my home and it's a small city not bangalore or anything.,1,NEGATIVE,0.9990286827087402,-1
ce813ac0-c5b9-42c1-8853-d14a7a0a3f1c,my order was cancelled by swiggy with no refund. this company did not deliver order and also not refunding the amount. it cheated me. pathetic.,1,NEGATIVE,0.9997534155845642,9
56fa9147-8cb7-4e52-9e41-a2579f395592,worst service and support experience,1,NEGATIVE,0.9998053908348083,3
e29dfb59-4318-44b6-9fcf-73dab7742c24,all hotel/restaurant menu prices are hiked by swiggy. uninstalling app. why i have to pay rain tax and what is rain tax ?,1,NEGATIVE,0.9989694356918336,35
50521e52-c764-4522-8d13-5ec9d58cccbf,because swiggy don't know how much given given by restuarant,1,NEGATIVE,0.9995926022529602,26
92ef97b2-4157-45b4-b3b7-d1a790abc178,"worst experience and worst customer service ,they are using ai for customer service,more than one hour waited for order food ,and still not getting ,if you want support also ,no humans is available very poor support andwaste of time and money",1,NEGATIVE,0.9997925162315368,3
382f657d-828d-4c66-925c-549e0f6bbb65,i have given 1star rating because one day a boy came from swiggy and he was fraud firstly he said that he it is not your home address and given us fraud number and then he came to my house and then gone again and never came back calling and saying to cancel the order,1,NEGATIVE,0.9975860118865968,-1
a67f698e-d485-4b4a-8921-c2a9f5232120,bad services pls india boycot swiggy always late u are wasting ur timevin this third class app,1,NEGATIVE,0.9996721744537354,-1
e986f519-91e6-4dc2-86cc-5721ca193195,"i ordered food on my seat in train. i didn't even receive the order and it instantly showed ""delivered"" on the app. the delivery guy literally called me and said that he couldn't deliver the food. not to mention he literally called me after the train departed. and when i tried to report this situation all i got was "" you can email us on support"" which i did and it didn't do anything. my money was lost. i was hungry for my entire journey as it was supposed to be my dinner. shame on you swiggy",1,NEGATIVE,0.9996826648712158,-1
8e6db635-3940-4704-bf3c-a998b0fc1976,very bad 👎🏻 service for swiggy 🙏🏻,1,NEGATIVE,0.9997865557670592,26
b83841d4-d990-4e09-8281-6fdd1af37b49,your delivery driver is late delivering the order.,3,NEGATIVE,0.9995355606079102,4
356ca81a-f7d6-4f11-be3a-3925bc92883a,swiggy is becoming very worse now a days. not even getting proper customer support while facing the issues,1,NEGATIVE,0.9997648596763612,-1
123d0ca7-2c2e-4d46-aa2f-0760e92aba33,this is ridiculous if a person cancels a single order in so many years of ordering food from your platform you chanrges a hefty cancellation fee equal or more than the amount of food i mean i didn't ever do like not giving payment always give online and just one payment i didn't do online and by chance it got canceled due to my emergency and you do this with your customer i mean you can't understand with which emotions the person is ordering just shame on yourself !!! just shame on you !!!!!!,1,NEGATIVE,0.9995477795600892,-1
94e8729d-9059-4297-b5a4-f735d731a571,unable to see the price worst update 😕😕😕😭😭😭😭😤😤😤,1,NEGATIVE,0.9996585845947266,37
f2f81195-e946-40c2-8349-c1c0c0ee0280,"app is crashing when i try to open the delivery tracking page with the live map. this is not specific to one order, any order i am doing it is crashing",2,NEGATIVE,0.9997188448905944,20
cd7641c7-0b3c-43e8-a605-8bb062115b12,i was said to pay extra saying that my address was incorrect. even though i just logged in to swiggy they claim that the address was from before and said that they could not refund the order and also if i want the order i have to pay extra,1,NEGATIVE,0.9993565678596495,9
b187ee80-a1be-40e6-a0d1-124d409b2c9c,terrible customer care and in the name of customer care they would respond you with terms and conditions which is looting money from you in one or another way,1,NEGATIVE,0.99947851896286,3
ba342ce0-6405-4381-8986-d2f852d4a890,don't deliver on time and give false tracking times,1,NEGATIVE,0.9996520280838012,4
5ab80d94-728e-4d1f-b01a-3d1fd43c54a3,"absolutely terrible customer support. i ordered from wow! china through swiggy, and part of my order was missing. i contacted support immediately and followed up multiple times, but all i got were generic replies with no actual resolution. eventually, they completely stopped responding and ghosted my emails. it's frustrating to pay for food you never receive and then be ignored when asking for help. if something goes wrong with your order, don't expect swiggy to take responsibility.",1,NEGATIVE,0.9996325969696044,-1
7db4b4ff-5a7e-4ee2-8c0a-9d9f157a89ba,gst and others charges is too much,2,NEGATIVE,0.9996168613433838,33
8d00b61e-292f-4195-84c1-210d8e33db4f,rahul debnath delivery boy is so bad,1,NEGATIVE,0.9998099207878112,-1
86b6d2c0-c72f-4a67-8196-6b40577c8ac0,"i never thought swiggy would act this cheap. i placed an order with the correct address, but the app showed the wrong location to the driver. the driver said it was too far and asked me to cancel. when i called swiggy, they told me to cancel and charged a 100% cancellation fee. it wasn't my fault or the driver's—it was swiggy's app glitch. they are not even accepting their faults.",1,NEGATIVE,0.999692678451538,9
4771e0b5-310e-4bd4-82a4-eaf3deb43055,took too much time and time does not reduce for 5-10 min . just very late delivery. 😪,2,NEGATIVE,0.9939331412315368,4
f2adf25f-fe9c-4b2a-a1c3-e9d4740f8142,the app doesn't open. technically it opens but i can't open food screen,1,NEGATIVE,0.9973472356796264,-1
b64571d1-6350-4547-aea3-bf2cb5d16923,worst experience i had after being a loyal customer for so long for ordering food.....they wouldn't even give me my money back or a coupon of equal value after delivering wrong order....done with swiggy switching to zomato,1,NEGATIVE,0.999806821346283,-1
83ff126e-f577-4f85-adc4-ac5e81d31b1a,now day this application don't have on time delivery food get cold best go walk and buy im uninstall this application now better go out side resturant more the discount on this application i suggest you don't food order this application take one hour delivery one pizza weast of money no refund replacement order this application be carefully.....,1,NEGATIVE,0.9978489875793456,10
ba251426-67ff-4b96-b2d8-4fbaa20f3e39,"even with rains, order taking more than 2 hours even for pick up from the restaurant is meaningless, when i have already paid that too!",1,NEGATIVE,0.9997934699058532,21
22d20e3a-870f-416b-b466-c78832ea3fab,"i ordered extra spicy rice, but i recieved non spicy rice. i have been a loyal coustomer of swiggy, never complained anything, but this time i recieved non spicy food. friday comes once in a week, my friday was runed because of you 😭 .please resolve this issue, if you don't then i'll swear to god i will never order from swiggy again, i will delete the app",1,NEGATIVE,0.994201123714447,6
24e8debb-ef51-4544-932a-146b83dbe350,ordered dtes from instamart which had infestation on opening. the bot closed the cht without assistance from a agent. quite disappointed.,1,NEGATIVE,0.999750554561615,16
8816d199-92a3-43a3-9000-5a0d5cc716db,"fraud swiggy app. worst app. customer care, delivery agents all frauds",1,NEGATIVE,0.9997723698616028,-1
cc36fdc2-b4fb-4c96-949d-5c9976040dea,"very bad service, no responsibility to solve the issues where the customer and no proper contact or communication system to complain or inquiry...... very bad experience..... be alert in the busy time with bulk order and same repeated orders",1,NEGATIVE,0.9996511936187744,48
2f0fcb98-15db-48fb-9a8e-61b3023b8bc3,food delivery works quiet good but sometimes few guys particularly from one community try to steal your food,1,NEGATIVE,0.5639432668685913,-1
56b176ff-ea44-4d17-8d6b-5a92122a5265,"fraudulent service. no product delivered and no refund!absolute worst experience with swiggy instamart. i paid for my order, but i did not receive my items. to make things worse, they completely refused to give me a refund. their customer support is just an automated bot that closes the chat without solving the issue. they are literally taking customers' money and giving nothing in return",1,NEGATIVE,0.9997424483299256,-1
dc3e5f7f-e986-4a00-b2cc-520c45234fc2,upi not working had to pay cod every single time...,1,NEGATIVE,0.999062478542328,-1
81150bbf-2355-4209-81f1-c9da708bb379,"useless service , delivered a cheaper product and fooled me , no value for customer money they dont value customers and loyalty.",3,NEGATIVE,0.9997765421867372,-1
c12b2d52-1bad-45eb-ae73-ab4ab663e3fc,late delivery every time and fixed your delivery time means you display 6 minite but 6 minite is hold its self 15 minites so don't be make a fool,1,NEGATIVE,0.9837771654129028,4
2bd3693c-06ec-4338-a576-de694e3818b7,dilevery boy is lie and take payment before dilevery in gwalior the best of blinkit as more,1,NEGATIVE,0.978559672832489,0
c82beeb8-4af4-41c8-89f5-df8b4162afa2,"rating 1 for customer support experience. over the years, i never had a single instance of good customer behaviour, be it instamart or swiggy food.",1,NEGATIVE,0.9992290735244752,6
a56523d3-824e-427a-b376-2296c7ace47c,one of the worst food delivered app,1,NEGATIVE,0.9997826218605042,10
141b2d35-4bf9-4253-a6e5-916f0482d6b3,the orders are given somewhere else and money is not refunded,1,NEGATIVE,0.9990494847297668,2
c224acd3-d559-4b7c-8311-db8be0b696a7,"food delivery apps are supposed to be convenient, not charge a ridiculous price for every meal that we consume, i rather walk to the nearest hotel instead of paying 50 for delivery, 20 for packaging and 50 for gst. plus coupons that you can never use cuz they also have their own terms and conditions, a serious waste of time, energy, effort and money using this app.",1,NEGATIVE,0.9997382760047911,35
028ba298-5640-4daa-accd-f6bc9575479d,"the app interface is so bad, it's hard to even find a cancel button. i accidentally ordered a kfc dip for 28 rupees, and with processing and delivery fees, it came to 154 rupees. i can't even find my order to cancel it, and i was charged 154 rupees for it. suggestion: please make a user-friendly interface.",1,NEGATIVE,0.9996745586395264,2
c99f2092-bf2b-4c9b-a7eb-e37d106d9f93,"too much charges included with food items instead of zomato! hate swiggy, love zomato. everyone uninstalled this app and are installing zomato.",1,NEGATIVE,0.997747838497162,23
03397ee1-d573-4c7b-ba69-06c3540b6c3e,"i ordered food from swiggy today; it arrived two hours late, and i received neither compensation nor a refund—a total waste of food and money.",1,NEGATIVE,0.999783456325531,6
bc8fb3cc-1cff-41ce-84ee-066931449569,third grade service it show 40 min to dilever the order and take more than 1 hour the manipulate the time by there own,1,NEGATIVE,0.9962891340255736,43
62c2f63f-ede4-4782-8e58-3905341bc3d4,i have ordered veet strips 8 pack but i received only 4 strips inside the pack which was not sealed. the customer care said it is not our responsibility or concern to be taken care of. poor quality poor customer support poor response i have ordered eggs which are already broken. they have lowered their standards for the products. no service is provided no solution is given,1,NEGATIVE,0.9996464252471924,-1
1941ff98-7d78-414f-a84d-4fd982cc3b63,after placing order...within 1 min if i requested cancellation. there was zero refund. there should be a time where can still cancel the order. and get refund.,1,NEGATIVE,0.9992104768753052,2
cdf88d26-0e4c-408b-93ce-50f14fcb5794,no option in swiggy app to apply for new swiggy blck cc after closing old swiggy hdfc card a year ago..pathetic!!,1,NEGATIVE,0.999754011631012,-1
384c641e-154d-4072-8f2e-67edf875c288,one of the worst customer service i ever seen..i have received expired eggs which costs around 320rs and when i reach customer service they not even responded properly.they are not even trying to resolve the issue,1,NEGATIVE,0.9998111128807068,-1
d64494ef-500b-4097-9bba-98971c4a2058,"i am not able to track my order, i have reported app crashes multiple times and it isn't fixed. every time i order food i have to wait till the delivery partner contacts me! i can't even open the order page on the app.",1,NEGATIVE,0.9997479319572448,20
fbab40ce-0f70-49a1-ac85-757109453844,"they have the worst customer service. items were missing from my order, and when i raised the complaint for it they told me that i i'll get an email in 24-48 hours. even after waiting for so long, the reply i got was that they can't process a refund and i should just post a review of the restaurant. i couldn't call them to talk and explain the situation and they didn't even call the restaurant to check. this is happening for 2nd time and now. zomato is way better, they provide quick resolutions.",1,NEGATIVE,0.9988434314727784,13
dd3d4855-45f4-412e-88bf-ab4e9982c856,"i've got the worst experience with swiggy. swiggy charges rs 200/ as a cancellation charges for cancelling an order in 2019, which i do not remember what was the situation. and even swiggy team failed to explain it. they are saying the do not have enough information but charges should have been levied. wow, a big scam company. this is how they are generating revenue. and the best part is, now the swiggy cancelled my orders,by ths logic swiggy should pay compensation to me for cancelling my ordr",1,NEGATIVE,0.9996819496154784,9
86b79f00-2c88-4476-b2aa-84af37f4a38e,no 1 third class application in food delivery .. why asking cancellation charges. better go to zomato delivery application,1,NEGATIVE,0.9993496537208556,13
502f87e6-c834-4580-8096-0d34da44f85a,the customer service is worse 😡,2,NEGATIVE,0.9998041987419128,3
65624318-b06e-4b93-b19a-a110c48daa83,ver higher tariff but food is not worth,1,NEGATIVE,0.9972499012947084,35
26e26ccd-903e-4fa0-9000-56f312d99eb8,we are ordering food in swiggy about offering cafe coffee day..we are waiting 45 mins order but they cannot send order 3 hours ...we are wasting our time also our ordering food...so plz people not book any order ofter 10 pm they are making fake delivery message they send only message but they don't devivery order so plz don't make any order,1,NEGATIVE,0.9979028701782228,-1
6028140d-d07f-4b97-ab43-b9fb74787de6,"when i opened it, i faced a lot of problems in setting the location, so my suggestion is that you people should relax a bit in setting the location.",3,NEGATIVE,0.8936660289764404,1
8984ceff-4e40-4114-aa59-af5534a9ed17,scam. not getting full order and then offers coupon and not refund and even coupon is not of your missing item just random small amount with condition to utilize within 7 days. please do not order from this app. running fraud with people and not giving services or anything. giving one star as no option to give zero or minus rating. other apps are way better,1,NEGATIVE,0.9969978332519532,30
5c6262f0-3207-44d1-97f3-0846fa3968ac,pathetic experience my wife ordered from swigg the delivery boy was drunk alcoholic delivery person women safety is at risk here no one should order from swiggy,1,NEGATIVE,0.9995177984237672,40
f4e0f2f0-880b-4aa7-8e80-4b908589fb48,bro the food is good and all but now i've got diarrhoea.,1,NEGATIVE,0.8046894073486328,-1
489f25b8-de97-4ba4-a31c-7633d1cbb6b2,"**very bad experience. if an order is placed by mistake, swiggy doesn't provide a refund even after cancellation. compared to zomato, swiggy's refund policy is much worse. there is no clarity about when—or even if—you will receive your refund. they just keep saying, ""please wait 24–48 hours,"" without actually resolving the issue. this feels completely unfair and misleading. very disappointing service. i would not recommend swiggy based on my experience.",1,NEGATIVE,0.9998032450675964,9
e578b3a0-ba7c-408f-9c45-93c03f9c25c8,add veg mode in instamart also. in veg mode exclude items made from egg. i am pure vegetarian and while scrolling in the app it shows non veg items also. that is very annoying experience. i request you to kindly add veg mode in instamart.,2,NEGATIVE,0.9986479878425598,42
f5d18d35-0e26-4577-83c1-c632e666bf45,"instamart should be removed from swiggy if they could not provide the genuine services to their customers.. today, i have ordered 11 products out of it 10 were received and one item was missing so i told them about it but no refund is being provided and full money for 11 product has been taken from me and when i reach the assistant help it told me that we can't do anything regarding it.. so if you can't do anything just shut the services so that more genuine customer don't get this trouble..",1,NEGATIVE,0.9993090629577636,-1
cd65e074-095c-4c87-ac1c-974adfca8ef7,delivery partner's not delivere on time and not respond to calls allso ect....,2,NEGATIVE,0.9992733597755432,4
0664783a-8fec-4504-83bb-d3dd0d76b178,food can't be delivered in time.. taking hours to deliver,1,NEGATIVE,0.9988366961479188,5
22d4e77f-6b95-4e1c-9b7a-504dd30466ee,this clubbing of orders and such poor customer service will some day kill this platform. sooner or later but it's inevitable. promising 30 mins on the home page and actually delivering the order at 1hr mark with 100% increase won't help in the longer run. show the actual time consumers may understand. be transparent and train your ai agents a bit better and please get rid of the hinglish at least personalize.,1,NEGATIVE,0.9995704293251038,-1
7c3f8dc6-3870-483e-b05c-268d8994883c,fast delevery and staff is very gd charector,5,NEGATIVE,0.5126792788505554,-1
586b6555-c668-4e45-813c-95ec07b8d86f,this is my first oder on swiggy i don't know what happen,5,NEGATIVE,0.9965198040008544,26
d258cd61-9d9e-417e-852c-664b53224eab,"don't install this app worst experience, waste of your time, no priority on your order. delayed more then hour from actual timmings.",1,NEGATIVE,0.9982386827468872,1
a082be87-8e9c-42d6-a17e-a525f129af8d,"i had a very disappointing experience with this order. the food appeared to be expired or stale, and after eating it, i suffered from food poisoning and severe stomach upset. food quality and safety should never be compromised. this kind of negligence can seriously affect customers' health. i request swiggy to investigate this restaurant, take appropriate action, and ensure such incidents do not happen again. i also expect a refund and proper follow-up on this issue.",1,NEGATIVE,0.992272973060608,-1
391f82e2-07a6-442e-930c-df021f0c19fe,"shittiesr app,no customer service, restaurants have uploaded phone numbers which are not working....",1,NEGATIVE,0.9995797276496888,-1
e3999ac4-4f11-407d-9ce8-c0ac5c19808e,i ordered some bread to eat. all the bread was uncooked. i even raised the query with the ai customer and even emailed them the issue with the marked pictures but no resolution was provided. only a refund of rs. 30 was provided like seriously when we have to discard the complete food is it even worth it. pathetic experience.,1,NEGATIVE,0.9992308616638184,21
9d313d88-59fb-4240-95ef-50d749903786,worst experience delivery boy unparlament launguage,1,NEGATIVE,0.9997950196266174,-1
8908ef64-0d57-4d93-8a44-1c9c04509456,waste they dont have planning to workout on orders,1,NEGATIVE,0.9996206760406494,-1
814875b6-00e7-4a67-aac0-105e0a857f5f,recently ordered food from a restaurant near to my home for faster delivery as i was very hungry...estimated time was 20 minutes...later it took them to delivery food 40 minutes and after waiting for the double time order was canceled. and response from the swiggy team was...the food ordered has been taken by some other delivery partner. really very disappointed from from such a big delivery application platform. will definitely avoid swiggy in future.,1,NEGATIVE,0.9993438124656676,-1
06458f53-858a-4fde-adbf-3f7c5bbd369e,they delivered the incomplete order and refused to refund for remaining item. disappointed again with their services.,1,NEGATIVE,0.9995552897453308,2
c59976af-140a-4ae7-886d-b20bacb6f5a6,worst rate by me. but i don't have order id . sir thoda behen k londe h jb mne apko email kr diya h usko check nh kr rh hn or yhan aaker gyan baat rh h,1,NEGATIVE,0.9980961680412292,0
2830d34f-433f-46a1-b64e-c7031692511e,swiggy ne mujhe refund nahin diya. 👊😡,1,NEGATIVE,0.9982886910438538,0
5580fa99-e720-4eb9-9e1c-4d934f48e9fc,"pathetic service, no proper customer support to resolve issues only chat bots which don't understand the issue. keep delaying the orders without proper reasons or updates, keep combining multiple orders without any updates, by the time food reaches us, it will lost its freshness.",1,NEGATIVE,0.9998247027397156,12
1eded1ca-ac94-419d-bbc8-99efe86e5e92,worst sevice and worst customer support,1,NEGATIVE,0.9997987151145936,3
6f5b2426-435b-4d57-a8e4-4df795fab165,very very foolish app they try to fool their customers,1,NEGATIVE,0.9997028708457948,7
8de45cce-6249-447c-a947-377f1a3695c2,"the open box delivery is mandatory for many items. because of which you lose right to return and also can't buy anything as a gift. so, i usually avoid buying from instamart.",1,NEGATIVE,0.9982574582099916,16
700709c3-8077-4d71-ac5d-ac7abac99258,wtost app no offers ban it if possible,1,NEGATIVE,0.995716154575348,-1
5d96a5e2-9f34-4417-aff4-930150c465e0,"swiggy's delivery service is absolutely pathetic. my order took 1 hour and 29 minutes to arrive, which is completely unacceptable. i complained through the app, and all they did was assign another delivery partner. after that, the app kept showing ""11 minutes away"" for ages and even promised that my order would arrive in 25 minutes, but it never did. stop misleading customers with fake etas and fix your broken delivery system. this is beyond frustrating and a complete waste of my time. i expecte",1,NEGATIVE,0.9998093247413636,8
2bf05f9e-02a4-444e-93e0-9eb49e791bde,"i was selecting items to add to cart and when i was checking modes to pay it out of nowhere on its own got initiated and ordered on cash on delivery... just a minute later when i searched how to cancel and tried to cancel it, it didn't cancel!.. and then i received the delivery that i didn't wanted. this was my first experience and so far the worst. ( the delivery agent was the only kind thing here)",1,NEGATIVE,0.9997009038925172,2
6cec640b-eab2-44c6-b74e-bdcf1174bc9e,bad experience with one of my order. i ordered food. delivery partner didn't delivered my order even after 2hr i called customer care for help. they are simply telling i will cancel order so you will get refund that to after 7 working days. so you can order again. i lost my voucher and time,1,NEGATIVE,0.9996507167816162,-1
444f64eb-d02c-4da7-9709-44a9261c7e95,swiggy charged 100% of my amount as cancellation charge,1,NEGATIVE,0.9913215041160583,9
9d4bc35d-2e81-4d51-aa18-4d22c410fd58,i just ordered the food and it's saying that it's raining heavily and here there are just little drops of water,1,NEGATIVE,0.993749737739563,21
9c339ecf-2216-4de4-955d-55ac881d344f,i buy many products not good i try last time if this time also products is not good i permanently delete this app,1,NEGATIVE,0.9996829032897948,-1
96bd2ab5-11e7-4cdf-bdeb-445838f84ae8,"don't ever book anything from this site,i booked sweets for my relatives in delhi they neither delivered the sweet saying the location was wrong and nor picked my phone just informed me of this,and kept all the money booked for sweets they returned me nothing.",1,NEGATIVE,0.999268114566803,-1
37c33560-fa5f-469d-aa35-6bb4d3126ce8,i had ordered for my brother and he had no idea that he was going to receive the parcel and instantly the delivery guy cancelled the order without reconfirming because it was fully paid and unfortunately there is no refund option also. now i got a lesson i'll never pay online and additionally i will order a huge amount of food in a wrong address on pay on delivery and cancel once it reaches at the location. then let's see how you guys will work for this. very disappointed with the service,1,NEGATIVE,0.9996947050094604,2
f7147ae7-4f0c-4db3-bc24-1a8743565b45,it is very nice but it very long it is very slow but it is very beautiful not beautiful it is very nice underground it is very bad because it has very long it give very time to come here is the delivery boy was very bad and the food was very bad quality the packaging was very very very very very very very very very bad the delivery boy was very rude the delivery boy gives slangs the delivery boy was telling me give me rs 1000 i not give him then he was saying me slangs i can't deliver in swiggy,2,NEGATIVE,0.9984995126724244,-1
bc66fec5-71ff-46ee-b4a4-5ed4646aa9bc,y'all really scammed us with the buzz campaign.,1,NEGATIVE,0.9966784715652466,19
0c2ffc58-e605-443d-8d99-c2f5f5c9ca38,who did you suddenly removed buzz!?,1,NEGATIVE,0.9927632212638856,18
c70addfd-3437-42ce-b6ba-739f3dcd5358,"worst experience, worst customer care, worst platform, worst reply, worst, worst, worst, worst, worst.",1,NEGATIVE,0.9997960925102234,1
074e3721-380c-47e3-b693-953132451767,they cancel the order and then remove the offers,1,NEGATIVE,0.999727427959442,2
f7e3e9db-d434-41bc-8acf-0b0c18c04fbd,"worst app loading loading loading.. worst dont install, peoples please install zomoto very good app",1,NEGATIVE,0.9992485642433168,29
bf8aad9d-16d9-44a6-844c-469d84765b3d,worst app. for food delivery. not reliable on this app for food,1,NEGATIVE,0.9998028874397278,10
f0f20bf0-4360-4b7d-8a8d-e09cc3de2fef,"today is my daughter's 5th birthday i ordered the cake but it was delivered and when we see it was damaged. our complete family was unhappy, the party mood was gone. delivery unhappy",1,NEGATIVE,0.9995230436325072,28
93c742aa-276d-4f2f-b81b-2b72ee05a496,hlo swiggy waleo t apki menu me koi or pic hoti ha and name kuch or hota ha esa kyu?,2,NEGATIVE,0.998950183391571,0
420f5bd2-8a07-4060-bfef-c98523c77d21,digital kitchen in this app very low quality kitchen. please don't oder digital kitchen. and swiggy don't give my refund. please give me my refund,1,NEGATIVE,0.9992296695709229,44
e186d879-dffe-4ddb-b9c2-d5ff4c3a3ef4,lower delivery hota lekin fast delivery karo,5,NEGATIVE,0.998276948928833,-1
7738556a-24c9-47fa-938a-1d5c096a3357,too much gst and app charges... not worth ordering. takes almost 50-100rs extra,1,NEGATIVE,0.9998199343681335,33
bf0b5e57-f0ef-487c-ac10-dab423d8e466,milk main kuch toh problem lag raha hai,2,NEGATIVE,0.9910222291946412,0
79b458ab-5338-4bac-9c64-f4e0c4abb7e7,app achcha hai khana bhi fresh aata hai lekin jitne ka order nahin hota hai itna to charges hota hai and charges bataye bhi nahin jata hai ki kis chij ke liye liya jata hai sidha order karte hain to paisa badh jata hai and cash on delivery bhi available nahin hai please cash on delivery wapas lao and charges mat lo so this is a problem.,3,NEGATIVE,0.9994003772735596,0
5efbdf74-78ff-4c37-9e7a-f4641643f07e,"worst app, customer service is very bad , management is not good they simply cut the call in the middle of the conversation.",1,NEGATIVE,0.9998207688331604,1
d29ce10e-64c5-4150-b866-1e478be03dd5,you made my dineout cash expire :( so i had to book from district because they are nice about it,1,NEGATIVE,0.9781069159507751,-1
eac8dad6-52ea-4aa4-8a6d-8f31170e1084,buzz ur frnd removed out of nowhere they don't stand by their words,1,NEGATIVE,0.99784517288208,18
70ec2d4f-fa06-4f22-8d2d-84da29549d16,location fetching is very poor you need to change it i have to pay extra 50 rupees for it due to location and took way to much time,2,NEGATIVE,0.9987175464630128,-1
b6d59fb6-b142-452b-a907-cc212a77c0de,worst customer support. once order placed it cannot be cancelled with in two minutes after placing order.no customer support will help. worst app and services. it should be referred to conumer forum also.am trying for that.how got is encouraging such type of online delivery in india,1,NEGATIVE,0.9997959733009338,-1
6de00322-8461-46b7-87a8-852419314345,such a wastee food delivery app,1,NEGATIVE,0.9993956089019777,10
8e7bf6e5-fb52-4bc3-9450-757fc93c0b64,"swiggy instamart is terrible; they constantly miss items and don't refund them. plus, the delivery people are rude when you ask about it. swiggy used to be good, but lately, they've been having a lot of problems and pulling scams.",1,NEGATIVE,0.9990074038505554,-1
090ab714-5606-42a4-a495-8a9f12a2ed6e,"deliveries take almost an hour, support has been replaced with a useless ai chatbot that will never help you",1,NEGATIVE,0.9997435212135316,12
d4d27320-1000-4ce5-9abc-4e0df54514ed,worst service ever. swiggy is a big fraud. will try not to use swiggy ever in future,1,NEGATIVE,0.9998014569282532,-1
e3dae620-1d67-4faa-850b-bd809c2e8978,worst delivery experience never order on swigy as in the app it will show you 5 minutes 10 minutes and still your delivery partner will not pick the order for 30 minutes at least and overall it will take 45-50 minute for 1 km distance order in that period i could have walked on my own and bring the stuff,1,NEGATIVE,0.9996784925460817,8
62f3a20b-4ee2-40b5-a2ae-633fcc831e40,"the cancellation fee, amounting to 1196, was charged without a corresponding refund being issued..",1,NEGATIVE,0.9978067278862,-1
53240622-069a-4dd7-8fce-9e44e23591b1,"extremely disappointed with @swiggy. ordered food with an estimated delivery time of 25 minutes, but after 1+ hour, the order was still not delivered. when i requested a refund due to the excessive delay, support responded with the cancellation policy and said i'd be charged 100% cancellation fee. why should customers pay for delays caused by swiggy or by the restaurant? this is unfair and unacceptable.",1,NEGATIVE,0.9995996356010436,8
98cac085-2f2f-4da3-a2ec-caf889c71bf8,"recently ordered 2 special chicken biryani from sweet magic and there is insect in the food and when reached out to customer service and shared the photos, apart from saying sorry no action was taken. felt swiggy is now no longer responsible. this is the second iteration where swiggy didn't respond well enough.",1,NEGATIVE,0.9995415210723876,-1
994782cc-41a4-4741-97b5-04ee57e1ef6e,fraud food delivery app no response yet from support team food swiggy,1,NEGATIVE,0.9992064833641052,32
0f395b51-60c7-44e5-9925-0216391f7c6c,"🍕 expectation vs reality 🍕 ordered 3 pizzas after seeing the delicious menu photos. what arrived was completely different. all three pizzas had the same basic toppings—mostly onion, corn, and a few tomato pieces—with very little quantity. they looked nothing like the advertised images or the menu descriptions. what's more disappointing is that swiggy support didn't provide a satisfactory resolution. customers deserve food that matches what is advertised. this experience was not worth the money",1,NEGATIVE,0.9996824264526368,-1
e356dbed-e7f3-4fcc-93c1-07f76e5826bc,i ordered silver rakhi with complimentary coupon but i did not receive any coupon it's a big fraud.,1,NEGATIVE,0.9950858950614928,14
ae1d85fb-5e76-47ad-9bce-e0fa19c037f4,"wowww better than zomato, pricing is very low i love it",5,NEGATIVE,0.9956027269363404,23
c0e92151-92ac-4365-a883-7a8bdb8e694a,not punctual with their food time,1,NEGATIVE,0.9821632504463196,5
4cbe206e-9245-4e9e-b82c-56f77b872383,"absolutely the worst food delivery experience i've ever had. the food i received was unacceptable and felt like a complete waste of money. what made it even worse was swiggy's customer support—they showed no concern, offered no meaningful help, and simply left me with the problem. it's frustrating to pay for a service and then be ignored when something goes wrong. this level of service is completely unacceptable. i won't be ordering through swiggy again, and i would not recommend it to anyone",1,NEGATIVE,0.9998200535774232,6
59bbbc90-222c-4ce8-bbf2-f518a77fb75f,they will club your order with other deliveries and not tell you either they will not update the delivery time at all i always get my food late,1,NEGATIVE,0.998263657093048,5
ad7ad6fb-70d4-4c11-821d-933224252bd9,"extremely poor service from swiggy! ​i recently ordered a thali via swiggy, and an item was missing from the meal. when i raised the issue with customer support, they closed the ticket without providing any proper response or refund. ​closing customer support tickets without resolving the issue is completely unacceptable. i expect an immediate refund for the missing item.",2,NEGATIVE,0.999808132648468,-1
a87343bb-135f-4220-b244-c9ca36fcc940,"india's cheapest & poorest app , never delivere my order on time.",1,NEGATIVE,0.9997546076774596,34
5d7c64ec-2b3e-4f69-9de0-dad2eaaf83e3,"superr ,crazy ,delivery charges must change",5,NEGATIVE,0.9978418350219728,17
e16723f0-8f2d-4f5a-992a-5ad03d7308d8,i ordered food and cancelled in a minute but thy not refunded me they rubbed my money,1,NEGATIVE,0.9984094500541688,-1
e2e1d147-4fea-4725-a8fa-cd19bebd5187,"fraud delivery charges. rude delivery partner, app wrongly charges canceletion to customer upon delivery redier mistake",1,NEGATIVE,0.9994213581085204,-1
8bc3bb42-5af6-43f2-ae56-51e597b4d81c,"i mistakenly placed an order in another state and when i cancelled, they deducted the entire amount and are not refunding it. i did not expect this from swiggy.",1,NEGATIVE,0.9987375140190125,9
e136ee91-86e4-488f-8a00-6f7a68d7b310,swiggy is scam . swiggy is froud,1,NEGATIVE,0.9997010827064514,11
61b30721-b004-4c1d-8d50-e9fa2c386388,frequent items are missing in order to call multiple times to get refunds no need to waste time to use this pethatic service that's why uninstalling this app after using it for more than 8 years bye instamart,1,NEGATIVE,0.9991750121116638,41
649cf032-7925-4f5e-8178-bfcd458b73bd,i ordered ripe papaya 1.5kg+ supplied papaya was more than overriped and around 600 - 750 grams. very bad experience. there is no easy to operate return in the app. they offen supply such items in fruit & vegetable section.,2,NEGATIVE,0.9993785619735718,-1
a9a76c64-cad7-4c2c-8f83-813826f8ed8b,app crashes and unwanted notifications,4,NEGATIVE,0.9997197985649108,20
f1ab9a65-8990-4d53-9de1-d362373bba37,delivery charge are more compare to zomato,3,NEGATIVE,0.9734805822372437,-1
19bda1f9-0f19-4fe4-84e0-758b116228dc,worst app.. and even worse customer service,1,NEGATIVE,0.999800741672516,1
04e2b521-219b-499d-80c0-3f5cc4859ec3,value less offers shows hidden charges,1,NEGATIVE,0.9915220737457277,-1
5db4e7c9-2543-48d0-b16f-8559b5bcc371,scams and frod site awiggy ok allred,3,NEGATIVE,0.9995648264884948,30
61d54707-cdf4-4949-95e3-19277600ebd8,"worst experience, worst customer support. no response to the late delivery of the food and when it's completely their fault. they don't even mention exactly when it will get delivered sometimes and most of the time the app gets stuck at particular time for an hour and still the swiggy support doesnot care about return and refund. if you cannot be on time or apologise for your mistake i don't have words to call you but definately it takes not much time to fall to ground from top 3.",1,NEGATIVE,0.999747097492218,-1
794f77c4-7557-4032-adc0-90899283df5f,when i dint logged in then its showing just half price of every item i added to my cart . but when i logged in they came with their actual chutiyapa. hate this app. isse zyada delivery charges + 4 types of gst koi charge nahin karta . even though bill is of suppose 304 they make you pay 423 with 4 types of gst charges. never gonna order from this app.,1,NEGATIVE,0.9995336532592772,37
6f433615-4dd4-4817-9951-22d6fed323aa,swiggy is scam you are froud .. first it told that download swiggy we are give you buzz coin and now we download swiggy it removed scheme and we all achieve above 100₹ what about it?,1,NEGATIVE,0.9990338087081908,11
ab9f003b-1fe9-4975-80be-ae67bdea782c,bahut hi ghatiya app ho gaya hai bas paise lutte hai order kabhi bhi time pr nahi ata hai ek ghanta late ata hai or khana ekdum bekar quality ka ata hai complain karo to koi bhi help nahi karte hai,1,NEGATIVE,0.9917735457420348,0
98235095-f087-4d2d-8223-a7a6b09076f5,"fraud. they deliver near expiry, dirty products.swiggy is giving heavy discounts on products which are near expiry or expired to clear the inventory.swiggy is still selling fda banned products. when customer tries to reach swiggy or complaint they ignore it. fda should shut swiggy. since 1 week mailing them still didn't got any reply.",1,NEGATIVE,0.9996659755706788,38
3d4b039b-c0d5-4309-9d0c-2039d63d6890,delivery guys are real time scammers swiggy does not resolve your concern and does not care. worst experience ever.,1,NEGATIVE,0.999810516834259,40
b9255136-91ee-4433-adcd-18f2a0a93a32,"not deliver order in time, it's delivery time not decreased properly, 25/10/2022 yesterday my order from swiggy, his team not give response to me for my complain against restaurant the taste of jammu, jammu swiggy franchizer so smart, his rates already increased in rate list, so many conditions apply on coupons . coupons not easily apply on top food brands.my yesterday date 5-08-2026 complain not resolve so,finally i am quit and boycott your swiggy app write now.",1,NEGATIVE,0.9996238946914672,6
2f64e3d8-4347-4c08-9b6c-47edbd12d2c7,"very bad. within 5 delivery they mistake minimum 2 delivery. items missing, expired item delivered, bad quality items. delivery time delivery boy don't check, any problems call customer care. customer care ignore your problem politely with no return or money back or replace. full irresponsible ... lastly they told 10min but actually they take almost 20 to 30 min foe delivery for instamart grocery.",1,NEGATIVE,0.9994756579399108,-1
bb228eeb-8f6a-4bb6-aee9-db7f71b89eda,there is a big big fraud going on. first they will ask us to take a 3 month plan after purchasing. when we start ordering again some fast delivery option will reflect on screen for that you have to pay 30rupees extra for delivering in 15minutes. after paying extra also they will send your food in 35minute. and also if you start complete in customer support ai will assist you. then you won't get any support ai will you only your order status that it please. i will request everyone to stop using,1,NEGATIVE,0.9977430105209352,-1
710d3496-0d59-47de-9be6-271f184dbdd0,this application is so messed up as they have ai do the work of humans like seriously due they got just 2 automation messages and don't even let us connect with the actual customer care services,1,NEGATIVE,0.9997517466545104,3
67f323de-5ad2-416f-bd30-41157581f6c3,such a pathetic service. and not even a proper support. when i was ordering the food it showed 30 mins but after i ordered it showed me 60 to 70 mins . it was already passed 30 mins but till that time my food not even accepted by the restaurant and the delivery partner not assigned yet. so when i called the support to cancel my order. they even frustrated me...put me in 9 mins on hold and blaming me to take 100% charges for the food wastage which the restaurant haven't started preparing.,1,NEGATIVE,0.9997598528862,5
2582ec42-291b-4e25-a2ad-27e6dd31fecf,"the worst ever food delivery app , you need to wait hours to get delivered when you are hungry no delivery partners available for them , and event can't get their help section it simply show a error screen",1,NEGATIVE,0.9998021721839904,10
956c9dde-5708-4d79-96aa-3882f6138c73,never deliver on time if they are late they freeze time in their app,1,NEGATIVE,0.9993182420730592,34
f98f66fc-3fd1-4993-b35d-99541b1351da,"i 1st starts the offer for buzz , then just discontinued it in just few days . it's not good if you a this big company then this cheap things doesn't suits you .",1,NEGATIVE,0.9997768998146056,19
0c4299b7-767e-45e3-9a22-249ad8d68724,"useless and garbage app, forcing for pay double and triple for food. 😡😡",1,NEGATIVE,0.999768316745758,10
55e96e46-e1dc-416c-a65a-214363c035ad,kafi bura experience tha aaj ka swiggy ke sath 1 and last order le bi liya or dilevery bi kar di but koi order hume receive nhi hua or screen par order done show ho rha hai completeley very bad 0 star for this,1,NEGATIVE,0.9996021389961244,0
3709e3b0-ef14-49b6-96c5-26720e861b90,trash service with no response from the customer care do not use,1,NEGATIVE,0.9988378882408142,3
92a74342-fbb3-44c6-9228-8f3f24ea6e40,mx app aahw ha bx neet ky dakhvatch nahi ha app,1,NEGATIVE,0.9941613078117372,0
5189f94e-56a8-4bbd-9a52-33ca7bab5282,"rotten eggs delivered.1-star review (100 words) extremely disappointed with my swiggy instamart order. three eggs were delivered in unacceptable condition—two were clearly rotten, with discolored yolks and an unpleasant appearance, while another was damaged and cracked. this is a serious food safety issue and reflects poor quality checks before dispatch. customers trust instamart to deliver fresh groceries, especially perishable items like eggs. receiving spoiled products.",1,NEGATIVE,0.9997733235359192,-1
b52da226-4b48-4c98-b1d0-7168598796b7,don't install swiggy app .it's a fraud app,1,NEGATIVE,0.996777355670929,15
fc722218-5e6c-457b-9a30-9a136c193b75,"pathetic app ,waste of time and money",1,NEGATIVE,0.9998264908790588,7
05cbf437-f62f-4b0b-b025-e32fec21a40b,"रेटिंग से तो कोई मतलब नहीं है पर इनको, परंतु शायद हिंदी भाषा से बहुत तकलीफ है।",1,NEGATIVE,0.8783430457115173,39
ed4d77ba-00a7-46ba-bbc8-7992d9dfda7d,"the delivery service's poor communication, specifically the inability to directly contact a support agent, resulted in someone missing their birthday. due to this unsatisfactory experience, i would not recommend using this platform.",1,NEGATIVE,0.99980491399765,4
59760667-f001-4307-a913-d7ebbdb0bfb3,hmko galt item aur help wala option m photo accepted hi nhi karta hai,1,NEGATIVE,0.9901132583618164,0
6464233e-c418-47a6-b7eb-bfc88f97b341,customer support not given best our comfort language,2,NEGATIVE,0.995123565196991,3
36180525-cb87-45fb-a209-a9370c92c620,"what is happening with swiggy, i am trying to. onnect with delivery partner from unregistered mobile number i have tried almost 10 times by entering swiggy registered number, it says sorry please enter register mobile number and fi ally ending up the call. same i am turning around in loop but unable to connect with delivery agent.i have left an message to delivery partner to contact t me on my number but he didn't even check k my message and simply canceled my order and i got the whole charges.",2,NEGATIVE,0.9994263648986816,-1
61d1c4bb-4fb3-425c-a4a6-987faf0209ed,swiggy introduced buzz program offering free cash but suddenly withdrew it they are cheaters i will sue them in consumers court.,1,NEGATIVE,0.9987655878067015,11
5b6c5baa-836f-4881-8c96-f6b7e7216013,"swiggy is so bad fake offers,fake discount and fake marketing 😤",1,NEGATIVE,0.9998061060905457,14
01e2ab24-ee0f-43a2-a240-449732a35219,when we want cancel no refund when swiggy cancel after delay of more rhwn 1 hr no complensation and always delay service.. dont use have peace of mind use zomato and blinkit,1,NEGATIVE,0.996682584285736,2
dcaf63f4-04e6-40ca-adbe-543d95050fad,high charges and no proper customer care support.,1,NEGATIVE,0.9996787309646606,17
454991e3-792b-45ee-975f-b666ea5602d7,"i would like to tell swiggy that delivery charges are high along with the cost of food. whatever the cost of food, its delivery should be free.the swiggy app is designed to avoid adding delivery charges.",5,NEGATIVE,0.998877227306366,45
83b0197a-ff8e-49f1-85c5-0f78be41ab08,"3rd rate app, i will be uninstalling right after i receive the order toing/swiggy forced me to accept. while placing the order, the app showed that delivery will be made in 25 minutes but after payment it showed 45 minutes so i proceeded to cancel. the forced response chat gave me then option to cancel but not without a cancellation charge! why should i pay a cancellation charge when you cannot hold your end of the deal?",1,NEGATIVE,0.9994022846221924,2
49beb828-f43f-4e3e-bef6-b657e2160752,"what happened with the buzz thing, playing games with users!!!??",1,NEGATIVE,0.999189555644989,18
c56efc27-4efb-4416-8705-882d2e592081,very bad experience i am not received my refund amount,2,NEGATIVE,0.9996989965438844,2
8a33dd8a-9dab-4682-b5a8-7e238e415891,ordered the food at 9pm and it has taken 1.40mins to reach,1,NEGATIVE,0.99186509847641,5
e19ab505-ed58-4f14-aa90-ae16ba7f89ab,hm ko offer 🫴 milte rahna chahiye,5,NEGATIVE,0.9912872910499572,0
bee493a9-971a-46bb-a606-4d313a297036,this tym not available avilmilk thats very 👎🏻 😭,3,NEGATIVE,0.9994809031486512,-1
83a6895a-a32c-43b5-bb4f-bdff8ffead27,"delivers spoiled items on instamart. repeated deliveries of spoiled icecreams, broken eggs and missing items from. orders which u realise later. customer care has policies which will not help with adressal of your issues.",1,NEGATIVE,0.999300479888916,-1
fc9c26e8-9798-4c82-b918-e1c7d7d334fe,last experience is very bad i don't know about today.,1,NEGATIVE,0.9997256398200988,3
ac78ac8b-223c-4606-b4c9-198a61f96dd5,i have ordered my delivery today in instamart and one item got left to add in cart but by mistake i have done the payment. so i quickly went to cancel my order. after clicking the cancel order option then. i got the 2 option to wait for an order or give a cancellation fee for a refund but they charge my whole money as cancellation but not show. and after clicking on cancel they show 100% charges 0 refund. very very disappointing to see such type of event done by such a big brand. ##fraud company,1,NEGATIVE,0.9996345043182372,2
ef41a8c0-5b64-441e-ae96-65acf94cdee5,can't able to cancel the order.. very bad experience i am cancelling my order since 20 minutes but on response,1,NEGATIVE,0.9866662621498108,2
5b64f995-2f3e-4fdf-867e-8363bcaddb14,"this app is completely rubbish, it is very useless, i will never download it again, they serve such bad food and i just want to say that do not order anything from it.",1,NEGATIVE,0.999769389629364,-1
987d6d21-e96e-4d31-9255-94361b4071b4,"even after paying the delivery fee extra and waiting for 1.5 hrs my order was not delivered. no proper response from the customer support team. new ai bots help you by telling the same answer for any question you ask. waste to order food from swiggy and on top of this type of service, you ask to join one black membership by paying more money. i prefer to be away from swiggy due to this experience multiple times.",1,NEGATIVE,0.9996765851974488,8
cf50aedb-2051-4f17-afca-5216a7825139,"i requested cancellation immediately after payment, but your chatbot and support delayed the process for nearly 20 minutes. then i was informed of a 100% cancellation charge. if there is no refund, don't call it a cancellation policy. clearly state: ""no refund after order placement."" the current wording is misleading.",1,NEGATIVE,0.9995597004890442,-1
547839b1-59d4-4917-b007-6776e6df25ae,bakwas service if i have the option i will never give 1 star either bakwas never ordering food again from you swiggy worst service don't order anything from swiggy,1,NEGATIVE,0.9996955394744872,6
21187e7b-e499-42e0-a1c9-46c6c78863dd,poor app. pathetic algorithm. don't know to maintain queue. harassing customers by taking 2 hours to deliver from 500 meters restaurant.,1,NEGATIVE,0.9997207522392272,-1
d6bd0581-8ec2-4fa7-b3bd-6529d676d1f5,"zomato is much better than this app .. unnecessarily high prices..waste coupons ..delivery charges ,gst everything is costly that's why it is downgrading day by day..i can hardly see anyone nowadays who orders from swiggy ,that's why running offers like buzz , light a diya , christmas tree bla bla",1,NEGATIVE,0.9988908171653748,23
5e331c87-d9c0-4961-ae30-4b4dcc5b553c,stop selling substandard products from noice,1,NEGATIVE,0.9994613528251648,-1
bc0d47ce-74c9-4b06-944f-4ba2eb74758d,customer service is poor for food ordering.,1,NEGATIVE,0.9997602105140686,24
43c0e7a8-6bd2-43e5-ba51-ca1b3e51e621,"worst customer support experience. it's been about a month since i reported an incorrect cancellation fee, but swiggy has still not resolved the issue. i have followed up several times, but they keep delaying instead of fixing the problem. very disappointed with the lack of accountability and customer care. i hope this issue is resolved soon.",1,NEGATIVE,0.999526023864746,9
f4099198-8008-4455-82f0-b35b0d492196,"terrible support, one star again for having terrible ai support",1,NEGATIVE,0.9968302845954896,3
63803967-9d04-4f75-b898-4f88fd098d3a,most of the time it takes too much time. worst app,1,NEGATIVE,0.9998149275779724,1
6b55d970-14be-48ec-af1a-ad433aeb7ba8,the instamart delivery is more slower than normal food orders.,1,NEGATIVE,0.9991292357444764,-1
ba31d0d9-8fa9-4252-990e-ab8fc52593a7,i'm uninstalled due to whatever i ordered it took 1 hour to deliver the delivery not recommended worst app no proper gps location,1,NEGATIVE,0.9996854066848756,1
0415a220-bea3-404b-876c-3b2c0783bdd5,terrible experience with delivery time. most often they wouldn't have delivery partners near the restaurants and delivery is always delayed. pathetic service! zomato is far better!,1,NEGATIVE,0.9982761144638062,13
26c0dfd4-67bb-450e-b1b9-c0e909acfeb5,chat bot highhacks the request for help. cannot reach a human agent.,1,NEGATIVE,0.99945729970932,12
33c502f2-ccf6-425e-bcd2-a42e2f2e0599,ai chat bot sucks.. just repeated message. not understanding customer queries about the order.,1,NEGATIVE,0.9998130202293396,12
3d62747b-3118-446d-a405-b628d1f6568d,aapke pav bhaji me baal nikla hai,2,NEGATIVE,0.5258471965789795,0
eeaa3662-f128-4ebb-b145-7af963842bcb,"i ordered the spiderman kinder joy from swiggy instamart because that was the product shown in the first image. however, i received a completely different order. i raised a complaint, and instead of resolving the issue,the replacement order contained the exact same wrong product. i clearly ordered the spiderman kinder joy, but you still sent the wrong item again.there was no proper communication from the support team.the service has been consistently disappointing. without a doubt the worst app",1,NEGATIVE,0.9998087286949158,-1
1d594e19-829d-4103-b37d-e2a12b44b95b,add cancel option or customer service number. fraud company,1,NEGATIVE,0.9988266825675964,2
bac677bc-2553-4604-a9fb-4799af1f0437,poor customer support. waste of time to connect with customer support,1,NEGATIVE,0.9998100399971008,3
0a6e3068-422c-424b-b580-0dd19c30ea13,removed cod (cash on delivery) option for me for no reason. i will use zomato no worries.,1,NEGATIVE,0.997661590576172,29
08835022-8969-4d36-8b19-1ed8f0668224,"my first order, i am worried how much better 😊",4,NEGATIVE,0.9995276927947998,-1
8808bfd0-23ee-4ae6-a949-43c4f8b137bc,worst app.rating 1 star as i don't have option to give _ve.one or other item is usually missed in the order and everytime they will say they will improve.nothing happens. i was always right about this app.worat food delivery app to exist.never delivery anything on time!! they do at their convenience.zomato is any day better than this app.always faced delivery issues with them!!i wish there was a negative rating!!!,1,NEGATIVE,0.9995005130767822,-1
65e4784f-2d96-4b02-8cee-f4c5596432a2,"pathetic service, they will take your money for using the app and tell you no refund will be given, no food will be given and customer can go and fight with the restaurant, then why the hell did i order from your app if i have to deal in person with the restaurant. these people will make you suffer with hunger then say we can't do anything as this is our guideline. firstly they will lure the customer with so many discounts to use the app in return of no food and money loss and frustration in bon",1,NEGATIVE,0.9991925358772278,-1
48b559cb-f925-435b-ac35-9392a7a6191a,very unprofessional customer service executives,1,NEGATIVE,0.9984821677207948,3
f29ed8be-d7ac-46b4-a0e0-28a3b4acdcf6,"poor experience, too late service",1,NEGATIVE,0.9994760155677797,3
daff83e5-d35b-426d-afa2-3c60398c616a,worst experience ever.. they charged cancellation fees after cancelling order on their own ..,1,NEGATIVE,0.9998019337654114,2
9c1c5345-ce8c-4ba2-9387-7ecefa3ef5b7,rat it's too much high all restaurants,1,NEGATIVE,0.9993213415145874,-1
0445aab9-b934-4f93-a661-be7c93e33500,jo price aap dikhate ho sem hi price rahane do coupon lagakar uska mines hona chahie vah to badh jata hai isiliye kuchh order nahin kar pata hun main,5,NEGATIVE,0.9963898062705994,0
e6739ab3-f10d-4291-ab73-cdf3b728a52f,i have ordered burgers but it was rotten and giving foul smell. my family members vomitted and had to visit doctor. swiggy is not helping at all i have not received proper resolution from them.,1,NEGATIVE,0.9996009469032288,-1
fa40108b-ac93-463e-8ac4-1631fffbde71,the app is not working on my phone.,2,NEGATIVE,0.999665141105652,1
cf51043b-59c2-45b0-b78c-12b4a0770e9c,no customer service. pathetic app.they don't reply mail,1,NEGATIVE,0.9984421133995056,-1
92bddf33-cd1c-4f9d-a38b-04acb711758f,"minimum wait time is 45 minutes, and if have hesitate to order then your order will automatically converts to cash on delivery order , be surprised when get delivered,",1,NEGATIVE,0.9158121943473816,4
3d882503-94fd-41d3-a4a7-db7f82275dea,"always have fake offer , overpriced items",1,NEGATIVE,0.9973114728927612,36
2afc3779-677d-4927-bc75-b37e34efa3a5,"very disappointing experience. at the very least, respond to my email, @swiggysocial. ignoring a customer's complaint is unacceptable. i have been patiently waiting for a proper response and resolution, but all i've received is silence. please acknowledge my complaint and address it professionally.",1,NEGATIVE,0.9989720582962036,31
425d6de0-8a49-41f3-ac49-450d5699e0a9,"terrible service, always late orders and customer support is completely useless.",1,NEGATIVE,0.9998125433921814,-1
4f588880-b731-4372-a883-c9539ab36f61,"user experience is filled with ads. timing shown is wildly inaccurate. customer service is just ai slop, with no actual useful information. absolutely pathetic experience.",1,NEGATIVE,0.9998185038566588,1
7ae6ff4a-ddc8-423d-bdb5-99adda82fd84,what is this order quantity was low and price was too much low,1,NEGATIVE,0.999775230884552,37
53eab77a-e763-4ec2-8ec4-89c5def1e442,"shameless food delivery service, they take 30+ minutes to assign delivery partner on top of that their partners doesn't respond to calls. nor even app support helps. many times after 1.30 hrs they told us unable to deliver and offered refund. what the hell is this. completely unprofessional and unethical.",1,NEGATIVE,0.999723255634308,5
a6b3611e-301b-4452-96e7-2b5d45339307,"i received spoiled chicken which was highlighted to customer support and chat support no one helped to solve my concern, my order is is 29419258, without giving any resolution my chat closed and i got confirmation email saying will take feedback , i don't think this is solution, i have been using this platform from very long , i am really disappointed the service, i request team to take right decision here, i already sent email no one bothered to respond",1,NEGATIVE,0.9991759657859802,12
d801a77d-b4e4-4037-aea6-daf5e5950c40,"absolutely pathetic service since last 1 week. my address is showing unserviceable since 1 week on instamart. i can order food via swiggy on my address, but i cannot get groceries delivered to the same address. worst part is my neighbors in the same building are getting there groceries delivered via instamart. despite complaining to swiggy multiple times they have not been able to resolve my issue. (fyi this same address is servicable on blinkit, amazon groceries & big basket)",1,NEGATIVE,0.9995823502540588,-1
7235ebf3-3d00-4957-8a7a-89e8741c2a44,"do not use swiggy. ​on august 1st, they delivered inedible, stale pastries. customer support promised a callback from senior management—they never called. ​when re-escalated today, swiggy simply abruptly closed the chat. ​zero accountability. zero resolution. terrible service.",1,NEGATIVE,0.9997636675834656,26
42131f7c-3f5a-4bcb-bfc9-55163da744bc,"why did the app even start the event of buzz streak and after 3 days now it is not able to open..... and even after applying offer the gst consumes most of the money amounts..... which restaurant takes packaging price... while in person when we go in hotel and order they take zero packaging.... but in swiggy the same hotel asks for 15 rupees and also there is a restaurant gst added as well... which make no sense... as the same hotel in person when we go to eat, they don't even mention this....",1,NEGATIVE,0.9993519186973572,-1
26f1fd00-130e-4c95-b9fa-bffa10a09761,delivery to is to late then the tell,1,NEGATIVE,0.9767012000083924,4
c552bff0-bbb1-4bf6-9c4a-59de56d75e81,"1 स्टार अब तक की सबसे खराब डिलीवरी सर्विस का अनुभव रहा। ऑर्डर समय पर डिलीवर नहीं किया गया और बिना किसी संतोषजनक कारण के आखिर में कैंसल कर दिया गया। ग्राहक के समय की बिल्कुल भी कद्र नहीं है। अगर समय पर डिलीवरी नहीं कर सकते, तो ऑर्डर स्वीकार ही नहीं करना चाहिए। ऐसी लापरवाही और गैर-पेशेवर सेवा की वजह से दोबारा कभी इस प्लेटफ़ॉर्म का इस्तेमाल नहीं करूंगा और दूसरों को भी यही सलाह दूंगा।",1,NEGATIVE,0.886120080947876,39
54e4685e-9b00-45e1-9077-0445debad72b,refund not giving.. dont do upi payment the order got cancelled and they won't give a your money back.. worst app,1,NEGATIVE,0.9997946619987488,41
3ffa994f-3346-49c4-8af3-1ce62b3c107a,"recently i placed an order, after ordered within 15 second i have canceled due to some emergency still my amount didn't refund yet. already dropped email for this multiple times but didn't received any response yet.",1,NEGATIVE,0.9972532391548156,2
b78d025e-369f-41df-83cc-39d12a26dc7a,takes packaging charges which are not worth it to charge from customer,3,NEGATIVE,0.9997448325157166,17
b84b63c1-b8c5-4443-a3be-82471ba07bda,abhi dekhuga kitni achi sarvish hai,5,NEGATIVE,0.6347180008888245,0
4c9eecbc-ede3-44e5-9cff-c54cc8424a79,"pathetic service. if you order some food online, wait till your patience is being tested. if the estimated delivery is 30mins just keep in mind it will be delivered in a hr. thats the service provided, if you ask any question why the delay they will just apologize nothing else. syed nazeer great guy who assisted and apologized for the delay. but no assurance the mistake wont occur again.",1,NEGATIVE,0.9992766976356506,5
dde1236b-9b80-4fe4-90e6-45fc1a2e1f38,delhivery partner not reached at address or location. delhivery send me 500 meeter to location.,1,NEGATIVE,0.9989805817604064,0
568c4a12-205c-4e74-b6ad-abe31da6a4fa,"a useless and irresponsible delivery app. when the delivery partner is not moving and switched off his phone, the app kept on increasing the delivery time. the useless chabot wasted my time for 15 minutes before providing the option to talk to the customer care the customer care person simply said two options - place a fresh order or cancel the order. a useless food delivery app. this happened multiple times.",1,NEGATIVE,0.9998156428337096,-1
1806b632-66c0-4cb4-ad65-4c77f25cf059,terrible pricing. they give 100rs off and then add 67 plus 30 rs delivery and gst.,1,NEGATIVE,0.9990254640579224,33
cf2ba6ca-321d-4efc-90cf-6c8b259f796f,"the app is lagging when, i am opening the track my order option",1,NEGATIVE,0.9997360110282898,20
637387e8-d1bd-4997-a212-83133f754678,i have been receiving steal food from some times,2,NEGATIVE,0.9038041234016418,5
35e3ca44-da44-4a15-892d-94db821377ff,buzz feature removed are you reading what you are writing,1,NEGATIVE,0.9994102716445924,18
e0ecdf3a-3871-47a5-bf61-64de3ae14ccc,"bad platform no, discount and high rate: in my opinion.",1,NEGATIVE,0.9993306398391724,-1
978528fc-0b3a-469d-bd5e-2dbc73cce899,"worst service ever! i ordered food, and for the last hour the app has been showing “2 minutes away.” in between, swiggy even showed that it was raining, but there is no rain at all in my area. what is even more frustrating is that your support team is not answering the calls, and the delivery partner is also not picking up my phone calls. i want a full refund immediately. this is such a poor and pathetic service. there is no accountability at all.",1,NEGATIVE,0.9997755885124208,21
05c618b8-1751-46ea-8fee-740939f3a7b4,worst app everytime i order thee are some trouble happens..,1,NEGATIVE,0.9998077750205994,-1
ff87a178-e26d-4acd-a58e-1ee7fef541d3,"worst app ever no accountability for your customers, zero response from delivery partner and team as well",1,NEGATIVE,0.9998064637184144,1
0bcd727b-e9f8-4049-a3ff-800c3212eb15,i need my order item if there is no scam! i've completed the payment already,5,NEGATIVE,0.9949423670768738,-1
6c6787a1-ba6d-4ee0-b503-a8230f68b6a2,very bad experience and very poor service experience and customer service rudely😡🤬,1,NEGATIVE,0.999806821346283,3
d19197b5-6913-449d-9a8f-e981304e1546,the app keep crashing after new update. we can't track the order,2,NEGATIVE,0.99845552444458,20
ac9153a0-0a1e-453c-b8db-7acddd530970,delivery pàrtner not delivery order just rang the bell and leave the order there due to this i have lost the food,1,NEGATIVE,0.9997852444648744,5
1a62c2cb-9dc2-4e4c-b0cf-725170e57805,app is erratic. keeps rejecting my credit cards even after authentication. frustrating experience,2,NEGATIVE,0.9996039271354676,46
58c0d450-7cea-4d92-b806-16c9c047c0fb,delivery charge bohot lete ho ap log this is not good,1,NEGATIVE,0.9997970461845398,17
4877a216-3c44-4511-867f-3703e9b73e60,worst service in delivery they are not keeping up with timings talking an hour to deliver breakfast even it is shows bolt 14 mins while placing order worst platform ever,1,NEGATIVE,0.9998045563697816,22
732d6dc2-1017-45f3-827c-10ad27d926e6,"support is down the drain, they cancel the order from backend due to mixup with restaurant and don't agree to pay you back citing their cancellation policy! writing to support is like shouting to deaf ears.",1,NEGATIVE,0.999416708946228,-1
04a4b385-fcab-40ad-ba25-18a98e0922a7,customer support of swiggy instamart zero level.no customer care call option,1,NEGATIVE,0.998626470565796,31
9be2cb96-1cfb-470e-a920-7f0119609453,"""बहुत ही खराब सर्विस! डिलीवरी एजेंट घर तक डिलीवरी देने आया ही नहीं और बिना डिलीवर किए ही ऑर्डर कैंसिल या लेट कर दिया। अगर आप लोग घर तक सामान नहीं पहुँचा सकते, तो इस डिलीवरी सर्विस को बंद ही कर देना चाहिए।""",1,NEGATIVE,0.8469381332397461,39
9b26637c-4cf0-4cbd-959a-3a83b502ba7b,"jo 99 store us se maine ek din choco lava cake order kiya tha dominos se and jab bill aaya to 143 ka tha, aisa kyun",1,NEGATIVE,0.9912676215171814,0
6eb17389-d3db-461f-9315-132a5effe20b,worst app it has provided a page in app called buzz they kept only three days at starting it has 30 days time to participate in it they stop that page,1,NEGATIVE,0.9997844099998474,-1
683f5ba6-461f-4364-a645-60a4dc357f05,showed me discount till proceed to pay and will doing final payment swiggy increased 30 more ... good cheating business,2,NEGATIVE,0.9318494200706482,-1
2ffc8da3-a3bf-479d-9609-5485f669a24c,absolutely horrible customer support.,1,NEGATIVE,0.9997182488441468,3
ab136b34-73fa-4372-baf8-a89382b7f30f,fraud .. very bad service... order is too late and i have requested to cancel the order then the amount is not refunded in prepaid order. dont use this app,1,NEGATIVE,0.9995933175086976,7
3826a77c-adac-4aac-a1c4-1e471edb78d4,it was all fine until they wanted to get order cancelation money from me for the order of 200 rupees with the same amount. seriously what's wrong with you guys?! i was hungry.. i was waiting for that food for so long... why wouldn't i take it?? it's just that the delivery guy didn't have change and i myself wasn't able to arrange it... so they clear cut said give in change and nothing else.... even the restaurant owner said give the money in exact amount... means what?! i don't have it...,1,NEGATIVE,0.9983031749725342,-1
c775cadb-dfbe-4544-a73e-787f70ee9599,poor experience delivered expired products. again poor expired cashew delivered poor swiggy instamart,1,NEGATIVE,0.9997739195823668,38
d9ec9a15-aeaf-4d95-b90b-6a55b40265db,"arrogant customer care. bluntly refused to refund a wrong charge. i now use zomato, big basket, blinkit & zepto & use swiggy as a last resort only if required item is not available elsewhere",1,NEGATIVE,0.9993638396263124,9
726cbd10-29a1-4bec-ba99-2e15850ce940,fake discounts don't swiggy jaiii zomato,1,NEGATIVE,0.9765856266021729,14
3f722d04-426d-4968-a841-58dfe75bd378,chetthaa laaga undhi mee buzz sakkadanam,1,NEGATIVE,0.98150372505188,0
a236ad48-aee0-428d-8ef6-d10bc5e44c42,worst app in terms of offers and discount,1,NEGATIVE,0.9997968077659608,27
4cfe21e5-f878-47be-b57b-1c7388f5d2c3,each time they removed my 9 rupees everyday item. after paying for 3 months no delivery charges they are still charging for delivery.,1,NEGATIVE,0.9880113005638124,17
0e85926d-3e0f-464e-8e31-d13790b4f72e,they are running a scam of offering high value items for 1 rs then they do not deliver that product and offer you a refund of 1 rs,1,NEGATIVE,0.9995920062065125,30
4296c717-64e4-47c3-a84b-5d9ea8f26c03,good service and they follow instructions. my only issue is the platform fees and related fares which is a lot overtime added up. maybe we could have a subscription to cancel all fees?,4,NEGATIVE,0.9957679510116576,-1
f5cff45e-01ad-489a-af56-bd8a9db6df54,very. poor service extremely unhappy,2,NEGATIVE,0.99979430437088,3
e41187a1-e59b-4a2b-bd56-e8cf24c1b687,worst app ever it is scam app where the buzz challenge was a big scam just for their ad and to gain more user of swiggy,1,NEGATIVE,0.9997934699058532,7
8518710d-db14-49f1-9504-8724fb20e192,"froud app don't install swiggy app yeh app online payment lene ke kabil nahi hai yeh app coustomer ke sath froud karti hai koi bhi is app ko install na kare yeh app online payment toh accept kar leti hai par food dilever nahi karti inke dilevery boy bhi wishwas ke layak nahi hai mai is app ko mere or mere kisi bhi relative ,dosto ko is app ko install karne se mana karuga yeh app coustomer ki mehnat ki kamayi ko dokhe se lot rahi hai is app kedilevery boy toh juth bolne mai no1 hai don't install",1,NEGATIVE,0.9981830716133118,0
a111bdf6-a465-4e2c-997f-0f853e5dadd2,"it is totally a fraudulent company. i have ordered from instamart with full prepayment of the 16 items, while i have received only 15 items. as this is a big order, very smartly they have missed one item of good amount & when i raise the concern they close the conversation by simply saying to write the emails. emails, which were replied by their different person every time, they just reply with the same answer that they will reduce such instances in future and cannot provide the refund.worst app",1,NEGATIVE,0.9996894598007202,-1
f31add31-1252-4ea8-8ebf-137b11ba235e,deducts money but doesn't deliver order,1,NEGATIVE,0.9986940026283264,2
374874cd-6b1c-4ffa-83f8-d4c439494ca0,मुझसे गलती से स्विग्गी से फूड ऑर्डर हो गया और जब मैं उसको जल्दी से कैंसिल करना चाहा तो मुझे कोई ऑप्शन नजर नहीं आया 2 मिनट के अंदर मैंने उसको कैंसिल कर भी दिया किसी तरीके से और इसके बदले में मुझे कोई पैसा वापस नहीं मिला मानसू को मेल भी किया कस्टमर केयर पर बात भी की लेकिन कोई सॉल्यूशन नहीं हुआ मैं सभी को सुझाव देना चाहूंगा की ऑर्डर करने से पहले यह चेक करें कि कैंसिल कैसे करना है क्योंकि यह लोग आपके वहां पर कोई ऑप्शन देंगे ही नहीं आर्डर कैंसिल करने का और देंगे भी तो वह बहुत छुपा हुआ रहेगा जो,1,NEGATIVE,0.9021122455596924,39
b07c989b-8184-4bbd-8225-7af817c46d02,provide expiry date milk to customer and no resolution,1,NEGATIVE,0.9995272159576416,38
a212c33a-e113-44b2-99fa-55504c7e14d9,very very poor customer support.,1,NEGATIVE,0.9997891783714294,3
ee3f9c74-99ce-4c9f-ba0f-762d0bef66cc,this review is for messing with swiggy buzz event wasting my enery and time useless swiggy,1,NEGATIVE,0.9997208714485168,18
f34f7e2d-9b54-4a2c-99ab-0300555a4415,huge unreasonable prices compared to restaurants zomato way better prices,1,NEGATIVE,0.9981607794761658,-1
a793acb0-e68f-429a-b1f2-3a33cf70f09b,"stop using these loot apps and go to hotel to take parcels directly.for a simple paper packing, they charge 35-40 rs as restaurant packaging charges and various other charges which ultimately make you pay 167 rs for 2 idli & vada . so simply visit the hotel , enjoy your meals and save money too",1,NEGATIVE,0.9885039925575256,-1
d029c6c3-c1c6-40ac-a148-e7bea7972a47,"⭐ 1 star pathetic service by both swiggy and burger king. order 10:10 pm par place kiya aur payment turant ho gayi. delivery partner restaurant pahunch gaya, lekin 2 ghante tak na order mila, na koi update. na delivery partner ne call uthaya, na restaurant ne koi response diya. main khud 11:30 pm par burger king gaya, lekin staff ne order ke baare mein koi information nahi di. app par tab bhi ""restaurant is taking some more time"" hi dikh raha tha. aakhir 12:04 am par bina koi explanation di",1,NEGATIVE,0.999136745929718,0
a330c18e-05a7-47a5-a27e-fe36ffe0d9ca,why are you robbed my 178rs free cash?,1,NEGATIVE,0.998369038105011,-1
b750e1d1-56a7-4559-b110-64f2c55c4380,"worst customer experience ever. i paid ₹165 in advance, but after payment swiggy changed the order, demanded extra money for a forced replacement, and offered zero refund. there was no way to reach a human—only an ai chatbot that kept blocking support. the situation escalated so badly that the delivery partner arrived with the police at my doorstep at 4 am. this is not customer service. this is customer harassment. deleting this app. never again.",1,NEGATIVE,0.9998006224632264,-1
6f4dd092-f13f-4768-a113-519782e41c5b,"i am very disappointed with swiggy’s service. my orders have been getting delayed frequently, and the delivery experience has been very poor. the biggest issue is the lack of proper customer support—there is no quick or helpful response when customers face problems. i expect better service, timely deliveries, and proper support for customers. please take this feedback seriously and improve your service quality.",1,NEGATIVE,0.9995349645614624,40
eb3bab84-74c7-4b7a-8607-41b1feb892b9,really bad experience delivery take more than 1 hour and the food is cold,1,NEGATIVE,0.9997556805610656,5
8560d05c-94ba-4284-be83-5b7c87f818a5,worst delivery partners and worst app,1,NEGATIVE,0.9997952580451964,1
dbfd4486-03ce-4318-bdbe-49df9d207405,"worst service, accepting the order but no delivery 😡😡😡",1,NEGATIVE,0.9997310042381288,22
ed168496-432e-4169-91e9-1a52a31d0e72,most of the delivery are late and no response,1,NEGATIVE,0.999220848083496,4
42d4bdb2-156e-4375-85f1-bd0b52483581,"extremely worst service, backend service is very very bad",1,NEGATIVE,0.9998148083686828,3
61eab535-71f8-4a2e-8790-df69cf5eb4f0,90 percent late delivery with no proper replies zomato is better,1,NEGATIVE,0.9988319277763368,13
b90c6499-e563-4a7d-958a-9d984714c06d,worst experience and only use zomato please. uninstall this app asap,1,NEGATIVE,0.9997429251670836,29
aa0753e6-6b86-4b4d-a795-dae741beec0c,such a disappointing experience. first it took 30 mins to assign the partner and then 15 mins to deliver the food for 5 mins road. no refund was available on the cancellation as well. such a disappointing experience,1,NEGATIVE,0.9997630715370178,5
30e8fd4b-8904-4acc-9b17-3980f152e5e2,very poor service from customer care of swingy. i ordered havmor ice cream and recieved expired items. and when ask to collect the products from my address and initiate refund then i was told that the matter has been of more than 24hrs. infact i reported the issue as soon as i recieved the order. the customer care executive made me wait for more then 30mins and didnot issue refund. very poor service.,1,NEGATIVE,0.9997921586036682,-1
d2435508-4675-4629-8489-d0389230cdad,payment praice se jada lagta hai,1,NEGATIVE,0.9483168721199036,0
742db2c0-8541-48f8-967f-874505695387,fast order delivery is within 15 minutes ✅ first order (chicken biriyani full plate) purchase offer ✅ ₹95 quality of test ✨ ✨ ✨ ✨ ✨ quality of chiken 5 ✨ but quantity of biriyani 3.9 ✨ deliver time speed 5 ✨ thank you....🙏,5,NEGATIVE,0.5943326354026794,-1
f4595500-e319-49f8-ab5f-eed48ee54c40,waste app bad experience 2 times am ordered one time order not came my place 2 nd time order taking long time delevery partner saying there is no food metrial he said cancel order don't order on this app it's trash app,1,NEGATIVE,0.999311089515686,-1
06c0c077-02e5-4e5f-9234-9c9fe28c8e1a,loot maar hai🤯🤯🤯 esse achha झोपलो hai..plz सबब uninstall करू तू much लूट marii,1,NEGATIVE,0.9949342608451844,0
e02a1c77-db66-400b-97a3-e40169490361,got a cold pizza ordered at 11:00 received at 12:12 and there is no proper response at least an apology..,1,NEGATIVE,0.9995887875556946,-1
38bc1108-11d8-49ea-90ad-f6f76414cbf9,payment not satisfied for me. better another restaurant,1,NEGATIVE,0.99919992685318,-1
44562362-5750-4488-a199-d446ba4c0d54,"it's a big downfall, swiggy doesn't even consider mistake or error from restraunt even if you get chicken lollypop instead of dal khichdi. pathetic.",1,NEGATIVE,0.9677432775497437,6
e7195a03-8a69-4328-8ba2-0a0b0b144a26,third class service waited for 45 mins still no one there to deliver thr food,1,NEGATIVE,0.9991711378097534,5
90b72b11-da7c-4eed-a8bc-b0c3063d5c62,mene ek pizza order kart tha muje laga ta ke 69 ka order 100 se upar hi chala jaega lekin jab maine dekha ki mera order 71 ka ho raha hai to bhai mujhe dekhkar hi maja a gaya itna sasta to toing app per bhi nahin hota aur itni raat mein pizza khakar maja hi a gaya tumhen rating 5 out of 5 dunga thank you swiggy 😊😊😊,5,NEGATIVE,0.9893383979797364,0
a7e3a019-cd83-4008-bb5a-bd4084fa8aa0,"i mistakenly order a medium size diaper in swiggy instamart, i'm sorry for that. actually i want large size for my baby, and i ask for return or exchange. i didn't even open it. i request for that, but they said they can't. really i feels like, i'm ordering always in instamart and this issue they can't help me. i don't know what to do with this medium size diaper! really feels very bad.",1,NEGATIVE,0.9996786117553712,16
1d81c092-88bf-497d-8972-26838d7b1986,"better not to install, delivery time keeps extending, delivery never happens, you have to cancel the order or just keep seeing extended delivery time.",1,NEGATIVE,0.9953849911689758,-1
60e1166b-52e1-4ec9-9245-607ffb8b2fba,auto submission of otp when i didn't want to go ahead. click to stop submission button did not work!,1,NEGATIVE,0.9997829794883728,2
054b35d4-f366-45de-b46f-762c446bfa49,"literally got crashed eggs case and wet notebook, no resolution provided. unprofessional delivery agent and support agents.",1,NEGATIVE,0.9998038411140442,-1
c3592bf8-4180-4c65-aaa2-f8d870cafe30,very poor service... deliver spoiled packaged items like pepsi can and don't admit the complaint .. worst service,1,NEGATIVE,0.999739706516266,24
7be8ad72-fa82-4c6b-8fb5-903a1d7ce39e,"when i order something, the help option is not working... annoying",3,NEGATIVE,0.9997754693031312,-1
25e4b1c9-8ec3-4d6f-9290-af68626f75d2,worst service ever. so i have an order from grameen kulfi that says preparing for more than an hour. there is absolutely no customer support just a bot you get connected to. i cannot cancel my order either they want the entire amount as cancellation fees for no mistake from my side. the restaurant isnt responding to calls and the delivery executive is left clueless by the restaurant partner there is no help just frustration,1,NEGATIVE,0.9991968274116516,-1
a602e737-9b75-4e26-a8e2-331a87d8003b,"very bad ,i booked for 40% discount,but end up pay full amount , the app i book was 40% discount in around 12 pm for 2 person dinner in persain darbar andheri ,but when payment bill ,no discount is showing,feel cheated",1,NEGATIVE,0.9958283305168152,14
f7484d8c-ee8f-4f14-ad2f-5d931fca560b,"worst food delivery app tbh, i had 194 rupees as a reward but when i tried to order something it vanished and never showed again... worst experience.",1,NEGATIVE,0.9997630715370178,10
d4596c3d-2e28-408a-8a6e-fe5038401c0d,why my 180 free cash is not applicable i want to ordered a cake for birthday and i selected the cake but the free cash is not add in that pls do something fast 1to2 hours pls today is my father's birthday pls help me pls do something in 20 min 😭😢 sir..,1,NEGATIVE,0.9974527955055236,-1
b17609b5-ede1-43e8-81b6-6f87fb3e5ee8,bad experience. i had ordered a birthday cake to surprise my husband but received a totally damaged cake. swiggy spoiled the birthday surprises😌😌,2,NEGATIVE,0.9995267391204834,28
0cce2feb-e0d3-4551-b9dd-db93469cd743,"fake delivery time line. observed many times , they even don't have the basic sense about time. if possible i could have given negative rating. please close your services bloody cheaters",1,NEGATIVE,0.9997047781944276,-1
0bc45e99-4914-414c-bce1-a3ee6d9ca092,waste of time they will play with us .i have ordered an sweet and the time was showing 10 min but after one hour still the order haven't received then i tried to cancle my order but they didn't cancle my order they will not give u proper service,1,NEGATIVE,0.9988662004470824,43
ed1e4eee-d5fd-4213-bf81-a8293eddfc17,very disappointed... i have ordered at 8.30pm but could not get 10.30still . and no one is replying neither given my amount back.,1,NEGATIVE,0.998519241809845,-1
29de37d3-74df-4f94-9a6e-b5f18b27c538,"the swiggy app is a total scam. i placed an order and spoke to customer care; they cancelled the order, but i haven't received a refund at all. this app is a complete scam. 👎👎👎👎🤮🤢",1,NEGATIVE,0.9994308352470398,15
a2a88e4f-ec53-4824-8ea8-3d44504fe2c3,my order is cancelled by swiggy . i guided delivery agent for address but i think due to poor knowledge he cancelled my order without finding the address. which is easily searchable in a govt approved colony. i couldn't understand why they don't find the address after guiding them. after next order the delivery boy easily find my address. i think the problem was the poor knowledge of 1 one. without knowing the problem swiggy cancel my order and charges cancellation fee. disgusting service .,1,NEGATIVE,0.9993056058883668,9
2f41ff4c-13c2-4586-8887-0cc0c462a182,"1-star review worst experience ever with swiggy! my order was cancelled, but my money is still not refunded. they didn't reorder my food and completely failed to resolve the issue. customer support keeps giving excuses instead of providing a solution. this is unacceptable and feels like a waste of my time and money. i will not recommend swiggy to anyone until they fix their refund process and start treating customers properly.",1,NEGATIVE,0.9998120665550232,6
761692e5-2a27-4f56-9dbe-fe7a8a74a76f,swiggy has become the worst. i ordered fried rice and it turned out to be slate and spoiled. i asked for a replacement or refund and they gave me a 60 rupees coupon and denied for the refund. uninstalled the app now 👎🏻,1,NEGATIVE,0.9997876286506652,6
bab581d7-4553-4e5d-816d-995ab7ed6545,worst app ever the hotel teams says are worst,1,NEGATIVE,0.9998036026954652,1
dd6c79cf-90d9-43c7-90bb-6f63ac68282c,because this app cannot take cash on delivery on night,1,NEGATIVE,0.998104691505432,25
b6828684-56c1-457a-84d1-9019ab050113,"this is my last order from swiggy, itna pareshan karte hai ye log, 2 ghanta wait karne k baad bhi bolte hai, order will reach you soon, this has happened many times to me in the city like delhi where i live. mood off ho jata hai coz of swiggy delivery partner itne bekar, fraud karte hai taki order cancel hi jaye",1,NEGATIVE,0.9953175783157348,0
d88491e9-7477-41e6-982d-ad0b6b8a5c07,"the delivery experience is nice and pricing and quality is also satisfactory .. i would just like to request the management to add more items like mother dairy pro milk, etc. and also an option to cancel the order at least for a minute or two duration , sometimes order can be faulty or needs to be cancelled for some other reasons and the app does not provide a window for that.",4,NEGATIVE,0.6842132210731506,-1
9adccdf4-71c9-4bd4-9ab6-4b043450ee7b,"i was excited when swiggy introduced the buzz free cashback program and actively participated in it for the first 3 days. unfortunately, the program was discontinued very quickly, and even the rewards i had already earned were taken back. that was really disappointing. it feels unfair to encourage users to participate and then remove the benefits without a clear explanation. i hope swiggy improves the way it handles promotional campaigns and honors the rewards users have already earned.",1,NEGATIVE,0.9991924166679382,11
ba701ad4-4c8e-4901-af36-f25b6aced293,offer de kr withdraw kr leta h 30 days ka offer de kr logo ko lalach deta h dhokhebaaz swiggy,1,NEGATIVE,0.9986801743507384,0
5cd59b2c-5a99-4d54-a5c0-b85b8dd29057,took away my free cash for no reason,1,NEGATIVE,0.9996287822723388,-1
9a40544c-9e5a-4637-bb0c-2978dc31066f,fake claims!! don't make claims which u can't uphold(buzz).,1,NEGATIVE,0.9981484413146972,19
5ff31fdc-a591-4e01-a352-3118f5e1fb3e,"i've been a loyal swiggy customer for years with swiggy one membership and swiggy hdfc credit card, yet i received spoiled food. customer support was unavailable when i needed help and no proper resolution was provided. food safety and customer service have seriously gone downhill. extremely disappointed.",1,NEGATIVE,0.999634861946106,6
3ec8b68f-03df-4a3c-8f72-49335ab6893e,"quality of service has been significantly damaged. very poor customer service, very delayed response and delayed deliveries by the restaurant.",1,NEGATIVE,0.999762237071991,24
0c6c555b-621b-4480-988d-7b412680b3a7,offer de kr wapas withdraw kyu kr lete hoo,1,NEGATIVE,0.9986391663551332,0
5b89187e-79d7-4caf-85e6-6aa9c71d52c5,yah bekar app hai isase mangaao kuchh aata kuchh hai aur uske bad koi samvida nahin hota samasya ka,1,NEGATIVE,0.9911823272705078,0
26edf291-79f5-44cd-bfda-4e740680c993,highly conservative approach to extract money from customers,1,NEGATIVE,0.8637303709983826,-1
e20a34d6-8286-4649-92bf-6e44622ef1ec,maine swiggy se order kiya tha. pichle 1 hour se wait kr raha tha mera order kab aaiga. order to aaya nhi or order delivered dikha raha h. totally money scam h. m consumer court me eski शिकायत krunga. customer care par call kro to receive nhi karte... 2 hour bad bolte h ki aapka order cancel kr rhe h...fraud app,1,NEGATIVE,0.9993318915367126,0
a84b2059-4728-4acb-8b21-850f494bd0f3,what a shamful act buy you in buzz offer totally dispointed,1,NEGATIVE,0.9996095299720764,19
b3c0eba8-60cf-4604-9d80-7b5a95d0e30d,"hello swiggy team, i had ₹308 free cash from the buzz offer, and it was removed from my account before its validity expired. this is very disappointing because i earned it fairly and expected to use it within the valid period. please investigate this issue and restore my ₹308 free cash as soon as possible. if it is not restored, i will be extremely disappointed and will consider not using the swiggy app anymore. thank you.",1,NEGATIVE,0.9983160495758056,11
21f12f46-c16e-4b62-ae9f-3064822c2e70,"after using zomato for many years,i downloaded swiggy because of buzz streak offer and hoped that i will give a try , but as always swiggy played games with us and wasted our time , such a shame to disrespect their own customers , if you can't then dont give such offer!!!",1,NEGATIVE,0.9996423721313475,23
64ba7cfb-b5a8-4c53-99f9-51c7e7cbe191,useless app ate all my free cash from buzz streaks,1,NEGATIVE,0.9997289776802064,-1
1fefbcda-10c7-4997-935e-5f3a79095844,charging unnecessary high restaurant and gst charges,2,NEGATIVE,0.99827778339386,33
f7b2c68c-b649-48a5-8f91-d7f23a51fb06,worst in the market ... fake coupons n promises there a lot in this app,1,NEGATIVE,0.999811351299286,27
2fa6af49-8cfe-471c-ac44-7342398d60b5,bro the food is 🤮. but when i want to review it then it is not showing that i have ordered 🤬.,1,NEGATIVE,0.9955655932426452,-1
77c6058e-8258-46f1-975b-16e83e83954e,"you gave buzz free cash and stopped in the middle of the campaign, which was a waste of time and effort.",1,NEGATIVE,0.999811828136444,19
50af6052-06c4-43bd-a86d-4ea3f3f2afec,"delivery guy took an hour when it showed it will be delivered in 20-25 minutes. all food got cold and stale, has to throw away item worth of 750. use zomato instead",1,NEGATIVE,0.9992013573646544,5
89eba9b9-3966-40e9-b39d-1b9fc883b0a9,delivered wrong food at the most needed time,1,NEGATIVE,0.9982258677482604,5
01a3d97b-7f41-4a20-8002-a111a49ab1fc,worst useless app with useless offers wasting time of people will never use again useless app,1,NEGATIVE,0.999614715576172,7
a5ca55e8-8814-494a-9e46-855e839c313e,worst ever firstly they provide offer then all of sudden stop the offer they are just wasting customers time,1,NEGATIVE,0.9998077750205994,36
79e5a23f-d4fd-430a-90c8-213109d893cb,waste app of all time . don't download scammed me,1,NEGATIVE,0.9996846914291382,7
76c60dbd-cab1-4eed-9227-3ffedb4b7da6,conducting event but not gives reward scam,1,NEGATIVE,0.991734504699707,-1
de428309-5fd5-45ac-a2ca-292bd2712f90,waste app other food delivery apps better showing offer but when we redeem it will gone like recent offers my 100 cash auto debited,1,NEGATIVE,0.9978618025779724,10
2aaf05bd-2ed9-49d0-a131-760c32e462ba,worst app ever costumer service 0 i was talking to them they ended the chat i did get my compensation nor the order,1,NEGATIVE,0.999789297580719,-1
a845d1a8-a84c-4723-b118-07575015e079,"i am goving you review of 1 star because there is no less option than that , you started an event of buzz , then closed it , we wasted our time collecting buzz streaks from others and you just closed it without giving any discount or reward ; our time just got wasted because of you.",1,NEGATIVE,0.9997119307518004,19
5466d9bc-7ec8-46f8-b6d2-90fd95ba1e92,"you say that my order will be cancelled on the pretext of ""black zone"" delivery address after 45 mins of me placing the same. going forward, if this is the issue, then at least have the decency to tell me on the app that the restaurant is not accepting my orders. at least zomato has that common sense to convey this to the customers.",1,NEGATIVE,0.9983614087104796,-1
2e348363-377f-4497-bded-a22920031e63,"over the span of the past 1-2 months, swiggy has been extremely unreliable and creating issues. firstly, it was related to an instamart order where a phone worth 17k was ordered, prepaid, and then after delaying for 2 hours, they cancelled the order. also, on the food delivery app, similar concerns have risen. while ordering, it shows a delivery time of 25-30 minutes and after placing an order, it shows 50-60minutes.it doesn't even let me cancel the orders.",1,NEGATIVE,0.9982454776763916,8
925ab4ea-b982-44c2-adce-23a660ae7286,i think you should get the latest location updated,5,NEGATIVE,0.9989125728607178,-1
2cc22f57-3df2-4849-a3e6-d1ed386e4d21,very bad experience coupons and free cash expire without prior information,1,NEGATIVE,0.9994698166847228,14
fc873d57-9018-4d53-b78d-b669a3b4e091,"worst experience i ordered food from it and paid the money from swiggy money and upi. first of all restaurants gave my order to other delivery agent and later they cancelled my order but gave the refund of the money which was paid with upi but swiggy money was not refunded. now i'm trying to contact the customer support agent i'm not getting any option to contact them, i went to contact them by stating security reasons, but they disconnected the chat and said that we only handle security issue",1,NEGATIVE,0.9994439482688904,32
d885e9ae-15d4-4bbc-89a0-271e5a9d852b,it is a scam app cheating customers.,1,NEGATIVE,0.9995656609535216,7
402ed71d-c4d8-4650-a80c-964ba07dd68c,bahut hi ghatiya company ho gai hai aapne customer ka paisa bahut loot ti hai inse accha tho zomato hai,1,NEGATIVE,0.9861084818840028,0
eccae786-a00c-41c1-afe2-b2bb24233386,"first they will give you attractive offers , but while ordering they will remove those make it more expensive",1,NEGATIVE,0.9963424801826476,36
4c92ed04-ff90-4a6c-b742-be262ce561cc,very slow and barely any cash on delivery option,1,NEGATIVE,0.9997623562812804,25
d079ed15-c917-4a8c-b9d3-0c15f25fb8b5,"this app just sucks , well i press view chart app said retry again and again . i have been facing this problem for a while . don't download this app !",1,NEGATIVE,0.999146580696106,20
612fb049-f2e2-4065-8c4e-b61e43156872,"this app is a scam , they give you the offer and when you going to place the order offers doesn't show ,even i they remove the buzz free cash from my account .",1,NEGATIVE,0.999350130558014,7
c1e68dd1-9529-43da-b948-f1583e6a788c,"worst customer policy: unacceptable cancellation/ refundable policy. my order was canceled after a missed call, despite having an alternate number listed and whatsapp available. you should utilize all contact options before canceling a customer's order.",1,NEGATIVE,0.9998072981834412,2
4d0fae6b-03b1-4823-a902-e5e93b9adda9,maine offer 99 m saman magaya pura diya hi usless log jab shi s km nhi kar na ata to mat kiya karo iditos,1,NEGATIVE,0.9828861355781556,0
53b5689d-acdc-4671-b074-7a81856d8130,worst app ever using worst strategy to break the streak of the buzz and not able to order anything. if the app doesn't want us to apply the coupons from buzz then why are they coming up with this events. honestly worst strategy to use,1,NEGATIVE,0.9997988343238832,27
67736db0-b6e6-49df-9a3b-6f3928a32037,"worst deals, taking free cash away",1,NEGATIVE,0.9997826218605042,-1
8c054b05-38c0-4c0b-8685-de93a4e61a13,"worst, useless, scamming offers",1,NEGATIVE,0.9998062252998352,27
9035c0c6-542f-4c78-830d-07219abb6f4e,worst offer in this app to order food,1,NEGATIVE,0.9997679591178894,42
3ceecece-8a04-4919-b995-8727c2bb9a1f,"very very bad experience in koppal swiggy we ordered biryani and tiffins in train very worst customer service and delivery they cancelled our orders without our permission how can u cancel customer care also supporting swiggy boys , but we are the customers losing money only bcoz of ur negligence",1,NEGATIVE,0.999705970287323,-1
d4061e30-af9d-4e57-8312-b1824c6718ca,too weak service maine itna time diya swiggy ke buzz wale offer pe socha tha mehnat ka fal milega par sara dooba diya iss swiggy ne buzz wala event hi hold kar diya kab on hoga koi pata nhi ab kon bharosa karega iske nom sence events pe,1,NEGATIVE,0.9992631077766418,0
17dc44f7-3860-4355-8134-b9e59cce897e,"you have not loyal with your customer. you have shown swiggy buzz offer of 1000/- , and now that not showing in the app . and if the offer will come in after few days then still the collective money will expire naa ? so how you have loyal with your offer towards your customers .",1,NEGATIVE,0.998234748840332,-1
2bdfd0f6-b656-454b-ad38-dc31d9695a31,"very poor customer service. my order was delivered incorrectly, and there is no proper customer support to resolve the issue. this has been a very disappointing experience. i am giving a 1-star rating because of the very poor customer service, incorrect order delivery, and lack of customer support.",1,NEGATIVE,0.9998127818107604,-1
6affb516-fb71-4692-a674-b9b83cd1faf0,the app management team and system is very bad .....all of the people give them 1 star,1,NEGATIVE,0.9998093247413636,1
1e3cc90a-e84b-4319-857d-669ff4145ffa,canceltion charge 100 % wrost app ever 🤮😡,1,NEGATIVE,0.9987059831619264,7
b3e502c7-14e5-42cf-9510-181192bea042,how can they suddenly remove the offer in buzz event???! atleast should have let use the money we collected?,1,NEGATIVE,0.9997217059135436,19
14ccfc66-a813-42da-9599-2a8a97c30982,i was using buzz now its 2nd day it was not opening today,1,NEGATIVE,0.9987550973892212,18
b9c69c31-e2fd-466d-a2a9-5292b7d5e71f,the worst sistem order has been picked one hour before from the restaurant by the delivery boy but delivery boy is telling still he has not received from the restaurant restaurant person confirmed order has given to deliver boy one hr before,1,NEGATIVE,0.999278485774994,-1
18cb5b20-caaa-4df0-aae4-acc6117210cd,"why suddenly stop the buzz features. i have had so much fun with my friends making streaks, but the promised buzz feature suddenly stopped.",1,NEGATIVE,0.9987697005271912,18
6e8c2257-b685-43d6-b059-bd4f69790e12,very very poor app . fake offers fake discount . i am telling the truth it is very worst app .also stealing the money .,1,NEGATIVE,0.9998067021369934,27
76835d2e-70c9-4cb1-aa0f-26548e42cfa3,payment done still looking payment due,2,NEGATIVE,0.8117367625236511,-1
95dc3848-7927-4759-a2ee-853859e7ab4f,they better reimburse the free money into our accs 😤😤😤😤😤(they removed buzz and the money we had made that we could have taken discount off),1,NEGATIVE,0.9995539784431458,-1
c517c88d-f173-44e4-aeb7-2acfd81ca650,"restaurant had forgotten to pack an item and when i got to know about it, i tried to contact the customer care. they took so long to join the chat. i had ordered 2 crispy chicken burger meal and 1 veg makhani burger for me and my friend but he had finished eating his meal and i was looking for my veg burger. when i contacted customer service for missing item, he had already finished eating. couldnt post pic of food. customer care thought i am fooling them. worst service ever.",1,NEGATIVE,0.9997790455818176,-1
d6138ffc-5c0e-46b9-9356-48ecda27ca3d,worst service.... always inordinate delays whether instamart or food delivery... customer service sucks after waiting for so long they simply telling we can cancel your order without resolving the issue and improve service.... never recommend,1,NEGATIVE,0.999821960926056,-1
fc7470de-27b4-4b11-a340-3d0a8fa5a46d,swiggy provide fake events like buzz back events and very bad charge extra rupees i want to give 0 stars 😡,1,NEGATIVE,0.9992204904556274,11
c0431fa2-6371-42d1-ae0c-f86763f87913,gave buzz offer for a month but closed it in 3 days . swiggy scammed millions of people in the name of buzz offer . zomato is way better,1,NEGATIVE,0.9972819089889526,19
efa65f18-f272-4d44-a6c2-5e95b525d57a,buzz offer me mehnat krwaya. fir khudki marzi se end kardiya. shameless,1,NEGATIVE,0.9965157508850098,0
be78ed0b-3d90-4791-a4a0-32450acdaa29,"poor user experience. promotions should not be canceled after users have already participated. it feels unfair and misleading. if you cannot honor a campaign, don't launch it in the first place. i expected much better.",1,NEGATIVE,0.9993593096733092,-1
0b20e13b-7e58-4b42-bab8-9cb8e8552800,delivery time will late as mentioned.,2,NEGATIVE,0.999103844165802,4
920d3be5-a042-4ea4-979d-087cd04c945d,bada bakwas app hai offer deta hai fir wapas le leta hai,1,NEGATIVE,0.9952707886695862,0
8f07fd8e-a2b1-48e2-9eae-2cfe1f9d97f7,"very disappointing experience. the referral event was promoted with attractive rewards, but it was canceled unexpectedly. many users spent time inviting friends and participating, only to have the campaign end without clear communication. if you launch a promotional event, it should be honored until the announced end date or participants should be compensated fairly. i hope the team improves transparency and treats users more fairly in future campaigns.",1,NEGATIVE,0.9992662072181702,-1
44a3d86b-fa14-4e82-9001-51a2427d240b,what a service they have given to users ! ordered mushroom do pyaza and delivered paneer sabji. charging 4 times but giving 1/4 quantity. half chow mein was half of half.,1,NEGATIVE,0.9975169897079468,-1
8a5d9211-4d48-4753-8c54-86a722012b07,time bhut lagta hai or mehnga bhut hai,3,NEGATIVE,0.947063684463501,0
4cbd8189-a5b8-48fd-a462-0df241c91ec2,"i have been a long-time swiggy customer, but my recent experience has been extremely disappointing. my order was delayed and arrived cold, but what disappointed me even more was the grievance process. despite reaching out through swiggy support and even their official grievance channel, i received only repeated template replies and eventually no response at all. very disappointing. the disappointment is multifold because this is not an isolated bad experience. order id & mail trail sent to u.",1,NEGATIVE,0.9994495511054992,-1
b06d6101-58a4-48b6-98f7-ff04c33e530d,service is very bad and the help section is all ai and it doesn't help at all.,1,NEGATIVE,0.9996740818023682,3
88d776d7-d6eb-4aee-84ca-b36886afa54e,"very poor service by swiggy. i placed an order yesterday, but the delivery partner never picked it up. after making me wait for 2 hours, swiggy canceled the order. the app said the refund would be processed, but customer support is now saying the rrn is not generated and asking me to wait 15 days. this is completely unacceptable. if you can cancel an order instantly, you should be able to process the refund quickly. very disappointing service and terrible customer support.",1,NEGATIVE,0.9997852444648744,-1
07a58af4-91b0-467c-82ac-29c5d5d824a9,0 stars ....i wanted to cancel my order i tried twice bc the delivery timing was clashing with my classes but the order was never cancelled.....the delivery partner was requesting me to pick up the order..if he cancelled it it would have been his loss.....and then zero customer support....and no feedback at after the rating of the order....very much disappointed,1,NEGATIVE,0.9996761083602904,2
1d2e5a08-e01d-415f-94e9-721214772ba6,not even worth for one star worst delivery app and services,1,NEGATIVE,0.9997933506965636,-1
682ee9ea-8982-4900-938e-e928a1eb29a4,"put in a new offer scheme that lasted for one day called ""buzz"". so what did you do that for? for nothing, because it got removed. i guess you wanted to act like you would give rewards just so that people could share and give more exposure to swiggy and then not give the reward you promised. shame on you, swiggy.",1,NEGATIVE,0.9996306896209716,-1
b91f3245-254d-4546-920e-9782fa58b995,"⭐☆☆☆☆ extremely disappointed with swiggy. they withdrew an offer before the advertised end time, which feels misleading and unfair to customers. if you're going to promote a time-limited deal, at least honor it until the promised expiry. this kind of practice destroys customer trust. very poor experience, and i'll think twice before ordering through swiggy again.",1,NEGATIVE,0.9998124241828918,11
fbd59840-22c9-47c9-b813-83db8ff2bbe6,"its pathetic to get a rotten chicken home and 1 hour still no relsoution , i ordered items for 1039 but i was on call for 1hr 20 min still no relsoution and pathetic is not be the word to send rotten chicken home , the order was place in anandnagar bangalore from swiggy insta mart wow the person aman team manager says 50 wilp be refunded as compensation which i dont want and asked them to keep the 50 as customers are not beggars but we asking for fresh food to be delivered",1,NEGATIVE,0.9984947443008424,-1
62835cad-b1de-45f2-9f2c-46c8d7978b2a,worst experience i have faced in this app,1,NEGATIVE,0.9998082518577576,1
2773e5d0-e076-4e4f-b028-e8ec975aff49,"swiggy's referral offer was very disappointing. the company promoted the offer, but it was removed within a few hours without any proper notice. many users spent time inviting friends and then received nothing. this feels unfair and misleading. a company should honor the offers it advertises or clearly communicate the terms. very poor experience and a loss of trust.",1,NEGATIVE,0.999738872051239,11
7ab54531-0a53-4feb-a942-63554ac350f5,total scam.....jab smbhlta nhi hai to offers nikalte hi kyu ho....do din me buzz wala drama band krdia 30 din ka bolke,1,NEGATIVE,0.9987149238586426,0
5e256229-35fe-443a-be99-0bae4d2c86dc,"i am disappointed with the offers on the swiggy app. many discounts look attractive at first, but they come with too many conditions, such as minimum order values or limited payment methods. some offers disappear during checkout or are not applicable to the restaurants i want to order from. compared to other food delivery apps, the savings are often lower, while delivery and platform fees reduce the actual discount. this makes the offers feel misleading rather than beneficial. i hope swiggy prov",1,NEGATIVE,0.9994744658470154,6
15e4512f-c56c-4a58-8721-906065415278,"they are scammers, they show low rates and when it is time to checkout it will skyrocket whatever offers you apply, they won't refund you with money or with equivalent order we need to pay extra using the coupon they give you, it was better before and finally today they went and done it people wasted hours on their cashback event and they took it down suddenly out of all the events this one was the only event in my memory to actually reward the customers and they took it down unanimously.bad📉",1,NEGATIVE,0.9993383288383484,30
4f3e8ec3-f81b-4ca1-a75c-c02ec0f6942f,dirty behaviour.offer given but expire it before.,1,NEGATIVE,0.9927224516868592,-1
a4a31c5d-0328-41fc-b08c-29809d2879fe,even it does not deserve a single star. i put an order for some sweets for the guest at home. swiggy takes order and shows me it is in process. after 1.30 hours they cancelled the order. feel bad in front of guest.very bad app and i want just uninstall it and never used this worst class app. going to zomato.,1,NEGATIVE,0.999093532562256,15
b3f1e16d-55ef-4cad-ac86-f68fb361077b,"ordered a meal from a shop on swiggy and got a very poor quality meal for 145 rupees. this is a typical meal. even in a roadside shop, they serve good food for 100 rupees. the food comes as if it was delivered to a shop. it is a complete scam. it is a scam to cheat consumers.(publicdon't waste your money swiggy order )",1,NEGATIVE,0.9991518259048462,45
926daa8d-995a-42c9-8e37-24ac80b9c208,worst app i have ever seen. lier app,1,NEGATIVE,0.9997969269752502,1
a3f992e9-99a8-4a15-91a2-153279b91781,why they removed the buzz event worst app i have ever seen to remove the event after launching it after a day,1,NEGATIVE,0.9997946619987488,-1
0a5ea3ea-04a5-4608-ae8e-07dc426d9bd4,this is very bad aap extra charge,1,NEGATIVE,0.9998099207878112,17
5fd9a43d-824f-413a-aa55-16f1042f33bb,-10000 star very bad behaviour removing a offer before expiring it,1,NEGATIVE,0.999642252922058,36
f20b3761-9b7f-4ac8-841b-a424a10285a7,"swiggy’s customer support and policies are at an all-time low. i have received wrong orders three times, including non-veg items despite being pure vegetarian (they sent a double chicken burger from mcdonald's!). their support staff showed zero empathy or urgency regarding such a sensitive issue. extremely poor resolution handling and terrible service overall. avoid order from this application",1,NEGATIVE,0.9998168349266052,6
9660e373-5c4f-4de1-857c-db2c0d4cb317,"what a disappointing app. 😑 the food quality is getting worse, the quantity is less, and the taste is nowhere near worth the price. delivery is often delayed, and customer support is frustratingly unhelpful. and this new buzz feature? 🤦‍♀️ we spent so much time inviting friends and completing everything, only for it to suddenly become ""not available."" all that effort was completely wasted. it feels like these features are launched without proper planning, leaving users disappointed.🤬😡🤬",1,NEGATIVE,0.9998241066932678,-1
fba100c7-688c-427e-9466-46c6884141e1,if you can't offer something then don't promise it..about the buzz streak,1,NEGATIVE,0.6947322487831116,18
ef384f96-4c89-4f04-92b0-46ff9be0d10c,this app didn't deserve one star they charged my whole payment as their cancellation fees worst and pathetic app ever they are looters,1,NEGATIVE,0.9997684359550476,7
d4dddb2f-0aa2-4326-aa00-0a809675e30f,"one of the worst app in this category, please don't download it, false advertisement of swiggy buzz.",1,NEGATIVE,0.9998124241828918,1
b7b764b8-39e6-485f-b724-5e5a6b6cb7e7,this app sucks. they started buzz and now stopped it . shittiest app ever,1,NEGATIVE,0.9995423555374146,-1
f222ffd9-d9c2-46b4-bb96-0df72bcd8c85,am waiting my first order to add more stars,2,NEGATIVE,0.9915773868560792,-1
7ba9592a-b019-42ce-ba6b-55e5d140c76d,"i would like to suggest that restaurants with consistently low ratings and poor customer reviews be reviewed through a proper factual assessment. if the findings confirm repeated quality or service issues, kindly consider removing such vendors from the platform. this will help ensure better food quality, improve passenger satisfaction, and enhance the overall travel experience.",5,NEGATIVE,0.9951950907707214,-1
73a17471-0005-49b3-bcd8-44bc0836b4f4,bakwas app jitni tarif karo utani kam,1,NEGATIVE,0.992067813873291,0
afb3a62f-13d7-4235-9704-c011db94b559,why you first give buzz event and take it back?????,2,NEGATIVE,0.9971086382865906,18
2abf8b16-b7f3-4d72-b5ee-ec5202ece766,i have added some free cash using buzz and now they just remove the event,1,NEGATIVE,0.9996028542518616,19
ae241bbb-9745-46bc-8aae-3cbe0cae1387,delevery time is more than 1 hour,1,NEGATIVE,0.9413703083992004,43
2a82fe9d-9693-4d4f-b00d-5587c839622f,"full scam food delivery app. whenever they give offers they increase the resturant distance. wow what a cool strategy to get extra money🤣. yesterday i checked a restaurant today the same is showing at an extra 1 km distance. also the buzz offer is gone before the completion when you are unable to pay rewards to users why are you promoting this buzz offer, a totally scam company.",1,NEGATIVE,0.9992127418518066,-1
58129c2d-a76a-40a7-bbe3-793b14755e70,buzz offer band kar diya bina kesi wajaha say jb pura nhi kar sakte too kyu offer late hai,1,NEGATIVE,0.9913329482078552,0
bcb70a45-3664-40bd-aac9-62f2dafe3cc9,not deliverable in my location😡🤬😡😡🤬😡🤬😡😡😡🤬😡🤬😡🤬😡😡😡🤬😡🤬😡🤬😡🤬😡😡😡😡😡😡🤬😡😡😡🤬😡🤬😡🤬😡😡,1,NEGATIVE,0.9997705817222596,-1
693213cb-2f73-4fae-ab57-cb9b91570da5,worst app they won't let us eat in offers waste,1,NEGATIVE,0.999614119529724,10
d7ba7d8c-8f3e-401a-abce-c8be2ae699f2,"they said, swiggy buzz will be there for 10 days but after 3 days it is missing",1,NEGATIVE,0.9986420273780824,18
01f167d6-c04c-48a4-9fb2-271055498cee,order delete krne ka option bhi hona chaiye.....,4,NEGATIVE,0.9996706247329712,0
39879462-2f0c-4432-9d72-d2128c6002e8,seriously these days swiggy like every other app is a group of frauds thugs who loot every customer. every other day their money value for any order changes from 99 to 149-199 then they will charge processing fee rain fee or say cart less then 99 will have this much fee. for god stop lying that swiggy one members get free delivery because you guys have others charges to fool customer i am seriously planning to drag you guys to consumer forum for once,1,NEGATIVE,0.99860280752182,-1
81da6f59-5c0d-4f43-b540-f4a5fd6fb868,"scammer. no proper discount, so many hidden charges, buzz scam also.",1,NEGATIVE,0.9998151659965516,-1
7fdf18ce-cd76-4853-a79f-1dbc87cbc85a,worst app i have ever experienced,1,NEGATIVE,0.9997872710227966,1
9f806e55-0965-484b-81c1-c8e7b4fb5348,worst promotions ever high charges unclear prices worst app for food order,1,NEGATIVE,0.999787986278534,35
e63fd270-cc99-4cce-a35a-5ab1f485927d,"why are stop buzz streaks we all just started and you stopped it, why are you doing this?",1,NEGATIVE,0.9995515942573548,18
d69f9200-324d-4a7a-becd-2a26974a370c,worst thing ever. don't ever use it.,1,NEGATIVE,0.9997900128364564,1
5579a6be-25cd-4cf3-b370-32e761353227,मैने swiggy app से सामना ऑर्डर किया तब 47 रुपए दिखा रहे थे जैसे ही पेमेंट करने गया तो 197 हो गए तब मैने पेमेंट कैंसिल कर दिया तभी स्विगी ऐप ने मेरा ऑर्डर कैश ऑन डिलीवरी पर लगा दिया मैने तुरन्त कैंसिल करने के लिए रेस्टोरेंट ऑनर ओर स्विगी हेल्पलाइन में रिक्वेस्ट डाल दी पर स्विगी ने ऑर्डर कैंसिल नहीं किया ओर बाद में मैने डिलीवरी बॉय को कैंसिल करने को बोला तब उसने कैंसिल की ओर अब स्विगी ऐप वाले बोल रहे है कि 197 रुपए अगले ऑर्डर मुझे देने होंगे सभी zomato से ऑर्डर करो,1,NEGATIVE,0.9540772438049316,39
762ce38a-11d6-4e7b-a0c0-f0d2ffa7109a,worst app . swiggy buzz offer discontinued. if you don't have budget then why you offer 🤡,1,NEGATIVE,0.9997474551200868,-1
8454dbb3-e465-41cd-9d51-97a46d9bc99d,the worst customer service ever . i ordered food for a friend and his phone died due to rain and couldn't receive the food. swiggy cancelled my order and also saying to pay cancellation fees for the food . like i don't understand this . what kind of behaviour is this? . if i had a option to give zero stars i could have give you that . not ever using swiggy again,1,NEGATIVE,0.9998160004615784,-1
ec6f212a-8da4-4abf-a6d6-ec430c99282f,"i accidentally placed an order and requested cancellation within 1 minute. even after explaining that it was a genuine mistake, swiggy asked me to pay 100% of the order value as a cancellation fee. this is extremely disappointing and feels completely unfair. this experience has completely changed my opinion of the platform. i'm uninstalling swiggy and won't be using it anymore, despite having several coupons. there are better food delivery services that value their customers.",1,NEGATIVE,0.9993952512741088,9
9b425a3d-9f86-4d30-be19-671bc1efca9d,by mistake i ordered food worth of 440 with wrong address then instantly i went to cancel the order and the app showing a cancellation fee will take 440 that is my ordered amount and they scamed me... do not order from swiggy they are now scamming... please be aware..,1,NEGATIVE,0.9996156692504884,-1
1386a0be-a426-4582-ba2b-95bec5a1efa7,"worst, worst, worst company i have ever seen",1,NEGATIVE,0.9997963309288024,1
ca84cd11-3cff-4c98-82a8-e7d8f205fffb,booo ! turned down the offer mid-way.,2,NEGATIVE,0.998512089252472,-1
b85bcab8-fead-4952-9123-747ec32c1097,high prices and high gst and delivery charges too worst interface. delivery charges are more than original item price so don't order food in swiggy,1,NEGATIVE,0.9992712140083312,-1
a4d57592-ed31-487f-b70f-5c1e1cef3e5b,worst delivery service ever experienced..placed an order at 2:57 am and receiving it at 4:21 am.,1,NEGATIVE,0.9998094439506532,22
99f05d25-a9ba-45fc-b23b-c533c993a6fa,no customer support saalo ai chat box rkhha koi help chaho nhi milti order ho gya toh aap intzar hi kro paise bhi bekar jaayege sb na delivery partner ko support h isme,1,NEGATIVE,0.99928480386734,0
51622f0c-875a-459a-8c3b-1cbe844320e2,why is the problem ...i am not satisfied,1,NEGATIVE,0.9997841715812684,-1
f69428a8-b90f-4a99-afde-bd6397cfa469,bekar app order kro koi chiz time pr ni aati na inke pass option hai time shi krne ka dilevery partner order accept krke so jata hai ye change krne ka option bhi ni h inke pass,1,NEGATIVE,0.9925761222839355,0
c130a3eb-6902-4a99-a3d1-8581f334f6f1,swiggy and zomato both are unavailable after 2 o clock in kannur😂😂.....,5,NEGATIVE,0.9989262223243712,23
8f752100-21a3-4cad-94cc-2146cbce99de,instamart return policy not good,1,NEGATIVE,0.9997690320014954,16
9573be04-69da-4d38-8401-bfb86aa00022,"this app is fruad when i ordered pizza and virgin mojito on 3 aug 2026 from chicago pizza in delhi the one item was missing and the help team offer me coupan of 99rupees , so swiggy is corrupted , i hate you and i will make video on this on instagram",1,NEGATIVE,0.9985511898994446,21
bc3992d9-fb29-489a-b45d-b44182c7e330,very bad service koi bhi order mat kiya karo aadha ghanta dikha ke dedh ghanta le raha hai koi response nahin kar raha hai swiggy,1,NEGATIVE,0.9993509650230408,0
a8f1ef0c-5178-400c-9809-8372441531d0,gatthiya app chuttiya unprofessional delivery partners unko raste hi nahi pata hote orders 2 2 ghantte mei recieve hota hai thanda bekar hone k baad,1,NEGATIVE,0.9943391680717468,0
78e5c259-937d-48a8-bc66-0e3bfaa3edba,don't order food in this application worest application they accept the order but after 30mints they telling they don't have any item then y they showing that itean idotes worest thing again it swigge customer care actually they dnt they r doing there job like donkey timepass,1,NEGATIVE,0.9977067708969116,-1
f73056ad-b828-47e1-a4f5-2f46fb36fb0a,"price is very high, 200 percent commission. it's very ridiculous.",1,NEGATIVE,0.9981916546821594,-1
fa57af11-cd5b-4a78-adb2-6faa56c90c55,inke customer executive problem solve nahi karte.. very frustrating experience,1,NEGATIVE,0.9991944432258606,0
28661ff2-173b-491e-9172-1d697d155918,"instamart missed an item in my order and refunded only the item's cost. because of their mistake, i now have to place another order and pay delivery, platform, and other charges again. the app has no proper way to escalate complaints, and customer care simply said they couldn't help. many users have reported similar issues with missing items and poor support. very disappointing service and no accountability.",1,NEGATIVE,0.9998096823692322,16
d6c2eedb-379c-487c-8afd-bd9e5e3610d6,"buzz offer not working, totally scam",1,NEGATIVE,0.999686598777771,19
183a8aab-d917-4f36-8dbc-cd6c08377060,"this has been one of the most frustrating experiences i've had with swiggy. my order has been delayed by over an hour, even though the app promised delivery in 20–30 minutes. that's simply unacceptable. when i contacted the restaurant, they said they had prepared the order on time and that the delay was because the delivery partner hadn't picked it up. when i contacted swiggy, i was told the restaurant was responsible for the delay. so both sides are just passing the blame instead of taking re",1,NEGATIVE,0.999685764312744,8
efde3ea8-3f0f-407c-b740-33fefe3be895,i've ordered food but it never got delivered app is showing that it has been delivered but i didn't receive it... worst delivery app,1,NEGATIVE,0.999437153339386,-1
0eee3d3b-1a58-4dfb-9f38-5b8692513ee3,"very disappointing experience. the cake was delivered in a damaged condition. the topping had melted and leaked all over the box, and the cake looked completely ruined. this was ordered for a special occasion, and it spoiled the celebration. i expected much better quality and proper handling during delivery. i hope swiggy and the bakery improve their packaging and delivery process and provide a fair resolution. not satisfied with this experience. didn't received refund any.",1,NEGATIVE,0.9997690320014954,28
6090db6a-7830-4f7d-80ae-36fcd067f3a9,"i order food 9:40 but even after 1 hour no changes seen. rider is not picking phone, i called him 2 times. this is not my fault but they charged 331 cancellation fees. gonna delete my profile soon, rs1900 food order in a month and they have show gratitude. pathetic response",1,NEGATIVE,0.9968274235725404,-1
469f3d7d-ff05-46ec-8305-b50b1ddb343b,tooo godd bhaiya app best hai loot offer dete reheta hai,5,NEGATIVE,0.9910406470298768,0
38b5b15e-a2a8-4e80-a96c-29f343939a6a,let's see more wonders if u reduce p fee,4,NEGATIVE,0.8663672804832458,17
baafec2d-aa24-49e8-b362-44ef5275fd4d,bad app software and worst service,1,NEGATIVE,0.9997966885566713,1
f40c0c80-b9a1-4d3b-97cf-4b4636411543,"useless chat support. even after 1 year, it still useless. no possible way to connect",1,NEGATIVE,0.9997894167900084,12
de530b83-723a-4233-a524-3dc9c956d374,order petti 2 hrs aythundhii still didn't get my order lavada gudhala app bro service madda lekha undhi zomato better 1 hr late ayina order ayina vastadhi,1,NEGATIVE,0.998931348323822,0
522de1f9-d452-4404-b0c5-598a36ec8c16,"the ₹1 deal on swiggy instamart is absolute false advertising. they promise a product for ₹1 if your cart hits a certain amount, but once you spend more to reach that limit, you cannot even add the ₹1 item to your cart. every time you try, it just glitches, undoes your action, and checks out without the item. it is a complete trick just to make you buy extra things you don’t need. total scam.",1,NEGATIVE,0.9994712471961976,11
fe35100c-64b3-4614-92d6-ca017ddebda8,"worst ever experience i ordered food at 8.45pm but not delivered till 10.40pm,not even cancelled..don't go for swiggy choose zomato",1,NEGATIVE,0.9977298378944396,-1
746279e3-a522-40a3-9616-1bc16853e308,delevery fast but cancelled system bahut hi bekar cancellation charge 429 rupay,1,NEGATIVE,0.9981858134269714,-1
fe9e7e08-ac77-4a47-a7f3-ab89e5fc9968,i am unable to use free cash of the buzz event,1,NEGATIVE,0.9994671940803528,19
f1aa6fd7-e5e9-464e-ac5d-c3624ee66f42,swiggy down fall is beginning my gusses 1year no swiggy is dead,1,NEGATIVE,0.9809118509292604,26
fe61fba9-8d15-41ed-999e-976fe315d91c,"changing the rating to 1 star based on the service provided lately. orders are rarely delivered on time. while ordering the tat was showing 50 minutes, but they couldn't deliver the order in 2 hours. they couldn't give any time, but said as soon as possible. the customer care guy cancelled the order and ordered a replacement for which i have to wait for another 50 mins. same issue with black membership. swiggy needs to be customer centric & should reach out to me rather than asking me to send em",1,NEGATIVE,0.9993205070495604,8
bc81d1e7-2749-472b-b11e-883b716b0af8,"very disappointing experience with swiggy bolt. i placed my order at 8:29 pm with a promised 10-minute delivery, but after more than an hour it was still not delivered. the eta kept changing, and neither i nor swiggy support could reach the delivery partner. this has happened to many customers. please investigate such delays and take strict action to maintain trust and the quality of your service.",1,NEGATIVE,0.9994545578956604,8
22da037e-c0a8-4aa4-b62d-81036740c24d,"worst support ever. i ordered tea and cookies from a popular restaurant, and didn't receive cookies with the order, upon contacting swiggy i realised that they don't want you to talk to an agent and when i did connect with an agent he promised me refund for missing item and issued a coupon and then tried to gaslight me in thinking that i agreed for coupon, after which he transferred the chat and then again same thing happened without any resolution. i won't be ordering from swiggy again.",1,NEGATIVE,0.999711811542511,-1
cc4ac5ea-127b-4410-9965-52c6bd042fd8,"worst service, useless customer care never bother about customer when we receive worthless and worst quality food for what we paid",1,NEGATIVE,0.999517560005188,24
a9f146b9-4656-4056-843c-e0e31fa7eea0,"worst service, delivery guys will always delay the delivery and you will not be able to speak with anyone. chabot will just irritate you more.",1,NEGATIVE,0.9996919631958008,22
6b21cd4b-560b-495f-84df-25abc482dbc6,"i filed a complaint with swiggy, but i haven't received any resolution yet.",1,NEGATIVE,0.999225616455078,-1
d8472e38-56ee-48f1-a154-c95ac1ee4fb8,buzz your frien my offer is not working i have 100rs and not working above 299rs order. fake apk,1,NEGATIVE,0.9996912479400636,19
e842244d-8807-4da8-bdd3-31168cd8afaf,the worst app ever i used always takes a long time to deliver,1,NEGATIVE,0.999811351299286,34
d4cb5f99-beb4-4610-abd1-450354ffd432,"delivery boy can't call , many times delivery boy had to wait for 10 min+ , app development team should fix this",3,NEGATIVE,0.9972320199012756,-1
e079e5da-a951-4bfb-9a2e-0d24b5de68c6,"fraud company an item was missing from my order. when raised the concern, got the reply that you can't offer refund. mtlb chori upar se seena jori. shameful",1,NEGATIVE,0.9989063739776612,2
290914fd-1c72-4bcf-8bcf-a5cfb4c1f6d7,waste of time with customer support they just are puppets which do not act as per consumer need,1,NEGATIVE,0.999653458595276,-1
ce6c58b8-9492-4d54-82f4-86cc8c74341c,very poor and fraudulent service.,1,NEGATIVE,0.9994010925292968,3
a263da9b-909d-42a1-97bb-daaf0cdd7c1b,"i can't even cancel the food. when i chat with your bot, it doesn't show the option 'i want to cancel the order'; instead, it only shows 'i don't want to cancel the order'.",2,NEGATIVE,0.9976134300231934,2
90da1463-25f8-4255-941f-6532f0cc2c58,"worst experience with swiggy. i never cancelled my order, yet i was charged a ₹535 cancellation fee plus ₹43 gst. this is completely unfair and feels like a scam. customer support was unhelpful and failed to explain the charge. very disappointed. fix this issue immediately.uninstall swiggy and going to in my whole area to order from zomato.",1,NEGATIVE,0.9997411370277404,9
76215af2-8b97-4c24-8e10-9df14069a198,so much of cast. only showing ads items not available in apo,1,NEGATIVE,0.9975778460502625,1
130ba95c-0467-4ce0-bec6-e41076c69526,"very poor services , unable to use free cash every single time , contacted their support team multiple times but each time they just say that they have raised the issue and it will be corrected in few hours but never correct it",1,NEGATIVE,0.99921452999115,3
2972e8b4-fedc-4478-b7f2-ac9e67d1eee6,"3rd class app , not satisfied at all",1,NEGATIVE,0.9997557997703552,1
f83bf0e4-48f4-4290-81c2-f4db02a3873e,"if the circus was put in charge of this app and it's services, we'd have a better experience. customer service did not notice that my order was delayed by over 40 minutes, and when they finally realized they had the audacity to tell me to cancel and reorder as the status had just appeared on their end.",1,NEGATIVE,0.9977691173553468,2
e35a333c-f8bb-4dd2-aca7-ad94e5a6db6e,very worst platform. coustomer care not doing solution,1,NEGATIVE,0.9998188614845276,-1
9e2a19f2-87c4-4796-8d8d-f6c56124c834,hamare uncle ne hamare liye chicken tandoori laya iske liye 5 star rating ☺️,5,NEGATIVE,0.9935517311096193,0
aebcfbd3-2f12-49d3-ac58-4bd0cc5e1eb6,for 2 days.. i have been kept wsiting for more than 2 hrs to delivery my order ... in return i didnt get any explaination on it was delayed... i wont ever use swiggy anymore,1,NEGATIVE,0.9954361319541932,8
c95ba948-f69b-483a-bf9d-64b724a855d4,im unable to cash on delivery please requesting to enable cash on delivery option please,2,NEGATIVE,0.9993128776550292,25
d1aae980-3506-47fe-b1ff-66ee996a958a,best think swiggy is ever better...,4,NEGATIVE,0.9394510984420776,26
4885577d-ba4a-4e92-ac0e-43106fb0b23a,i'm not able to apply my buzz amount 296 !!!!!!!!! dooo something for this solve this issue,2,NEGATIVE,0.9992074370384216,18
ff70d24d-f352-4bf6-be74-5592e7f75550,"delivery is clear, near misses, guys don't make much calls about location or address details and ost of the restaurants are attached even for middle classes, etc.",5,NEGATIVE,0.9995285272598268,-1
f284be3d-e4d5-4ac4-9c17-0c1669cab7d0,"i would have given minus , order waiting time too much but no delivery partners assigned waited 2hours for order .kachua chap companies",1,NEGATIVE,0.9983556866645812,-1
f71f7c6c-bc4e-4900-a7e9-373ba4c74f53,unable return orders from instamart & no refund option really waste i stooped using this app,1,NEGATIVE,0.9994139671325684,41
1eac5edc-0076-47ef-b5a2-965e5ae79d66,i can't use my free cash . it is not showing while ordering the food .,2,NEGATIVE,0.9984416365623474,-1
1ca4f939-32ed-494d-85de-df6ce83e4d61,"53 rupaye ke food order krne me 16 rupaye delivery charge aur 40 rupaye gst, jai ho bhalane, aaj se swiggy se order bnd, maha ghatiya maha bekar",1,NEGATIVE,0.9983704686164856,0
ebf8d10e-55cc-46df-a325-0f51f6d12ba2,free cash are not applied on my order..whenever my cart value is above than 399 and buzz free cash are not applied..,1,NEGATIVE,0.9994757771492004,-1
7852626a-e488-4733-9bb3-d48a56a67dd6,the order i have placed which accepted now the shop is closed and still swiggy is taking orders from their,1,NEGATIVE,0.9955933690071106,-1
8b287090-be07-48d1-b3eb-95b06cfd19cb,the worst ui and bad offers high gst,1,NEGATIVE,0.9997645020484924,33
ac8a8c39-4ecc-4f50-af97-df7727619ee4,i feel your swiggy site very bad food delivery and very bad taste and waste my total money and i recommend to all of you no response any help system in swiggy app,1,NEGATIVE,0.9998131394386292,6
3b0780a9-58d9-4866-a568-0d4eb77374e4,"pathetic, i want to uninstall soon. waiting for swigy customer care response. i never to install back.",1,NEGATIVE,0.9994682669639589,15
9f017060-e8bc-4c27-9ee1-be59fbd6a14e,"very disappointing experience with swiggy instamart. i was charged ₹304 for a product whose printed mrp is ₹249. i have already shared proof with swiggy support, but i have not received a satisfactory resolution yet. if this issue is not resolved promptly, i will pursue the matter through the appropriate consumer legal channels. i expected better transparency and fair pricing.",1,NEGATIVE,0.9985270500183104,11
eb5a7f27-7b6b-42e4-9918-c732866ccc31,my buzz cash not redeem please solve this problem today my cash is expired,1,NEGATIVE,0.999324917793274,-1
20ea06fd-00b4-45af-b771-255d6f24f7c9,"worst experience that the app doesn't ask for confirmation while changing payment method. i changed the payment method to check what happens from card to cash and it just got the order placed automatically and there is no option to cancel the order either. they changing me the same amount as cancellation fee for their app issue now. pathetic app, better to use zomato.",1,NEGATIVE,0.9994328618049622,2
2dc7a1b7-4f59-4f9a-9467-efcecfab4856,ismein item bahut sare chori ho jaate hain jaise do book karne per ek hi la kar dega ek nahin dega kuchh bhi se kuchh bhi ho jata hai paisa ka jhol jhal bahut hota hai,1,NEGATIVE,0.9706169962882996,0
e6f3732a-ebf7-499f-9be9-da9de76d60b7,everything order is missing waste your money,1,NEGATIVE,0.9997867941856384,-1
c94922b5-e79d-4d9e-b4ca-f322b6c596f0,"my problem has not been solved yet, you only ask to mail the details and information but you never solve my problem, you are a fraud...",1,NEGATIVE,0.9990392923355104,-1
7ebf3cee-8022-49f9-9161-a33568f45284,i ordered food by mistake and when i cancelled my order i didn't get my refund this is the worst app and worst customer support service and that girl saloni she is so unprofessional . and the swiggy bot is useless it wasted my 10 minutes cancelling my order.,1,NEGATIVE,0.9998186230659484,32
40e3618f-748c-44d6-9b01-b4d81ba85465,dosha the quality was terrible; my entire family got a stomach ache after eating it. i am going to the police to file a complaint.,1,NEGATIVE,0.9993894100189208,-1
df928115-eed7-4c66-8420-c60d1dcda9dd,not allowing cod when coupon was applied,4,NEGATIVE,0.9970329999923706,14
ece61b38-e9e8-45d2-a46d-ef4e62cb54a7,swiggy delivery persons are delivering less quantity than ordered on cash pre payment worst experience with swiggy,1,NEGATIVE,0.999647855758667,40
d8ceb763-810f-4885-ba8c-0013800dd7c9,it's getting worse every day. 20-minute orders are taking an hour. the ai chatbot is useless. i've been using swiggy for 7 years. i'm moving to another app.,1,NEGATIVE,0.9997674822807312,12
ca1bb0ad-2af3-4ace-9b3a-7f366b2b24af,very bad😡 i am order one item but you send me different cheaf item😡 scam cheater app,1,NEGATIVE,0.9950416684150696,7
c5a1c4e8-e7b9-4faf-af8c-bcea764afa18,today we were having the offer otherwise before there was no offer. and offers were on only selected banks . make a price actually because delivery and all make it too high.,1,NEGATIVE,0.9987056255340576,25
225840ac-d8c5-47da-b71b-4a480033fc49,worst experience every time.. same experience this time . you cheated again no food delivered payment made no phone calls .no msg . avoid downloading swiggy and go for zomato,1,NEGATIVE,0.9993152618408204,13
76ff4d2f-8484-4f76-bcc9-9f1d5ce63f9c,one of the worst app i can't able to use my free cash.,1,NEGATIVE,0.9997695088386536,27
6c4abf3d-15f5-47f6-a28d-4da0b74c0ab5,pathetic service. cancel your order before delivery.,1,NEGATIVE,0.9998032450675964,48
27faa001-202c-497d-a441-34765082099f,"such a pathetic service by swiggy. my item was missing in delivery, instead of adjusting the delivery or refund they asked email the support. after emailing those useless support are suggesting to downgrade the restaurant rating.",1,NEGATIVE,0.9998111128807068,-1
b72c4dbe-12e7-4a38-b1a3-e8d9e0d08bf7,suddenly the cod option stopped working.,1,NEGATIVE,0.9997170567512512,-1
670f7630-6557-4772-9e3c-d3b8ffa33674,lot of nonsenses happening around the order. orders are missing items when raise complaint swiggy says that's restaurant issue or they cannot process refund on it.,1,NEGATIVE,0.9995885491371156,-1
b19fb82b-57b6-41cd-a1f1-9637509400e3,very bad customer support i did not recieve my order and contact them. they could not process my refund,1,NEGATIVE,0.99977308511734,2
aa055dec-82cb-45ca-8b87-cf10ee825e3c,"despite opting for the chilled option for soft drinks, i always receive them warm. delivering warm pepsi may be a cost-saving strategy for you, but a waste-of-time for me, because i need to freeze it to have it. what's the point of being an ""insta"" mart? i've mentioned this so many times to the customer services agents, who always promise that it won't happen again next time. keep the lies to yourself, swiggy. pls don't scam customers by mentioning ""chilled"", when you're delivering them warm!",1,NEGATIVE,0.993998408317566,-1
ae97d5d2-30ad-4c34-bfad-1706879b17af,give more offers and cashback like one rupee chiken fry beryani,3,NEGATIVE,0.9814923405647278,36
f4ef3dc1-d7b9-4715-88a1-974ec7f18ac3,"the app crashes when you tap on the delivery tracking map button. please fix this, it's very annoying. i'm on samsung galaxy s22 plus with android 16",1,NEGATIVE,0.9997158646583556,20
2408e3b0-2fdf-4e2f-9148-c352b2d7c5df,i am not able to buzz click with my friends link ..,2,NEGATIVE,0.9994469285011292,18
65440d21-c6a3-440e-b9ed-a3ccd21e7aa0,cash on delivery available good but not allowed,4,NEGATIVE,0.9784412384033204,25
581b5025-e1f7-41b2-9e97-567fffcb97c8,"good, but they need to reduce there delivery charge price",4,NEGATIVE,0.9925771355628968,17
9d64a34c-aff1-4c6a-baa6-864cdb27eed9,"do not use this app, because delivering incorrect food & that not on time please stop using this app worest app, food customer support team not responding this my real time experience, for suppose you order, after few seconds u want to cancel something then company will give cancellation charges, worest company",1,NEGATIVE,0.9996063113212584,-1
ae2c1619-81fe-4d69-addf-1395bf089478,service are pathetic now days....,1,NEGATIVE,0.9997304081916808,3
f6ff5401-1cb7-4433-ab0a-8388093c9d2b,swiggy blk is a scam. they never give the late delivery guarantee coupon and their customer support is a total waste.,1,NEGATIVE,0.9997989535331726,11
6fc305c6-ee4d-465f-b0ec-9fc931accad6,"this new buzz thing a gross game of hidden rules where you literally can't earn the free cash because you can't have 1000 rupees (yeah it's 'up to' but it doesn't excuse the way it was advertised) on top of that, i find out some people have minimum order of 299 and some have 399 to avail it? and it has to be used within 3 days of earning or go for expiry? this is a new low. maybe don't advertise things you can't live up to. an honest thief is better than a lying saint.",1,NEGATIVE,0.9941107630729676,-1
d51b319c-7bf3-43cf-8eb8-4268e760ea1c,don't order anything from this app because it's serve half food as i order from this app i pay full payment but i recive only half of food and also missing food that why don't order form it,1,NEGATIVE,0.9993093013763428,44
52a69aa6-0bb6-4838-9cf6-77ca60a79971,bakvas hai jyadatar damage aur kharab product,1,NEGATIVE,0.9883508682250975,0
bd37b806-c0c2-4952-8471-50dcffdf773f,"very disappointing customer support from swiggy. i contacted support regarding an issue with my order, but instead of resolving it, they kept giving generic responses and failed to provide any meaningful assistance. there was no accountability or genuine effort to help. customer support should focus on resolving customer problems, not just closing chats. this experience has significantly reduced my trust in the service. i hope swiggy improves its support quality and starts treating custo",1,NEGATIVE,0.999728262424469,31
1f9b859a-6c87-4e7c-bfb8-a1759f8f50d7,बहुत ही गंदी है सर्विस हे यहां बहुत ज्यादा चीटिंग होती है ऑर्डर से पहले ऑफर दिखाते हैं ऑर्डर करने के बाद ऑटोमेटिक ऑफर हट जाता है उसके बाद कितना भी कस्टमर से करे से बात कर लो कोई भी हेल्प करने वाला नहीं है सिर्फ बेवकूफ बनाते हैं और आर्डर कैंसिल करने की कोशिश करते हैं तो हंड्रेड परसेंट कैंसिलेशन फीस बाद लगा देते हैं,1,NEGATIVE,0.8754293322563171,39
6b89e180-bf9d-4e53-8ef2-b7125972b594,"this is the worst app experience i have ever had. i have placed two orders on this app, and both were disasters. for the first order, the delivery partner could not find the restaurant, so the order was canceled, but i still have not received my refund. today, i placed another order, and the delivery partner could not find my address. to make matters worse, his behavior was extremely rude and arrogant. i had to cancel this order as well, and again, no refund was provided. this is ridiculous.",1,NEGATIVE,0.999794065952301,-1
3dbbc7b8-3deb-432b-913c-73eafa3e64f0,rate very high..... too much rate.....,1,NEGATIVE,0.9997380375862122,-1
18863c08-3f9c-429a-be40-f92a073c5627,there is a many of charge. delivery charge packing charge. gst,1,NEGATIVE,0.9396103024482728,33
7e313646-1773-4391-b5d1-f0492d7abeaf,one new fraud of swiggy that they have removed my coupon of dine out before expiry date and my money they have taken is totally wasted fraud co. no customer care number... .. .so never trust them ... a big fraud company..rates are diffrent than original restaurant price plus aadition of restaurant charges are fraud that dont need to pay when we goes to restaurant ourself..and lastly the addition of delivery charges makes the price of product almost double.. .,1,NEGATIVE,0.999670147895813,-1
7b3ed370-c742-4af0-9164-31ab9bae6e48,kabhi kabhi delivery food bhot bakwaas hota hai or kabhi delivery boy order leke bhag jata hai fir swiggy wale 24 ghante mai refund krte hai are jab insaan ko bhook lagti h to kahi se paise manga kr khaye bhi to ye uske paise maar lete hai .❌,2,NEGATIVE,0.9975945353507996,0
edd498ee-7f36-4d60-a871-e95c83c798f5,what a scammer swiggy and toing scamming their customers for money with frauds ..you guys are dacoits and cheaters,1,NEGATIVE,0.999349057674408,30
0d0a89e6-3f97-4a9c-803e-312f3532323c,"this was the worst delivery experience i have ever had. swiggy has one of the poorest customer services i have experienced. their delivery partners do not listen to customers and do whatever they want without any accountability. my order was cancelled without a valid reason, leaving my family waiting for food. my children went hungry because of this irresponsible service. this caused unnecessary stress and frustration. i strongly urge swiggy to improve its delivery management and customer suppor",1,NEGATIVE,0.9997005462646484,40
c403cef8-9078-4aae-9627-4df5640b39ed,please guys don't dawnload this app i ordered 297 meal and i waited 2 hours midnight. i hope swiggy delivery partner having my meal i guess and i didn't get refund also. for 297 they asking 297 cancellation fees. what is this ? this called scam? again it's not about only money its about time? i just waited 2 hours. i hope you will understand one day? very bad service.,1,NEGATIVE,0.9994575381278992,-1
d011b9a6-7cab-43de-8c6f-d7484789aad0,i have ordered a 1200 rs cake for anniversary and they have sent me a cake on which it was already mentioned as happy birthday with some persons name. when i questioned the same they are saying it is restaurant's mistake they can't do anything and help me. and the customer care is worst.,1,NEGATIVE,0.999744713306427,28
433828cc-b9ea-4a68-a79e-ebdf1f0707a8,"i ordered a cake from the obroma bengaluru, dated 02 aug 2026, time - 3:36 pm worth rupees 415 but due to some unforeseen isssue i had to cancel it but i cancelled it within the permissible time of 2 mir given to costumers for cancellation. but they deducted the whole amount (100%) and refunds nothing. worst aap ever",1,NEGATIVE,0.9996070265769958,28
d34ae344-09f5-414e-922d-ef0f6af4e00f,swiggy provide free cash after playing streak. but it's not applying in checkout. what's going on? why are you giving fake cash.,1,NEGATIVE,0.9984434247016908,11
91a82cac-9ebd-4424-8c52-9778a8c30ed8,"horrible managing i received 3 times unpacked and spilled products they did nothing.... you are just scamming people money ,why is it so hard to do the right thing when you are getting money .... i am so frustrated with their service,they will never respond no response, no refund i will suggest anyone to buy products.. i only have worst experience from swiggy instamart",1,NEGATIVE,0.9997406601905824,-1
1dfba928-9a29-493f-a27d-d76a2b49779a,"pathetic service, order delay & also missed few items in order.",1,NEGATIVE,0.9997454285621644,22
6d2785a3-7ce4-417a-86db-71bf3b0396d8,the app sends you trash as food nd do not refund your money like i recently ordered 1 kg cake and i received melted cake absolutely melted they are not even returning half of the money i m not asking for returning full refund but atleast return half of it my bill was 1095 rupees and they sent me trashed nd melted cake i was very sad because of this. my sister's birthday was ruined.,1,NEGATIVE,0.9995431900024414,28
fbed5268-7ce8-4057-ab92-5cb1979e6150,bhaut bekaar app hai koi support provide nahi karta hai paise bhi kaat liye khana bhi bekaar aaya,1,NEGATIVE,0.927685558795929,0
ff8693d7-30c0-4c93-ba10-2e2d257a9d0e,order momo at 9:09pm on a sunday after more than 2.5 hours still no order and the bot is really useless it does not give the answer that will help and ofc i can't cancel my order or i will loss my money and after this much time i only get the coupon of 52 rupees like seriously waiting for more than 2.5 hours and getting only 52 rupees is really really frustrating. really disappointing and really really frustrating and also did not accepted this from swiggy,1,NEGATIVE,0.9996345043182372,-1
d8ff7278-2868-4d40-8b3d-4df2747264d6,third class set delivery partner he did not even have a bag he dropped my parcel completely i had ordered a combo from burger king he dropped the entire pepsi in the burger the burger got completely spoiled and the french fries were also gone,1,NEGATIVE,0.9995954632759094,21
3951137e-4edf-474f-b132-6e8d6f4a3a9e,"horrible safety support, nobody picks up when u call in an emergency caused by aggressive behavior of delivery driver. no support or communication on investigation also later on. if this is how bad the safety support is, it's not a risk worth taking to order from this.",1,NEGATIVE,0.9997479319572448,-1
6ce725f8-fa13-4a65-a260-33927498eb77,"worst food delivery app, today i uninstalled swiggy. i placed order at 9:15 pm was supposed to receive by 10:00 pm restaurant called me saying delivery boy not answering calls. when reached out to customer care stupid ai bot not letting me connect with human as he was not understanding the issue after 10:15 pm their agent looking for another delivery agent who was assigned at 10:40pm and order arrived at my end 11:15 pm do they expect the customer to stay awake whole night to receive the order",1,NEGATIVE,0.9997134804725648,-1
877c2fe2-f27f-4047-9744-2802b59d5f9f,"denied delivery, bcz of after 1 hr swiggy not given my order to the restaurant",1,NEGATIVE,0.9991089701652528,8
1643bdef-2d04-4011-86b9-ac7ad5716dcf,today it is 4th day and i did not my refund from you.,1,NEGATIVE,0.9983501434326172,2
3c8b5486-d454-4557-84b3-8a2054136cdb,bad app using more platform fee and. there is on rain in. my area and. taking rain fee. bad app and rates are soo high when i compare to restaurant.,1,NEGATIVE,0.9995906949043274,-1
4fd63a4f-d92c-4593-81f7-17de9f86eb63,location service is real bad. many tumes i have to walk 100 meters to take my order.,1,NEGATIVE,0.9997517466545104,22
26acb67d-500e-4cae-a899-086cee74c9b9,i am using instamart for free mashroom.,5,NEGATIVE,0.9989768266677856,-1
79e286d5-831b-409e-afc9-d8d39ae9c061,platform fee aur gst bohot zyada hai,2,NEGATIVE,0.9927440881729126,0
cf88bd36-1603-4a5c-951d-5087cd000686,the customer executive is not responding and getting points to understand properly and during the order period they show the time of delivery the food is always wrong i always receive cold and late food,1,NEGATIVE,0.9995720982551576,5
d8b9812f-308f-4875-bca5-2fab17801af7,this app is thrash i got scammed me and my friend order something and we paid online money gone order never received 0 support from helping,1,NEGATIVE,0.9993909597396852,7
b47e0cbd-eaa9-4ea0-bbaa-bfc4445bfcf4,maine aapko do star isiliye diya hai ki maine jab order karta hun pahle dikhate hai aapka order ready ho raha hai but dhire dhire delay ho jata hai and domino's sa kya tha but delay hokar nahin aaya,2,NEGATIVE,0.9954765439033508,0
fd08ee61-d55d-40ef-9815-7512037c7a34,should fast the delivery and reduce the delivery charges,3,NEGATIVE,0.9903084635734558,17
99d77f91-54aa-4055-bc94-b7a153ba1b06,"ordered food at 8:07pm and it got cancelled at 9:19 pm when the order was supposed to get delivered in 35 mins. no one reaches out, no explanation for cancellation. help chat just gives message to get refund by submitting an email. kids think food is coming and it didnt and i cant go to another restaurant so late. worst app and worst pizza hit adambakkam. i didnt cancel it. it was auto cancelled or delivery partner cancelled it. no reason for cancellation given. no refund.",1,NEGATIVE,0.9997270703315736,-1
5440f121-268f-4d34-99b0-1e9f43500a3e,i placed the order at 10pm and showed it as 11 min delivery but delivered at 10:45pm. the support team is too waste not giving a response. they are also dropping call in between me asking the resolutions. i should give a negative rating for this.,1,NEGATIVE,0.999411940574646,-1
