reviewId,content,score,sentiment,confidence
82d91053-d27d-4a26-8829-1b97995f02b3,"poor customer service, poor app services, no mechanism to ensure quality food restaurant are using this platform any roadside cheap seller can give money for advertisement and swiggy company will treat him like a king at the cost of people's health",1,NEGATIVE,0.9997637867927551
75bb91a7-e679-4210-8056-a44bd833aaae,i didn't receive my refund amount what should i do,1,NEGATIVE,0.999289870262146
9bc2dfe1-4809-4f3f-82ad-fd8bd0e6d093,good for service's,5,POSITIVE,0.999737560749054
5981dd4b-9a37-489f-9ff1-290eef46e0ed,good work 👏,5,POSITIVE,0.9998606443405151
3ec11515-08af-4bec-8d13-3c74d5cf80a9,good and smooth doughnut,5,POSITIVE,0.9998689889907837
3fecf4be-be83-4d69-93d7-84d03e9b7949,ok,3,POSITIVE,0.9997851252555847
1595fdca-e215-4551-b560-09e98ca30667,nice app cheaper pizza,5,POSITIVE,0.998672366142273
f3731e19-1328-4cc5-a89e-45c6369a023b,late pe late bohot disturb krta h,1,NEGATIVE,0.8715970516204834
9fb52d9a-0ce1-4afa-b11b-49b23e4ecfd1,good,4,POSITIVE,0.9998161196708679
9a0a1699-a3b3-4197-a2c8-f906eeb9bba3,good,5,POSITIVE,0.9998161196708679
ae1d3f17-bd78-45bc-a56e-b2789a983e76,good,4,POSITIVE,0.9998161196708679
3f282ef2-f19d-454e-b1d2-023deb2185f3,good 👍,5,POSITIVE,0.9998576641082764
5e955cb6-4c5b-4c4a-a752-d98d17682ead,nice,5,POSITIVE,0.9998552799224854
436bccc2-38d3-496f-b49b-3078111bb1c3,best app,5,POSITIVE,0.999686598777771
a5e60865-7d9c-4cd1-8bfc-5f3bd2654185,agar minus me option hota to minus me mai rating deti ... mrp packet par 120 hai ye log mrp 149 dikha kar 20% off dikhate hai...1 rs ka jo saman hai sada gala badboodaar packet bheje complaint karne par bolte hai k hum iski internal enquiry karenge...jiska customer ko pta nahi chalta,1,NEGATIVE,0.9963043928146362
f1d3134b-77cd-49bf-bd84-d6feb16fbd94,good app,5,POSITIVE,0.9998493194580078
e329908a-7727-4e43-8d4f-1a095a98dc5d,good,4,POSITIVE,0.9998161196708679
8eff5e11-655e-4ab8-974f-71ca712df1c0,good,5,POSITIVE,0.9998161196708679
13a9a35f-9875-421e-b6ee-439c923bbda6,good services 👍,5,POSITIVE,0.9997872710227966
e5bc15a7-0362-408e-b118-8bc4b53e68e2,best food,5,POSITIVE,0.9998595714569092
a1be9ad0-9662-4ab9-a3c8-dcdca5c5a692,nice app,5,POSITIVE,0.9998061060905457
2649b7e8-dc2d-4d83-977e-7b35a65b3fc0,bahut dhire late karte h abhi tk order nahi kiya,1,NEGATIVE,0.9608163833618164
0e695711-b2f2-4351-b01f-221d1195e0b6,okay,5,POSITIVE,0.9997709393501282
094b69ed-9a11-4967-a758-af80c4d33c62,very nice,5,POSITIVE,0.9998563528060913
ad350bc8-e532-4498-9496-838ef3818b12,fraud app,1,NEGATIVE,0.99826580286026
28780264-aeff-4a13-b55e-52994791a3c8,good,5,POSITIVE,0.9998161196708679
6076e4b1-aa54-407f-a5a9-6f0974f96485,good 👍,5,POSITIVE,0.9998576641082764
d41a0744-c1c8-4a6f-981a-63a683cbb9d4,worst app ever i received a wrong order when i went in the help section of this app i didn't even get proper response from there side,1,NEGATIVE,0.9998056292533875
f42fdd1b-0402-4dc3-aefc-83c786167f22,farzi dukaan add kr rkhi order le lete hai or aise bhi le lete h bad m order ka naam par kuch nhi dete h or mna kr dete na pisa return krte h,1,NEGATIVE,0.9971561431884766
66a3be9d-1ca4-47d8-a358-eec1988e948d,good,4,POSITIVE,0.9998161196708679
629d053d-7646-4eb8-9e52-86d5c1f92fa9,nice,5,POSITIVE,0.9998552799224854
13cfacbe-7cdc-470c-a316-2af6d541a8b4,the delivery charges are also very high even though ordering from nearby locations plus the tax and gst excessively high,1,POSITIVE,0.7162284851074219
9139730f-dd03-4b11-a552-ae339d598154,kabhi achha pizza de dete he to kabhi kabhi bahut hi kharab kismat ajmao,4,NEGATIVE,0.98807692527771
36da1392-e527-4f2b-b702-e5ff977e41ba,very good,5,POSITIVE,0.9998520612716675
1cd10206-eda0-4edf-a13d-099d56116825,awesome 👍🏿😎,5,POSITIVE,0.9998607635498047
96a2d8ae-2482-4256-b8c3-c6d62b0e582b,good 👍,4,POSITIVE,0.9998576641082764
3a73a835-adca-4792-8f99-e5c34f4e6dd1,ok,5,POSITIVE,0.9997851252555847
132f8e72-ccbf-43a7-bf88-888045c8068b,my worke,5,POSITIVE,0.9493680000305176
a52dafc4-31c6-49b4-af7a-75fa2c381bf0,excellent,5,POSITIVE,0.9998434782028198
f577ea41-314a-44a9-a609-018c6329029c,i want to zero review for your service... order accept karte ho customer ko wait karate ho 30-40 minutes or uske bad order cancel karte ho...ekdm bakvas app ahe...poor service me to 1 bhi star nhi dena chahta lekin 1 to select karna padta he isliye diya...,1,NEGATIVE,0.9997376799583435
fedb1c65-6a66-462a-b292-40b6d35d94b5,good,3,POSITIVE,0.9998161196708679
911527b3-5855-45a3-ad87-95556987bf60,pizza was not fresh. it was cold and not in proper shape. delivery was too late.,1,NEGATIVE,0.9997879862785339
42a8ef92-07f8-4574-af0b-7a28a711fd09,"we ordered 4 portions of idlis (2 pieces each), which means we should have received 8 idlis. however, only 7 idlis were delivered. we immediately took photographs and shared them with your support team as proof, but our complaint was rejected without a proper explanation or resolution. we are being charged ₹50 per idli, and this means we have paid for an item that was never delivered. who will bear the cost of the missing idli?",1,NEGATIVE,0.9994322657585144
69172ff1-9b43-4494-b6d5-17deb3cb86fc,nice,5,POSITIVE,0.9998552799224854
97423360-cae0-413f-aca1-358c5e980450,the app us very use full time to delevery 🫶🏻,5,NEGATIVE,0.9943899512290955
0f01f19e-e908-42bb-b8b8-94b21ef322d1,verry good,5,POSITIVE,0.9998464584350586
7c656a5c-f415-4785-abcb-894ffe59d85d,good,4,POSITIVE,0.9998161196708679
333d84ab-bb6a-4f6d-b0cc-31925e346193,nice 👍,3,POSITIVE,0.9998424053192139
5a4552dd-8c73-4073-83f5-a8cbe714dab1,nice,5,POSITIVE,0.9998552799224854
59b4a754-62c6-4d33-b482-274379522450,nice,4,POSITIVE,0.9998552799224854
aa7104b4-ef63-4230-94cb-99b476869bb0,thank you,5,POSITIVE,0.9998352527618408
b91105ff-8d53-4e10-847d-14a1974ab15c,nice,4,POSITIVE,0.9998552799224854
d9d7ddcf-fa45-4136-9e62-bff1d3fd8f61,super 💯,5,POSITIVE,0.9331684112548828
14608159-829c-4f45-9222-3c5e4282fe30,"good,and very quick",5,POSITIVE,0.9998575448989868
03ced92d-6361-4dca-a138-8aed7454dafd,very bad delivery service in the world very bad u don't no to speak to the people,1,NEGATIVE,0.9997363686561584
d4b2ca5a-f77b-4e4c-91fc-d85b8b2c2049,nice,5,POSITIVE,0.9998552799224854
9bb902a0-a3e7-4df6-8d8e-1543746b9a39,don't use swiggy. the prices are always higher compared to other food delivery apps. it always charges higher.,1,POSITIVE,0.9466095566749573
cf963bd4-1c6a-4ec1-89c6-087273137cfd,not bad,1,POSITIVE,0.9995881915092468
322c32b6-d134-4803-84d3-5daa6cab29ca,good,5,POSITIVE,0.9998161196708679
cfb48503-dc62-438c-ad31-e593e5ed6d07,i had ordered food at 1:02 and food is delivered at 1:55 and when we order the time should decrease but that time the time was increasing,1,NEGATIVE,0.9848629832267761
43142d06-aece-47ad-bcc9-13912871f853,"pathetic customer care service, when try to cancel the order say no refund will be given, no swiggy from now this one is the last order",1,NEGATIVE,0.9996519088745117
6de5b74b-be9b-4b52-989d-e1b36ffa1187,good,5,POSITIVE,0.9998161196708679
cf979d81-c6d0-4125-8897-70b0599988c4,ഗുഡ്,5,NEGATIVE,0.6970565915107727
2797ea0b-2ef3-4220-ba18-77955ed560a4,most irritating chat super and customer support ever... zomato is far better orst worst,1,NEGATIVE,0.999819815158844
bfddf4f0-e234-4200-b031-d844f9afa79f,ok,4,POSITIVE,0.9997851252555847
1f1dc04c-542e-4f01-a1d6-33cf23a92b2d,good,4,POSITIVE,0.9998161196708679
4aafa034-4b9e-4923-b4ac-f45ec436253f,this is best dilveri app,4,POSITIVE,0.9990028738975525
792e8267-5820-4296-a13b-28cd344b1f80,worst food delivery app...zomato is far better...they don't deliver food even after 2 hours...worst...they just show assigning as priority,1,NEGATIVE,0.9997895359992981
e0cade18-0695-494f-ba0a-dd7dbf6b680f,super super apo,5,POSITIVE,0.9929775595664978
47bdfc97-df44-4ec5-8b42-8431f7b4d551,good,3,POSITIVE,0.9998161196708679
e56e957d-0385-476d-a18a-b260ad538de5,good,4,POSITIVE,0.9998161196708679
362e23ce-fb83-4d71-826b-0a9ceb116f6f,i love swiggy,5,POSITIVE,0.9994305968284607
c52ae37c-aa60-45e5-aa9c-964bab73fa6b,charge zayda,1,POSITIVE,0.9930964112281799
bf905ba0-3755-4a37-95d5-abea32be85f2,good,5,POSITIVE,0.9998161196708679
ffb25261-37d8-45b4-ad1b-629c2eead943,worst app,1,NEGATIVE,0.9997863173484802
85095779-f355-41e6-a326-5b7fcb6f8a1c,fast delivery this company,5,POSITIVE,0.9994493126869202
3b1ae6f5-b424-4659-b88a-b33ef714e457,any time late or havy charge,2,POSITIVE,0.8245640993118286
5912d2e0-8870-4d4a-9eb9-15773b68f998,very good👍,5,POSITIVE,0.8243637681007385
afd13deb-18ea-446c-a3f5-e262942c50f7,bhut hi bekar service...1 hr wait krne baad btate hai sorry apka order nhi ho payega...and multiple times it has happened.,1,NEGATIVE,0.9991464614868164
fc35cde3-42c7-4528-9104-aa4b7a2c3823,bahut shandar hai aap hai,5,POSITIVE,0.8102431893348694
4716f953-9de6-45c4-9bc3-00d188949f87,good,4,POSITIVE,0.9998161196708679
1e2e3d39-8bcc-4f0e-a817-b68b80875ce5,very very very very late delivery in my area.,2,NEGATIVE,0.9994780421257019
45ef87e1-a87e-4f53-b210-dc5d73ffdd6b,really good...eating something delicious right now yummy....❤,5,POSITIVE,0.9998676776885986
4b38a3df-7513-4980-af20-4da217056abb,excellent,5,POSITIVE,0.9998434782028198
a0beae60-8f39-4378-aecc-c0acf0630e58,excellent,5,POSITIVE,0.9998434782028198
5564186c-4ae4-477b-b2c0-f4202e39ad48,they are a fraud they deliver less items and don't even refund the money or give a discount coupon,1,NEGATIVE,0.9995864033699036
4c3ca75a-8856-444b-9cdb-405e69e788b2,good but give more discount,4,POSITIVE,0.9979154467582703
dddcc2c4-d31d-4ad4-854b-4fe66c5e0499,ok,5,POSITIVE,0.9997851252555847
dd628fe2-60a6-4712-af6a-30ccbdcd3eb9,good,5,POSITIVE,0.9998161196708679
24732bcd-b59a-4d98-84b5-fd074a261370,super,5,POSITIVE,0.998783528804779
6021ffe5-950a-4131-aec8-6af9394411e1,"very disappointing experience with instamart. my order is showing as “delivered” in the app, but i have not received the order at all. i checked properly, but there was no delivery made to me. it is unacceptable to mark an order as delivered when the customer has not actually received it. i request instamart to investigate this issue immediately and provide either my order or a full refund. please improve the delivery verification process so customers do not have to face such situations.",1,NEGATIVE,0.9994027614593506
a6ad4c44-70e3-4ce6-a913-01fac4e21618,best delivery app in playstore,5,POSITIVE,0.9990246295928955
81da6ce7-7f7a-4ebb-a8a7-05e45d553988,good,5,POSITIVE,0.9998161196708679
5948a371-ae0c-404a-823b-ae6c05379aa2,fraud company है so many reasons बंद karo इसे use karna . so many प्लेटफॉर्म उसे use karo,1,NEGATIVE,0.9939077496528625
7816db29-a869-41d4-b9d2-d69101d7fc9c,worst service ...fraud service,1,NEGATIVE,0.99980229139328
900be4dc-c3b2-449f-b1c5-393df9b7b0af,nice,5,POSITIVE,0.9998552799224854
0713b76f-31bd-43cf-996f-43675846b241,"initially had something to offer, now just disappoints us at every turn and order. the first couple of orders i had missing fries that were open and they didnt do much. so is switched to using instamart. almost every other order had some things missing or we were given expired items. so we took a break from their app. last night we spent 700 at around 9pm to get a full chicken with some flatbreads and all we got were the flatbreads. never get this app. they are scammers!",1,NEGATIVE,0.9997075200080872
2572bfee-93e9-434c-8100-f0aa35d1f1d4,good 👍🏻,5,POSITIVE,0.9998576641082764
bff9beb1-5e3d-4deb-bb7e-39568a6fc361,"i ordered something from swiggy for the first time , swiggy is very good 💞✨🫠",5,POSITIVE,0.9997090697288513
e6279512-5a2f-48a6-801a-fa62ff484da7,not necessary,5,NEGATIVE,0.9993482232093811
6464e37b-a803-4be9-be40-28f7c901c9df,good food😂,5,POSITIVE,0.9998576641082764
68e8b30e-836e-493f-8e22-4f39ead8336a,chor hai khud order cancel kr deti hai customer ka full amount charge laga deti hai ek bhi rupya refund nhi deti hai koi mat buy krna swiggy se customer support bhi koi kaam ka nhi hai eska sabse accha zomato hai,1,NEGATIVE,0.9985957741737366
90bd74ca-c3ff-4d7f-be04-0aded9f1108b,nice,4,POSITIVE,0.9998552799224854
d3c1f41d-a5ed-4d23-85bf-a50f19668f98,excellent,5,POSITIVE,0.9998434782028198
d6b5ca07-bf20-44b6-81f9-040e5673db4b,thank you 😊,5,POSITIVE,0.9998127818107605
31e460fd-8e94-49f6-a20d-94a3f7fd3f94,add an option to delete order history,5,NEGATIVE,0.9986617565155029
733bef3b-b605-4424-9069-bed2e3d1dee0,good,3,POSITIVE,0.9998161196708679
f0677472-3151-44b7-84d9-e8d78a9e9bfe,not good రెస్టారెంట్,1,NEGATIVE,0.9997723698616028
e4b0cf62-67d5-4a59-a7e5-817c3dd8f85e,"difficult to check the product's details which are ordered, it shows incomplete details, lack of transparency and clarity",1,NEGATIVE,0.9997721314430237
a55bf984-5ada-4278-ad2a-057ca015fedd,totally fraud i have ordered some food and they tell me that there are road blocked but i've checked that road and that is clearly open not blocked any road. fraud swiggy,1,NEGATIVE,0.995154619216919
f809f798-2179-4259-8f72-f9b73040115a,added a prescription medicine to the order by mistake. cancellled that one prescription item immediately as i did not want the telephonic consultation. the cancelled item cost was rs 54 but the refund they gave was only 35. they quietly slipped in rs 19 as delivery fee for the remaining items. the original order did not have delivery fee and value of the remaining items was above rs 500 - there should be no delivery fee for that with swiggy one. cheap behaviour by swiggy.,1,NEGATIVE,0.9995495676994324
bf576db5-73a2-422a-a2ba-50732a60c565,no cancellation policy,1,POSITIVE,0.9961840510368347
30e4d4f1-9217-4fbf-b1fe-5fe678494c8f,very good,5,POSITIVE,0.9998520612716675
f73eddb0-55bf-4986-a813-7baeaf17548b,best delivery and delicious 😋,5,POSITIVE,0.999870777130127
b55a6e51-2c47-4d99-86bb-3fcac3846183,great 👍,5,POSITIVE,0.9997692704200745
6d0d0e68-eee9-45ea-8c3f-04b88cb0389c,better to order food directly from the restaurant. many fake money saving schemes still cost much more than eating at the restaurant.,1,NEGATIVE,0.9986043572425842
34705de2-92be-4230-901a-bf5728f38c07,chheee,1,POSITIVE,0.7354222536087036
bdfa53d0-8a4d-442e-bd56-0b286515773a,good,5,POSITIVE,0.9998161196708679
10fa1490-c7c5-4e5f-835d-11b1432fa543,fast delivery,5,POSITIVE,0.9996138215065002
69d3908d-395e-4d78-a942-7e1b2769dc9e,good,5,POSITIVE,0.9998161196708679
908497be-30c1-4efc-b333-714bdfb100e2,axelent,4,POSITIVE,0.8642110228538513
2b7ee16c-f29e-4684-8b1c-6fdb3fb382fc,"worst customer support service ever.i ordered a ghewar from but i received a damaged and crushed ghewar.it looked like it's been dipped in water before delivery.when i complaint about it on the app they said they will review it and contact me later , which they never did.again i email them with my issues and they reply that they will talk to shop and tell them not to do it in future.",1,NEGATIVE,0.9992539286613464
62f3d9f2-4ea0-45c9-9e08-2855bf1ba026,super,5,POSITIVE,0.998783528804779
a4b97cfb-cb08-40c3-b026-48d46ec53b3f,"hey after placing order , time was pausing",3,NEGATIVE,0.8759814500808716
356cb4fb-6d78-4582-ba27-cbb6c6d952e1,good 👍,5,POSITIVE,0.9998576641082764
3474e5dc-c9f5-4973-8b6c-ff71ea1232f9,very nice 👍,1,POSITIVE,0.9998577833175659
73a1d7a3-c226-4758-be52-8a1e0812e2cf,ok,5,POSITIVE,0.9997851252555847
2a3d7e93-f2d2-457d-9d61-74eba3649e1a,very very very bad,1,NEGATIVE,0.9997840523719788
6b5b0fec-95c5-4cb2-862f-f3135feaa1a5,good,5,POSITIVE,0.9998161196708679
c76ca356-d87c-4acd-a3e3-8524eea796cd,best application ever and also best service.,5,POSITIVE,0.9998315572738647
dc7e91fe-c378-4d37-9f7d-4ecdd934e21d,good,4,POSITIVE,0.9998161196708679
a15854d9-2f0c-4f11-a228-0091b01cda97,please give some discount also,5,POSITIVE,0.997422456741333
27f303dc-e2a3-4b58-9c9a-9bd0f09a72bd,use ful app,5,NEGATIVE,0.9852924942970276
17f20a80-3c03-459c-afb8-354de223d66a,just dulses food,4,NEGATIVE,0.9847543239593506
362ab445-c2d5-41ff-9659-21890eb1a5a8,nice,5,POSITIVE,0.9998552799224854
c51b8642-0519-4710-bf5f-87cc1121e2fe,"worst experience with swiggy! i received the wrong product and raised a complaint immediately, but the automated ai support kept giving me the same response without providing any proper solution. what’s even worse is that if you place an order by mistake and try to cancel it within a minute, swiggy still says you will be charged the full amount. there’s no flexibility or proper customer support to understand genuine issues. this is honestly one of the worst food delivery apps i have ever used.",1,NEGATIVE,0.9997902512550354
61d984b6-5f80-4937-872b-35e592727c79,"my gps & mailing address are set correctly, but swiggy's system keeps showing my apartment neighbor's address to delivery partners instead of mine. reported repeatedly, never fixed. orders keep going to the wrong house, and i'm the one dealing with frustrated delivery agents over an error that's not my fault. blinkit & bigbasket deliver to me perfectly every time — only swiggy/instamart has this bug. fix your address matching. losing a loyal user.",1,NEGATIVE,0.9808347821235657
0f6ef4cb-5271-4955-b9a9-87e4f3722e9a,"absolute nonsense when it comes to getting a refund! customer service is atrocious and they don't investigate the case properly. the response time is 24-48 hours! i have been placing orders consistently as i live alone and when there is a problem, they don't resolve the issue, nor give you a refund for items that haven't been delivered! i would give it less than 1 star if i could! update - i have sent a formal email as advised. i will update again depending on the response i receive.",1,NEGATIVE,0.9993672966957092
d1a989dc-eb95-4a23-84fb-4090e587cc8b,mast,5,POSITIVE,0.717346727848053
82cd3309-1559-4db8-9172-35d75f594f34,one of the most worst apps in play store. they simply charge 100 percent as your cancellation fee,1,NEGATIVE,0.9997977614402771
8ff6d280-f6bd-4ab2-b518-51039b1534bf,my one of my favourite because this is unique and swiggy app is delivering every location,4,POSITIVE,0.9971621632575989
07126125-5329-497b-b2dd-1caf981c9fa1,good,5,POSITIVE,0.9998161196708679
587341a8-c0b3-4215-bc81-aed02f0fa235,very nice app,5,POSITIVE,0.9998562335968018
8d0a380b-e0c6-45eb-b2c0-0f0daf9ae60e,good,5,POSITIVE,0.9998161196708679
fc857548-3a50-4c7a-ad8c-e2ce0b8c9abb,buggy and lags all the time,1,NEGATIVE,0.999174177646637
598455c1-955b-433d-89ba-5d1b84562c14,good,5,POSITIVE,0.9998161196708679
ec2077ca-0838-4dd7-9181-dd0238a4a3fc,order karo but anandam se nahi kyo ki wo wrong order dete hai,1,NEGATIVE,0.9977388381958008
eab52101-5b68-4edb-9b8c-d25ff9159a0a,very good,4,POSITIVE,0.9998520612716675
8a82e012-f0e4-48ab-bfac-ecbfd11a8f0a,correctly place my address but delivery very late delivery. delivery boy told me your address is wrong but my delivery address extremely correct this not good totally disappointed.,2,NEGATIVE,0.9311085939407349
3a940288-599e-4c47-aa5d-5613e9f33a83,very nice,5,POSITIVE,0.9998563528060913
cfedb7c2-7a09-421d-bdd5-5b681e7f81b3,good delivery,5,POSITIVE,0.9998559951782227
11041f5d-ac8b-49b0-b924-7a47a8112198,ghatiya servise customer ko preshan krna 2 ghante km se km order lait rehta he inka upar behes krte he glti nhi mante apni ye log do kodi ki servise shame on you swiggy,1,NEGATIVE,0.9986987113952637
8068961f-c793-46c0-80fc-ed49b95948fb,good,5,POSITIVE,0.9998161196708679
4fe0e8d0-19c5-482e-b719-9bcc3d51bb49,i'm not able to login into swiggy.. please help...!!,1,NEGATIVE,0.9996911287307739
02567a74-9e68-41ac-859e-87bd39a094df,good,5,POSITIVE,0.9998161196708679
2e77cecb-6909-4f64-92a2-d45bf993152a,good product always send,5,POSITIVE,0.9998384714126587
dae8bc9f-e263-4c21-a03d-2c1330c9bef5,idiotic app don't every install it zomato is far far better and i have ordered rupees 281 rupees refund is not credited and they are telling me bank the bank what the hell. they will play with customers emotions.,1,NEGATIVE,0.9982047080993652
9d18bf05-9937-476e-8939-d3905be34e49,bhut ghatiya app h...1 ghante tak food deliver nhi hua or ye order cancel bhi nhi krte h...request krn3 ke baad bhi,1,NEGATIVE,0.9989203214645386
c2fb6044-828a-45d2-b7fa-50eb687eb372,only got 40 percent money in return for bad food,3,NEGATIVE,0.9986044764518738
a8dd2b9c-f3bf-4f84-89a1-0e233cf5d9ac,bhai koi mt lena is app ek bii saman had h kbse order kr rakha or abtk nhi fr y log paisa vapas bi nhi krtee khud majbur krte h logo ko late krke ki log order cancel krde....mt krna bhai y app m toh kisi ko recommend nhi krungii,1,NEGATIVE,0.9985950589179993
a768de70-8f10-49a3-82bf-5ca782ccdc5e,good 👍,3,POSITIVE,0.9998576641082764
79db2c16-2832-42e0-99e6-0a597e896ccb,unreliable. orders don't get delivered on time.,2,NEGATIVE,0.9990909099578857
8739d9c6-dc95-43e2-a48e-e1cb4ef625cd,this is my personal opinion but this app is so terrible,1,NEGATIVE,0.9995306730270386
7a25d814-2797-40f2-9660-d949c70e7bef,delivery aane do,5,NEGATIVE,0.9715131521224976
4f0a652b-17dc-4643-9284-8d3fad934647,good morning 🌞,5,POSITIVE,0.9997515082359314
69d710c4-4f2b-4dba-ada8-5d64a6feae5d,very nice app,5,POSITIVE,0.9998562335968018
f4e74065-abc4-4409-bc83-49e41a9b862c,third class service and when complained they do not reply and keep the customer for waiting for 1 and 2 hours giving reasons as the executive is busy please never order as this is my 3 rd or 4th time facing the same problem.,1,NEGATIVE,0.998496413230896
0dff2dbb-e57b-42cc-9b17-481466a0b469,getting orders too late,1,NEGATIVE,0.9994449019432068
5740d1e5-9939-47d7-8c0f-f9813ad4abfa,special thanks to swiggy... instamart last time i gave 1star only because of inconvenience coused to me .. but after rating my problem got solved in jst 24hrs tnq soo much and fastest delivery good products all is good frm vijayawada 520001,5,POSITIVE,0.9983512163162231
ea40f6a4-e343-4b13-a8aa-dce3fc02e21d,worst service,1,NEGATIVE,0.999795138835907
62385710-77a5-4901-a38f-1718ebcfc62b,good 👍,5,POSITIVE,0.9998576641082764
f0625b62-09fc-4c36-8a28-7917f92f3f53,swiggy has been taking the customers granted these days. below are the multiple disappointing scenarios i've encountered with swiggy. 1. delivery partner doesn't pick the calls and had to wait for 1 hr for just a 2 min away delivery 2. neither the delivery partner nor the customer care don't even call the customer and inform them in case of delayed order but still shows the status of few mins away where as had to 1.5 hrs to get an update 3.not receiving the complete order for which we've paid,1,NEGATIVE,0.9994992017745972
7fec2d83-4b1f-420a-a260-8eff24f03072,"khub valo , gile gile pet fule geche amar",5,NEGATIVE,0.9874811768531799
81c3fb79-ca94-4040-a0bc-1c9279ec9739,good 👍👍👍,5,POSITIVE,0.9998576641082764
c6a040c3-129c-40f3-bfc6-2e88ff3da6e8,best best best 👍,5,POSITIVE,0.9998047947883606
15b21b63-bd83-4e00-a74b-ac74d0a74172,app login nhi ho raha,1,NEGATIVE,0.9843571782112122
8c002706-12da-4172-a9a6-ad189323d2c2,nice 👍,5,POSITIVE,0.9998424053192139
21775ac4-4f97-4e56-ab63-c25118b2f412,best,5,POSITIVE,0.9997941851615906
50fe0af0-6e4c-4ad6-a216-179865329eb3,bad app 🤬🤬🤬,1,NEGATIVE,0.99965500831604
ede96bb3-b4d6-4d84-8eec-f59b98abf958,good,5,POSITIVE,0.9998161196708679
77b7ee13-f8af-4a7f-82c8-da8bd64be27c,super,5,POSITIVE,0.998783528804779
b88602a5-f7ee-4e4b-a451-81fea3112f12,good 👍,5,POSITIVE,0.9998576641082764
f0e2f4da-4745-4c24-b898-56c1f85e3f0f,thoda simple hona chahiye,4,NEGATIVE,0.965724766254425
89e3124e-0201-4549-ac79-2c541a792fef,super,5,POSITIVE,0.998783528804779
cec1737f-7b79-4858-89d3-04caef3b6ee3,cod not available what if there delivery boy never reach after getting payment,1,NEGATIVE,0.9996711015701294
72187216-69dd-4e62-b8c8-0a9536400203,very nice,5,POSITIVE,0.9998563528060913
1e948865-7cd9-43cc-b2db-a2a19e57b771,good working,5,POSITIVE,0.999843955039978
fcd6cafc-11f9-48bc-9f39-f50de899f1fb,super,5,POSITIVE,0.998783528804779
278a8ce5-19de-4382-9474-162d651db546,awesome,5,POSITIVE,0.9998682737350464
30a41b52-ba68-43e0-b646-6f1c23123015,good,5,POSITIVE,0.9998161196708679
bb816fca-b398-4e05-b151-9b7f2c7d680b,"large choice of food and quick grocery delivery via instamart,swiggy is a popular food and grocery delivery app in india known for its fast delivery and wide restaurant choices, but user opinions on reddit are mixed regarding customer support and occasional order delays.",5,NEGATIVE,0.9238182902336121
6e0c8f22-d261-403a-9390-a0abeccf72b7,good 👍,5,POSITIVE,0.9998576641082764
38359d76-97b0-49f9-a7b2-eccb2af57e79,nice,5,POSITIVE,0.9998552799224854
f471d25f-ffb6-47b0-a3a7-a1c4c1b3ab97,good 👍,5,POSITIVE,0.9998576641082764
af2b0adf-2d28-4b43-b381-327b207a3e9c,great 👍,5,POSITIVE,0.9997692704200745
d82bfe46-b1fe-4f58-b4ee-8e3c365ed705,good,4,POSITIVE,0.9998161196708679
a3411cbd-572e-4155-a5d2-c309f1d4c9c4,"charging the cancelation fee more than the original price of the goods , absolutely not good , also customer service is also not help able in such cases.",1,NEGATIVE,0.9961561560630798
375ee496-56e3-4dd1-9cee-c1222a606cdc,they sold me a broken product. refused to take any accountability and their customer support team is extremely unhelpful. all they do is cheat people and refuse to address the problems they create.,1,NEGATIVE,0.9996299743652344
a9517f88-7fa7-402b-9af6-07cda77df814,worst support dont recommenr this,1,NEGATIVE,0.9997500777244568
e813724f-e535-42dc-9e70-89aad6a97f7b,best service,5,POSITIVE,0.999809205532074
b51df716-294d-4092-a37a-3d6b86fe470d,great 👍,5,POSITIVE,0.9997692704200745
3e1ef233-1245-4509-882c-fb7e24313f91,excellent,5,POSITIVE,0.9998434782028198
c910dffa-a214-4c5c-b35a-417df0e3c882,best of deal,5,POSITIVE,0.9982806444168091
62a65362-1dd4-480c-831e-8925f2c5a7ec,awesome,5,POSITIVE,0.9998682737350464
718ef117-ee50-4adb-a5be-cf4e9b9e15d4,"bad experience more than one time, at night they said to deliver in 35 mins but won't deliver for 2 and half hours. and delivery person won't pick the phone. the help assist is of no help, except asking us to see the order status ourself in the app. it seems they can't see themselves the order tracking when the status of order is changed.",1,NEGATIVE,0.9987562894821167
460e4ddf-5dc0-4a04-a1a1-a3701b15ed8a,good,5,POSITIVE,0.9998161196708679
a0068c82-c831-4144-a33b-6eb3003b4990,good,5,POSITIVE,0.9998161196708679
171d483c-6d5b-4102-8888-302d9a9ca118,best h,5,POSITIVE,0.9996600151062012
edb2d50f-3b8c-4c87-87bb-6f2d5b8526ba,good,5,POSITIVE,0.9998161196708679
54fe3d64-554d-4d64-bbd6-199951460b01,gooda,5,POSITIVE,0.9998325109481812
c8faa2c0-ce00-4b91-9dd4-de63f72a663d,good,5,POSITIVE,0.9998161196708679
473a9a75-0b6b-4de2-9831-62020ed566a1,good,5,POSITIVE,0.9998161196708679
63047298-7eed-461a-99ff-a0cb4789828a,good,5,POSITIVE,0.9998161196708679
72ce5095-06d6-4b15-a8e7-31f1bdc227e1,good,5,POSITIVE,0.9998161196708679
bde2de8b-0ea1-44af-9515-69871e05c5af,very bad response,1,NEGATIVE,0.9997547268867493
f139ad99-c44d-4705-bde4-90f7e51b470c,good,5,POSITIVE,0.9998161196708679
bb337b9a-5197-4b5c-afc2-7c84a7abfd8c,very nice,5,POSITIVE,0.9998563528060913
1f9463f6-5ec8-47eb-8138-0ec25eab7fe2,nice,5,POSITIVE,0.9998552799224854
6c352608-cc6a-4743-8edb-34af201dea93,"pathetic application. the app repeatedly selects the wrong saved address when placing an order, often with a significant distance error. the location accuracy is terrible, and on multiple occasions it has selected addresses up to 3 km away from the actual location. as a result, i have lost money on my food orders three times so far. after repeatedly facing this issue, i’ve finally decided to stop using this app altogether.",1,NEGATIVE,0.999798595905304
6bddc241-7d3c-4d88-8b94-20a70ef9cc26,worst app no coupons very high price,1,NEGATIVE,0.9997817873954773
b1d831ca-0af4-4f51-b60c-3798d0a08bbf,why is the swiggy app icon not applying the indian flag like other apps?,1,NEGATIVE,0.9995124340057373
219496d1-2143-45a6-9422-447576dc7a9d,nice,5,POSITIVE,0.9998552799224854
0ff1dc85-1d78-4274-8a22-759223b1a78b,they are giving pathetic services ...i ordered food today which was showing delivery time 50 mins bt my order was received in 75 min that is 25 mins late n they do not accept their mistake that they are accontablr for it,1,NEGATIVE,0.975825309753418
a20a1040-8056-4dc2-8b52-632f821d0663,good,4,POSITIVE,0.9998161196708679
f03d4c4f-0215-498d-983f-273fb381e20d,very good,5,POSITIVE,0.9998520612716675
31b53ea0-5216-4249-8581-6d0af2ad11aa,innum. varala,3,NEGATIVE,0.999164342880249
02395bba-56d0-4c8d-b089-211fc393118f,they delay order 1 hour and said no refund if u cancel so please aware and don't make payment upfront,1,NEGATIVE,0.9990971088409424
1648129b-79de-478e-b434-5aef4dd9b965,awesome,4,POSITIVE,0.9998682737350464
1d292cbe-7edb-4a0a-b464-19db06d10479,late delivery on my order,1,NEGATIVE,0.992048442363739
e1b5e370-a52e-45a1-b5ce-ab84eebaaf48,best price food delivery app,5,POSITIVE,0.999495267868042
d65df05a-166a-4708-8254-5ef152122f61,good,5,POSITIVE,0.9998161196708679
30289732-a466-42df-9431-36008d68813b,"too bad app.., many times restaurants send uncooked food and wrong items but got no response from swiggy support",1,NEGATIVE,0.9993327260017395
ed3aa969-326f-4d22-9a2d-e892ee57ff6f,good,5,POSITIVE,0.9998161196708679
685bb0fc-7abf-4d91-a2e0-11aa011a185d,good morning 🌞,5,POSITIVE,0.9997515082359314
9ba23a4e-f5ff-4347-b277-96b59bf43061,thank,5,POSITIVE,0.9998283386230469
ecc59f34-bdb3-4363-a7f6-b392d054fb69,deals are getting lesser,3,NEGATIVE,0.998238205909729
7dea1d3f-1a48-44ce-9f59-e80021f0c0d5,"one star is also a waste and fraud app and i have ordered 91 rupees by mistake i requested them immediately cancel the order but they did not cancel the order and they are charged delivery fee 36 and handling fees 12 and small cart value 25 rupees, and the customer care will not give respect also...",1,NEGATIVE,0.9988569021224976
f53f8ce8-7f24-420a-a01f-5ef885119786,"i am regretting that i gave 5 stars before, recently i have a query that does not address me properly, bot only replying, are u serious if ur customer would be a bot how should u communicate common things 😭😭😭 sooo upset",1,NEGATIVE,0.9995822310447693
694bf0d7-04c4-47ba-8396-8b5e19522281,these guys are scammers. do not use this app.,1,NEGATIVE,0.9990196228027344
61832ee6-72b7-48ed-a8c4-9c8533084deb,nice app when you hungry,5,POSITIVE,0.9997197985649109
69ecc400-32b7-4bed-9be3-25edfcdae717,"good 👍,",5,POSITIVE,0.9998636245727539
7be54efa-0aa9-4589-af88-5b5c2ef2fcbc,good service,5,POSITIVE,0.9998499155044556
f9550cda-45a1-4950-bde7-aa520d8c621b,great,4,POSITIVE,0.9998630285263062
e12c2d83-f56b-480f-84a4-686785c0791e,nice,5,POSITIVE,0.9998552799224854
cd24784d-1198-4694-9bb3-ec5381277737,nice,5,POSITIVE,0.9998552799224854
98f86939-e50d-4ca5-82b9-25cba2d6ac7b,nice,5,POSITIVE,0.9998552799224854
002934ca-c45c-491b-a103-10845e84a2b2,swiggy is a complete fraud company..they didn't deliver right items yet no refund. pathetic ... deleted account. no connection going forward with fraud looters and horrible sinking company.. boycott swiggy,1,NEGATIVE,0.9997928738594055
f2e816e5-a7c2-4597-969f-27f5628f26dc,good,3,POSITIVE,0.9998161196708679
6e0a82a2-b309-4835-805c-218325e52afb,free wala item nhi diye... select karne baad bhi wo nhi aaya...paise dekr lena pda hmko.. shameless people....lootmaar machaa rakha hai...,1,NEGATIVE,0.998855471611023
3a9f2947-8c1d-4aa8-b3da-2e81e8916bdc,"swiggy black seems to be a scam! every time i order, it says express delivery is unavailable due to high demand, even though it was always available before i purchased it, promising reduced delivery times. plus, after placing an order, the delivery time always increases by 10-15 minutes. 😠 #swiggy #scam #delivery #experience #frustration",1,NEGATIVE,0.9995392560958862
e6562f66-215b-4bd2-9655-9158eacc064a,worst experience,1,NEGATIVE,0.9998027682304382
86042ad0-add1-4154-a1bf-f8787ee5f4c1,सुपर फास्ट सर्व्हिस,5,POSITIVE,0.5094863176345825
bab2d3f2-67df-4927-bbdd-ee09b0b3265a,good 👍,5,POSITIVE,0.9998576641082764
4f827363-5853-4e37-ad0c-565e718ceadc,greattt,5,POSITIVE,0.9998666048049927
2493ea4d-c4de-45db-808d-7335a775c664,we need offer,1,NEGATIVE,0.9244685173034668
e5acdd31-ae1c-49ea-84d0-504f3e7c0d3a,love their food 🦋,5,POSITIVE,0.9997745156288147
f232b976-d47c-4014-bf3f-96177a4cb825,the price was too high than other apps....they add extra charges for literally everything,1,NEGATIVE,0.9987788796424866
11695f8c-b127-4218-abf4-7ae7190cc72b,super super swiggy,5,NEGATIVE,0.9703803062438965
dabb83ac-f615-4554-ba32-6d8018b72ecd,nice,5,POSITIVE,0.9998552799224854
8976ecc9-56a6-4708-9a4a-2f9b8e8f622b,mummy na haa bol di order karne ke liye thank you,5,POSITIVE,0.9894492626190186
c7ed399b-0905-4924-a243-c7cce2fa290c,good,5,POSITIVE,0.9998161196708679
f4e8a1f7-5eba-4886-82b7-244d707a62e0,so delay,1,NEGATIVE,0.9987875819206238
3a983ae8-7585-439d-a718-821bc633fbc7,good,5,POSITIVE,0.9998161196708679
4f36d2fc-5f4c-4762-9856-5ddf55e07e0d,super,5,POSITIVE,0.998783528804779
f0b4b7fb-2fad-45ca-b129-9bb7e79a2cd0,very good,5,POSITIVE,0.9998520612716675
ab7f1660-7462-48e3-9697-20db17bc30fb,bahut badiya offer dete raho hum khana magate rhe,5,NEGATIVE,0.9810524582862854
12740214-1d61-49eb-be4c-62683f07d9bf,application so slow,1,NEGATIVE,0.9997681975364685
4117f6d8-248c-4dd7-aff3-b20b2f2de8ff,good,4,POSITIVE,0.9998161196708679
76f5163b-5b46-48b7-a9df-23a9e6564f2d,more than better 👍,5,POSITIVE,0.9991379976272583
97f3ee13-779e-4f70-a59a-adaec4f7c655,ferozepur da sab toh ganda shahi paneer or dal makhni,1,NEGATIVE,0.9436284899711609
67a95765-a566-4d00-a648-f0a99837ee6a,very nice,5,POSITIVE,0.9998563528060913
4a64fff3-92e5-4b25-817f-5b13d0ccad2c,amazing,5,POSITIVE,0.999875545501709
cfd77bc7-4ad9-4d06-a96e-89fef9df99b8,good,5,POSITIVE,0.9998161196708679
6acd64f2-e406-4752-b8fd-85ec864654e8,very good 👍,5,POSITIVE,0.999870777130127
54e6b2e8-a509-4997-8c40-5378843a1a7d,too yummy,5,NEGATIVE,0.9654184579849243
8506af08-53a1-4b24-bdef-e1027c03c62c,nicev,5,POSITIVE,0.9996697902679443
751a5eef-779f-4c11-9c7a-8bac214c8ae8,this app.is so gud u want in night they give u in night also cash on delivery brooo i like you swingy.,5,POSITIVE,0.9892954230308533
a0227564-f64c-4b4c-bada-993163555a53,khana order karne par paise le lete hai par khana nhi bhejte refund mango toh 46 rs ka refund 7 din baad milega fraud swiggy app😡,1,NEGATIVE,0.9970423579216003
d7da4ce0-0aff-46c7-8307-4c38c6d89342,fine,5,POSITIVE,0.9998335838317871
08477e86-28ec-4bcb-b9ca-d61bade6f5d0,😊 good,5,POSITIVE,0.9998576641082764
2ac4f3ec-15f5-46cb-a3bb-72c2bc08ea3a,"pls swiggy, review the customer response regarding the dishes and restuarant when we provide a feedback in your app. we paying higher amount with gst and still get a food like a garbage. i requested to please take this issue seriouly and take action regarding this types of restuarant whoop play with customer health but taking their full pay. 😠😠 if this happen frequetly ...i will defiently shop using this app from onwards.",2,NEGATIVE,0.9992419481277466
4c7ac781-8268-469b-8f85-b62386bfe929,"good service,fast delivery,👍👍👍",4,POSITIVE,0.9997851252555847
f03afa37-634e-4315-8fa6-b2ed1e0925a5,aap ke riya assistant ne smay lagaya fir bhi refund nii kiya hamne kuch mang waya tha us delivery boy ka accident ho gya tha to hamne use otp de diya tha aur ab bhi refund nhi aaya so plss i give my refund 😡😡😡,1,NEGATIVE,0.9955670237541199
7ca18b97-d2e7-444f-8ac1-aeb88a226ab1,very good,5,POSITIVE,0.9998520612716675
088f1cb6-2515-48c8-82fd-86472520bd1d,love the time management,5,POSITIVE,0.9998283386230469
1a1bff94-1d3b-4056-aa66-b78efaa7f63d,nice swiggy,5,POSITIVE,0.999568521976471
dc6997cd-6b7d-4488-aa71-dbbed8a94822,👍👍 goood,5,NEGATIVE,0.9977607727050781
11f6661f-5f7c-4f45-9208-458444c5b546,best,1,POSITIVE,0.9997941851615906
a88de40c-4f49-4dca-9105-1b591e0cc187,"in a single month i received 4 incorrect orders from swiggy and when i asked for refund, they didn't even refund the money. i think it is my mistake to trust them. uninstalling the app now.",1,NEGATIVE,0.9997274279594421
6eb562a8-61e5-4746-85e6-7903625765fa,good service all time,5,POSITIVE,0.9998550415039062
8ce9a1fd-c77d-4320-8ddb-00e58550bdaf,"it has been such a useless experience. today i ordered a cake, everything was ready at my home, then swiggy cancelled it and the money has not been returned yet. i will go to the consumer forum tomorrow and lodge my complaint.",1,NEGATIVE,0.9996341466903687
52fd46ca-6734-4b70-ab32-030428ba4285,worst customer service. even worse than zomato and that's saying something,1,NEGATIVE,0.9998063445091248
a421cd8f-55cc-4f88-a94b-2dc230644ec4,"worst customer support, only automated response from dash,. no human support. that bot only give automated response not understanding the problem. what is use of buying swigg one and black subscription to only get automated response.",1,NEGATIVE,0.9997697472572327
d2935370-a995-4655-8d68-a28555beb33c,sometimes delivery is pathetic and even they won't take responsibility,3,NEGATIVE,0.9992665648460388
43f5bb6c-79d5-4aa0-bf9f-a5e1e8a12305,nowadays if some food item are missing even though i complaint they are not providing refund and apology also. very worst app,2,NEGATIVE,0.999800980091095
2a4fda47-b031-41b7-835b-7b89bb059742,best,4,POSITIVE,0.9997941851615906
b5459a5a-8da3-4ef8-9c11-45c88a70ea7e,too take long time time to pick the order and delivery was too much slow .. i ordered food but delivery was taken more then 1 hour 30 minutes .,1,NEGATIVE,0.9987974166870117
2f21477f-e2ab-4aa9-9edb-39dfb720cdfe,best option at hunger people's,5,POSITIVE,0.6779677867889404
23b98a46-d2e5-40a0-adb4-61c046fcc323,very nice 👍🙂,5,POSITIVE,0.9998577833175659
65e0502a-d35d-48e4-9bbe-0a48890f19fe,good,5,POSITIVE,0.9998161196708679
12bd5509-9a64-476b-9bd0-0bef02963b19,good 👍🏻,5,POSITIVE,0.9998576641082764
66d50c69-8b5d-4f3a-b73e-414b1a39e8e0,super duper,5,NEGATIVE,0.9975153207778931
7ec7b5a8-63d7-4873-89af-3c7c5632508f,nice,5,POSITIVE,0.9998552799224854
8222772e-26fb-4d97-98cf-a42af5b546c1,that's an amazing app,5,POSITIVE,0.9998838901519775
f53e310c-2935-4c4a-9446-1183a9b42581,good,1,POSITIVE,0.9998161196708679
0a938fde-8125-448e-a6a5-2e1c4db5292d,is app pe bohot froud hota hai and thik thak delivery nahi hoti hai akbar galat or dusri bar damage huya parcel mila hai mujhe or delivery partner ne mujhe cash back bhi nahi diya yeah app akdom acha nahi hai,1,NEGATIVE,0.992774248123169
7abeca9a-fd47-422e-a10a-edb75871026b,good app,5,POSITIVE,0.9998493194580078
1aad3e02-8688-478a-be7e-38e8326dc74b,good sarvice and very high rate,5,POSITIVE,0.9998520612716675
69d92c29-51fe-478a-963a-9804262232de,super quality 😉😀,5,POSITIVE,0.9985858201980591
0997aabd-552a-42ff-bd8e-904306e27d0f,good,4,POSITIVE,0.9998161196708679
af8f4074-0d0a-4d91-967a-2e33918a5c2c,"not working properly, after order the food, when i click on track delivery status every time the app crash and closed automatically. very bad app",1,NEGATIVE,0.99981290102005
4da07532-551c-47d2-bd88-116f17b04817,great service,5,POSITIVE,0.9998434782028198
5e66e7c8-6063-4243-bcee-ca19291fc8cf,super,5,POSITIVE,0.998783528804779
3ee14b31-2ee0-4e1c-bdaa-b11639d0988a,nice 👍,5,POSITIVE,0.9998424053192139
af6a968f-8e06-4f3f-9b4d-215540598684,bakwas order lekar cancel kar deta hai,1,NEGATIVE,0.9946957230567932
3e15b5e0-c0d3-41b0-8f4e-e5ee708188f1,a terrible online food delivery app. the delivery partners' behavior is very bad. a third-rate app.😡😡😡😡,1,NEGATIVE,0.9998248219490051
db8c1184-07be-4257-a432-ec56313961d3,"useless swiggy . i cancelled the order, and they deducted the entire amount as a fee.",1,NEGATIVE,0.9997628331184387
15557125-6013-4f98-a424-60a610752e9c,however i want to login but the app is just saying too many login attempts from this device even when i haven't downloaded the app in months . same things are happening with other swiggy apps like toing or instamart. solve this technical issue,1,NEGATIVE,0.9994243383407593
e968d071-d966-478e-9ddd-2f0d4d960b38,very good culaty survice,5,POSITIVE,0.9998120665550232
87834e1f-f323-4d21-ac12-9fed28edec54,worst policy of cancelling order and 0% refund,1,NEGATIVE,0.9997929930686951
b9618dd2-dbdb-43bb-9c78-0b2ff54e34ec,hidden charges are very high....no 1st purchase offer.... making fool of people,2,NEGATIVE,0.9987422823905945
fcf03ab7-fa8f-4763-8cef-b8d6a38ef944,awesome 😎,5,POSITIVE,0.9998607635498047
4638270d-a8f8-4b6c-a2a3-e8fcb59cf57d,good 😊,5,POSITIVE,0.9998576641082764
714cca41-601a-4c51-b5f0-62a0d6a8cfe9,lovely app,5,POSITIVE,0.9998546838760376
392b0034-9d07-4288-8578-bc7b8dcf45d9,most of the time they are good but sometimes they abruptly cancel order and blame you for it. and dont refund the money. others apps are more reliable.,1,NEGATIVE,0.9975433349609375
59271462-0038-446b-aa2d-4aaefa547cd4,the dilevery partner was rude,1,NEGATIVE,0.9993390440940857
17c388b9-d76e-41e8-8e9e-971df17326a7,not giving discounts just showing there,1,NEGATIVE,0.9472628235816956
2ab72e5e-862b-4931-a03a-927bb9a5e959,good fod ☺,5,POSITIVE,0.9997833371162415
a73c298c-8864-4f66-ab86-ce1931edd55e,good,5,POSITIVE,0.9998161196708679
8c0e9f57-4606-4f21-82e8-f4633ff9ee2f,gud app,5,NEGATIVE,0.8989124894142151
4999a9df-2b26-4f3b-8ce8-006886bb5315,changed ratings from 5 star to 3. 🍔 costs 132 but with delivery charges it costs 262.. very strong and disappointed 😞,3,NEGATIVE,0.9979052543640137
798b6b6c-d921-4c9a-a260-9fe8c0bbc27b,my vibe is not yours,1,NEGATIVE,0.9996707439422607
52a7ad52-7e86-46a1-a43d-0dc9641adeee,good,5,POSITIVE,0.9998161196708679
7d513b04-006f-437a-8e32-baab443c4daf,offer eruntha nalla eruku,3,POSITIVE,0.6791079044342041
f9d63bcb-b828-4664-a708-e3323fd201cc,very good,2,POSITIVE,0.9998520612716675
d7aec87b-8b4e-4eea-b027-b737db6e2e6c,great service,5,POSITIVE,0.9998434782028198
9319a925-02a0-4041-8322-f45fd6437ce2,very very bad service ...we received fungus bread..there is no customer care number..how can we contact???,1,NEGATIVE,0.9998143315315247
5ad001a2-fac0-432d-8504-c67e6e5845c4,"ui is very laggy, too ads, please add low price foods and free delivery",1,NEGATIVE,0.9997091889381409
d1122340-c051-4532-86ae-1441ba743348,i love this app. this app take less time,5,POSITIVE,0.9989270567893982
d30bba8c-cbf5-4a72-bf9d-e3e4f76f9900,worst app..worst service ...change dish and didn't give refund neither listen to the queries...,1,NEGATIVE,0.9997835755348206
69e9dca2-79fa-48ab-9765-cf8c23cb9070,good,4,POSITIVE,0.9998161196708679
1ae17ede-2063-4098-9612-204d50a96521,love offers with swiggy one card,5,POSITIVE,0.9719985723495483
48ffb16e-c5c4-4a93-8202-0cc9998d29a9,supper,5,POSITIVE,0.9822134971618652
f67cda61-ee55-49d8-82cb-2beddb95e502,nais,5,NEGATIVE,0.9518165588378906
f2be3608-d51a-4700-a3f3-98d920869b8e,excellent app and service,5,POSITIVE,0.99983811378479
80bf229e-9ac0-4ef6-8eb1-3f05fa12e9d7,nice app,5,POSITIVE,0.9998061060905457
574f5c48-ba9f-4598-8a1a-66c1ce04cae4,better,5,POSITIVE,0.999264657497406
94a8eb9c-1667-433b-bdd1-e3c435296124,good app,5,POSITIVE,0.9998493194580078
269bc7d5-b181-4eab-866e-06413c79fbc9,no offer very bad navi upi payment not show,1,NEGATIVE,0.9767032265663147
dcc530eb-f5e6-4845-a4ca-8fa185146756,it is getting worse every day. even after exorbitant price they charge the service is pathetic and always delay and we need to call the customer care and they are useless. and it is nonsense bot we need to deal with now. i would rate negative but no option.,1,NEGATIVE,0.9996486902236938
538b0b1e-8a30-4707-9630-9538c6ce5a1d,good platform,3,POSITIVE,0.9998637437820435
5ab1f629-7569-4a85-9714-6f237d50d37e,too expensive,1,NEGATIVE,0.9994298815727234
5f107ff7-dfac-44dc-8943-67cdde4f86ab,always deduct the amount after that cancel the order and say refund will initiate after 7 day we have to wait for money for 7 day. order cancel after 5-15 min wait,1,NEGATIVE,0.9979053735733032
61bd9c68-f8a0-4ef7-9606-6b6e07850cbc,"ओन लाइन भोजन मंगवाना गलत बात है, पता ही नही चलता की भोजन केसे और किस तरह के माल से बना होता है।",1,NEGATIVE,0.8682420253753662
15606bed-4a97-441b-a4a6-f09cea022a95,we can't do orders easily 😭😭😭,3,NEGATIVE,0.9925715327262878
63cbf85f-7846-4b25-aa45-7a62b8758ede,good,4,POSITIVE,0.9998161196708679
dcb87667-54fb-411d-9170-a2313f7197a6,jyda charge kar rha h । double charge,2,NEGATIVE,0.978745698928833
83282c86-0740-4dd4-8ac5-ee36beac474d,good,4,POSITIVE,0.9998161196708679
ebfca32e-8465-4d6e-a7d8-5b7f57e62128,good,5,POSITIVE,0.9998161196708679
b52b8767-8c9f-4323-959e-ab9ef0bb3497,nic,5,POSITIVE,0.9977141618728638
367bfd60-6d60-43df-b16b-5948becbb84c,nice,5,POSITIVE,0.9998552799224854
148b7081-62b1-4fd0-8d77-9076133f43ff,use zomato as swiggy never takes responsibility if your food is spilled at the time of delivery.,1,NEGATIVE,0.9994097948074341
59b2a88c-6a13-40ab-a132-db61075d6a2c,nice experience,5,POSITIVE,0.9998632669448853
669e983f-5bf1-4343-8b02-fc7df7d942ea,love the one rupee deals,5,POSITIVE,0.9996964931488037
b3edd68e-6c1c-4217-90c4-aff61c0b4eb5,best service,5,POSITIVE,0.999809205532074
9a99feca-df86-45fe-b006-2df851fb3b0b,"the worst app i have used... every time they provide the worst experience, they are top in giving late delivery, different items, and then ask you to wait for 6-8 hr for a call but they forget to call you.",1,NEGATIVE,0.9997902512550354
ef958e2d-2633-49eb-8d4e-a384115ab3d3,wow very nice momo please try once,5,POSITIVE,0.9995977282524109
7e7facea-a17b-4117-b63d-11212c1ab24e,good,5,POSITIVE,0.9998161196708679
55535b2c-d00e-4b19-aa1c-ff878f1f64d0,very nice 🙂,4,POSITIVE,0.9998577833175659
cb0f309c-3dd2-48a0-b287-8e2bd2f0cc7e,always show less time but take more than double for delivery,1,NEGATIVE,0.9922836422920227
7298eab2-0d12-49ed-a1e8-4cfe963ad427,3rd class delivery,1,POSITIVE,0.9873917698860168
b9bb76d6-1c96-4cec-a948-e63204036401,worst,1,NEGATIVE,0.9998016953468323
67054afe-177b-439d-8870-2c1753de30d9,tik h,4,NEGATIVE,0.5577176213264465
f4b38b95-6dfd-4355-a621-dbc14ac40e08,froud app h ek bar order cencil krne pr sare paise kha jate h,1,NEGATIVE,0.9866958856582642
2681b07b-5759-40df-b05a-73892f3e68e6,"a week ago, i ordered lunch via the swiggy app for guests visiting my home. i was deeply disappointed when i opened the parcels. the 'mutton liver' dish consisted merely of bones, four or five small pieces of meat, and an excessive amount of fried onions; there wasn't a single piece of actual mutton liver in it. as for the 'mutton intestine' dish—to be precise—there were only about five small pieces of intestine tucked away in a corner. don't order. they are fraud.",1,NEGATIVE,0.999531626701355
ca217737-89c5-4b28-a681-54752e1892e3,good good,5,POSITIVE,0.9998282194137573
1fa57d14-2a5b-42fd-8ba6-e2cbb19845f4,awesome 👍,5,POSITIVE,0.9998607635498047
e82cbc72-24e6-4302-b419-7a576999f827,best app i have ever used loved it,5,POSITIVE,0.9997128844261169
a85a7944-b8e3-4fc7-a1b3-1847660e446d,good job,5,POSITIVE,0.999835729598999
b7c9b778-ce10-4e15-8518-fe08b8939c71,bad sarvice,2,NEGATIVE,0.9997859597206116
88e2c320-2e8f-4908-9388-99be58bd2ba8,very good 👍,5,POSITIVE,0.999870777130127
963a16c9-6da7-4f72-8601-320b218d5f2d,"an absolute disappointment. requested cancellation almost immediately after placing my 3:45 pm order. vedansh failed to resolve it; escalation to “supervisor” mahak yadav made no difference. by 4:17 pm, after 30+ mins of waiting, i was told it was too late—and cancellation meant a 100% fee. daylight robbery dressed up as customer service. pathetic experience. zero ownership. customers don't uninstall over one bad order—they uninstall because of experiences like this.",1,NEGATIVE,0.9997439980506897
4040f573-3131-46fb-8081-ce1763f43459,good 😊,5,POSITIVE,0.9998576641082764
cb4467f3-37a8-4e81-bfe7-d6b9352476d8,"the address is not getting updated, no matter how many times you try it, it is just being processed.",1,NEGATIVE,0.9994995594024658
e666900c-9c3b-4f53-bb98-b2cf0e81d6bf,"this is the worst i've ever seen ...i ordered a pizza from domino’s through swiggy, but the pizza was never delivered and the order was marked as delivered. when i contacted swiggy customer care, they told me that they have nothing to do with the issue and asked me to contact domino’s directly. this is very disappointing, as i placed the order through swiggy and expected swiggy to take responsibility for resolving the issue.",1,NEGATIVE,0.999798595905304
3618cd10-8238-47da-bd04-e43d68e0996e,it's good,4,POSITIVE,0.9998360872268677
8b2d02cc-8411-4d34-8a01-4d6336cb1b71,swiggy is much faster and more economical there competitors,5,POSITIVE,0.997044026851654
309ddbde-3761-4999-959e-8edd4be764b9,nice,5,POSITIVE,0.9998552799224854
62c61ab7-1dfb-45cd-bcb3-df985026f499,good,5,POSITIVE,0.9998161196708679
69e15050-95a5-4f44-9b95-34a48fd5c7b8,good,5,POSITIVE,0.9998161196708679
d9c767d9-c669-46a0-aab6-2e501bb3d817,nice,5,POSITIVE,0.9998552799224854
bd6df3d0-abea-4869-9780-5ba633ddfc99,best,5,POSITIVE,0.9997941851615906
2df0e4e0-8581-4951-aedd-7784bfe69787,the worst food delivery app i ever seen they cancelled my order any reason and forced me to wait so long and if we cancel the order selfly they close our id or block cod option 👎👎👎👎👎,1,NEGATIVE,0.9998108744621277
4e9996f9-9399-4332-976b-a592ccdc2973,all in one app best experience,5,POSITIVE,0.9957559704780579
f5e0d14c-b67c-4331-ad0e-c33db6932046,good,5,POSITIVE,0.9998161196708679
cd9016bd-76bc-4017-85cc-18f35bf6f3b3,fast delivery good food delivery boy nature very sweet....,5,POSITIVE,0.9998268485069275
77bd3711-3091-4d61-b735-5c0c335d74f3,i order same item before and my money was deducted but order did not placed so please concern my issue and help me to get my money back,3,NEGATIVE,0.9816511869430542
0e09cd4a-c54b-4740-8a9b-e30ed55d8bd4,"i have been waiting more than 50 mins. and the order is shown as only 2 minutes to deliver every time. 50 mins and no response from the delivery partner and restaurant? i cancelled my order, but you charged me fully for what i had paid. thanks for your kind service. i will remember it for my lifetime. by uninstalling your app.",1,POSITIVE,0.8922004699707031
f908c860-49ce-4bd8-bfaa-27a63a7d145b,good,5,POSITIVE,0.9998161196708679
cc525530-c27a-4f98-b9f2-24170e790747,super,4,POSITIVE,0.998783528804779
7ab5e93e-b152-40c0-a5a0-163b00ec8521,super,5,POSITIVE,0.998783528804779
5f891538-684d-41a8-869e-059c9b0cbf20,nice app + efficient service 👍,5,POSITIVE,0.9996676445007324
55884896-1b52-467d-a881-33c0a27be457,wonderful,5,POSITIVE,0.9998772144317627
647c1d1f-5050-445d-adb9-427b2dd24bc2,ok,5,POSITIVE,0.9997851252555847
cb0dd7fe-2767-4462-a1a6-6977bc980d6e,discount scam,1,NEGATIVE,0.9986044764518738
d973efd3-03c2-494d-a1e8-764cf8155e0e,nice,5,POSITIVE,0.9998552799224854
f6d7e06e-9af8-4f46-b27f-4f58ce6f5a15,zomato better,1,POSITIVE,0.9617664813995361
18a22684-c77a-45d9-a17d-9c50e57f4077,super,5,POSITIVE,0.998783528804779
20953df9-fe4c-4b25-beb3-0bb6049bdd4a,very good,5,POSITIVE,0.9998520612716675
feec92cc-f51f-4b97-bb3f-80efc64da917,"today, i feel very happy with swiggy offers",5,POSITIVE,0.999665379524231
0e59e688-25a3-4bdb-baa6-1c7dee389842,good 👍,5,POSITIVE,0.9998576641082764
6704085b-480c-4a8b-9fab-5d11a6e3545e,discount offered at booking time disappears when coming to payment stage,2,NEGATIVE,0.9997168183326721
50b1e90a-1f68-4a7d-a3e9-b58e42ad3484,my food quality poor swiggy not refunded my money i'm very disappointed,1,NEGATIVE,0.9991117119789124
320c6f85-6335-44fb-8e48-f0ba321a7e4c,fast delivery karo,5,POSITIVE,0.9982638955116272
e3ddf49f-1aa6-4514-acd9-a038883137ee,nice,5,POSITIVE,0.9998552799224854
fe9f5269-e09a-462e-bcd1-de48be0758bb,"swiggy is fraud, even after more than 22 days passed by refund not received, no reply to email. i have sent multiple mail on this issue but no response received",1,NEGATIVE,0.9995983242988586
357b6a38-89dc-4ba7-831e-5937567bc74b,good,4,POSITIVE,0.9998161196708679
6e71a25c-07b4-40c7-98d3-f8cf63983fe8,"very worst customer care. no way to talk to an agent. always telling us it will be solved through mail in 24 hrs, but forget that we paid and need to eat but no resolution till 24 hrs. what are we to do when there is a wrong order delivered? should we let it go and starve till it is resolved after 24hrs?",1,NEGATIVE,0.9997486472129822
59501526-9966-426a-b818-bbff457ab9ea,good food good service,5,POSITIVE,0.9998522996902466
03b1854c-6379-46b4-b861-8dca4f784f1c,very good app,5,POSITIVE,0.9998675584793091
cea41df4-ace5-4942-a98c-470f553fc46c,"received expired products from swiggy instamart,and no proper response from instamart team regarding the query, totally a fraud app don't this app.",1,NEGATIVE,0.9997647404670715
4167cadd-c124-4a2d-a723-7e9518bb0f64,less offers,1,NEGATIVE,0.9957798719406128
1d73ba17-2beb-4098-aad8-0d120078896e,excellent,5,POSITIVE,0.9998434782028198
4ed6031e-fbb1-4913-a686-e2282bdf899a,amazinggg offers and deals,5,POSITIVE,0.9997963309288025
31f9c693-6578-43c1-b3be-c0303d513591,super,5,POSITIVE,0.998783528804779
30fc65f2-6ea0-4fe0-bd72-e0b30f188994,i hate the 100℅ cancellation fees policy,1,NEGATIVE,0.9992445707321167
0df439a1-0532-4b4b-abe1-aee6cf464864,very bad service they are not giving resolution when food is bad not able to eat smelling very bad,1,NEGATIVE,0.9945185780525208
3a286c64-675e-46eb-bbfe-2d370875e628,service jaldi nahin hai,2,NEGATIVE,0.9714860320091248
1a43a96a-a7de-44d2-9b7e-7878e4466e89,very bed and cheap service i used 1st time i was ordering combo pac but received only 1 pcs and 1 rs products added but they are not sending and i was help to costumers sports exquisitive they are helping very poor 😢 🤬🤬🤬🤬 weast my money 💰 🥺🥺,1,NEGATIVE,0.995853066444397
c1c5ba7b-5ab1-4b16-ab78-5ff2155cda77,ok,3,POSITIVE,0.9997851252555847
c2341283-b38a-4c3a-9103-3e10e3aca231,good 👍😊,5,POSITIVE,0.9998576641082764
0e3e3b01-5fd4-48a9-92d1-ec875464a7fd,worst it's a very worst,1,NEGATIVE,0.9997860789299011
dba8dc53-8f5c-4ca4-9ca2-4d78e94d4a1f,response very bad,1,NEGATIVE,0.9997414946556091
1e2bc5be-4b8f-43c8-995c-cdd7cd3de83c,there's is not much offers like zomato,2,NEGATIVE,0.9995006322860718
8ded790c-4ca3-415e-81cb-8e15239bf56e,malal,1,NEGATIVE,0.9982300400733948
74f2fd25-b4b6-45d6-873d-fa14efcd1ba3,good,5,POSITIVE,0.9998161196708679
727ac403-9864-4454-b0b0-9669ddb9c013,good,5,POSITIVE,0.9998161196708679
02e0c04d-23ee-41a9-a01c-adfdd9e334b5,good its less in price compare to others app,5,NEGATIVE,0.9671265482902527
4f0c6363-e6f2-48fe-bf9d-b335f4655e7f,thank you,5,POSITIVE,0.9998352527618408
304800c0-c515-4879-9b6c-f8bf230239b7,sabse bekar app kbhi order mt krna,1,NEGATIVE,0.9943139553070068
0a6fe362-c745-465f-a04a-8d6d0e471388,super delivery,5,POSITIVE,0.9983764886856079
0f7fbd60-80e1-43b5-98c0-de0badf9343a,very good app,5,POSITIVE,0.9998675584793091
a6b63759-1a45-4b11-aa58-e7bda0ca2ad0,price too high as compared to actual prices,1,NEGATIVE,0.999014139175415
7059dfd8-a9b1-48c9-9ca8-48c0de2211ac,app is very nice service to be onest,5,POSITIVE,0.9982155561447144
9daf9a55-d946-4327-9a79-f42057085671,good,5,POSITIVE,0.9998161196708679
5a324e6f-b434-4c27-b548-299badb46363,very nice,5,POSITIVE,0.9998563528060913
dfe0c6c6-3477-466e-b61c-f9b41464d0f0,good,5,POSITIVE,0.9998161196708679
225f587e-b8d8-4f5a-aefe-6225d9a751b3,"sir, why is a cancellation fee being charged on swiggy for no reason? i didn't cancel any order; in fact, the restaurant cancelled it. why should i have to pay a cancellation fee?",1,NEGATIVE,0.999420166015625
0b637402-ef18-4a2b-83d9-10afc706bc05,good price,5,POSITIVE,0.9998327493667603
de3b7420-0308-461a-b910-371dfd1831fe,woww very amazing deals.,5,POSITIVE,0.9998836517333984
1fea05db-c4cb-46a3-840d-2ad3f96b7911,super 👌 👍,5,POSITIVE,0.8836358785629272
14b8a984-c31e-4467-8252-b3b0bf8b22d2,best service,3,POSITIVE,0.999809205532074
bf2c4c1d-08cf-4cae-ac4c-fb28092a122f,nice,5,POSITIVE,0.9998552799224854
dbe16a4d-1471-412f-8d13-dc5ad6815c00,nice ❤️,5,POSITIVE,0.9998424053192139
487cdfc3-a6bb-4720-9cc5-aba5d000cc8d,good,5,POSITIVE,0.9998161196708679
a76a362f-419c-45cd-adba-a0f071f420c0,ok,5,POSITIVE,0.9997851252555847
d82e193d-e69c-43b1-9ab0-bd154875caa1,"worst app, they have caused nothing but frustration",1,NEGATIVE,0.9995521903038025
731b64f0-4d38-44fa-9a14-af5be139caec,heavy cost,3,NEGATIVE,0.9940947890281677
9bc99781-7aa8-4c33-afd2-b57dbafe16d0,good,5,POSITIVE,0.9998161196708679
19a4e5c8-d464-4f2c-8dfc-355660b2985d,good,5,POSITIVE,0.9998161196708679
304657f7-e804-44f4-9284-208e9df33695,good,5,POSITIVE,0.9998161196708679
ec6b50e9-0c96-41ed-add2-cbec96882856,it would be better if the food delivery was a little faster.,3,NEGATIVE,0.9992976188659668
75769638-61b7-4fef-9d2e-fb7e0d0997a1,overpriced always,3,NEGATIVE,0.9986206293106079
400828ff-c313-492a-a1dd-feeb501cad74,good,5,POSITIVE,0.9998161196708679
dc00d08d-cf5a-4740-a64c-746cf6046d73,"i am writing to express how frustrated and disappointed i am with the way my concern was handled. i placed an order for tibb's frankie's for august 11th, and the issue was: the item was stale and inedible. because of this, i had to order from somewhere else, and i wasted money. emailed swiggy, reply by saying: ""we cannot offer compensation,"" is completely unfair. as a paying customer, i deserve a proper resolution, not a copy-paste response. i recommend to all: please do not order from swiggy.",1,NEGATIVE,0.9998030066490173
d006ada4-28e6-4148-8fb1-df463f9d76a1,very nice app,5,POSITIVE,0.9998562335968018
49ff5cff-a5b3-4528-8a99-086808cd12c1,excellent,5,POSITIVE,0.9998434782028198
bed222b8-a50c-40eb-b54f-0ae8a00aed1b,good,5,POSITIVE,0.9998161196708679
462220a7-3724-41a5-9452-6e6b5c6b1cdf,good,5,POSITIVE,0.9998161196708679
ed1ec225-d7e1-49d7-9fb1-c6392486bcac,"i am extremely disappointed and upset with the quality of the product i received from swiggy instamart. i ordered sweets, but the lal ghee mysore pak i received was completely affected by fungus and was clearly unfit for consumption. this is absolutely unacceptable and raises a serious concern regarding food safety and quality. i trusted swiggy instamart for safe food products, but receiving a fungal-affected sweet,still not ready to replace or refund, is extremely disappointing.",1,NEGATIVE,0.9996198415756226
f086e7d4-8c1a-48b0-a32e-435debce791a,very good 👍,5,POSITIVE,0.999870777130127
7677677f-b570-4edb-88cd-566ee9a58c92,ok,1,POSITIVE,0.9997851252555847
5a1bfd99-a54a-49e5-b8ce-29dc666fd018,no proper support if some issue arises. it only redirects to ai. earlier it was good when they used to provide quick assistance.,1,NEGATIVE,0.9080329537391663
22b51101-7299-4595-8754-14b755375baa,worst costume service,1,NEGATIVE,0.9997888207435608
1a28578b-8a2b-4985-911f-10dbd3991a40,why is the help option not working it's always showing error i'm trying to raise an issue with my recent order since day before yesterday,1,NEGATIVE,0.9991031885147095
6a86a30d-12e2-4d45-a831-fe58c3ff2b98,"hey swiggy.. this review is for swiggy instamart.. i don't need to point out any particular thing but i love every part of swiggy instamart... things are getting delivered on time, saving both my money & time.. thanks 👍🏻",5,POSITIVE,0.9981234669685364
6d605804-c3f4-47b8-9990-dbcaddd5d83a,badiya food,5,NEGATIVE,0.9546984434127808
380e91a0-803c-41d8-acbd-14d9491ab820,theek thak hai,5,POSITIVE,0.7530137896537781
0c54b635-9acb-49b8-97c0-23f65f64312f,"extremely poor experience with swiggy instamart recently. first, an order arrived with missing items . the delivery agent blamed the hub/warehouse, promised to bring it later, and told me to talk to customer care,who then straight up said they couldn't help. later, in another order, instamart automatically canceled half the items and delivered only a partial order. getting a refund for canceled items doesn't help when you need your full order. even email support doesn't reply at all .",1,NEGATIVE,0.9997342228889465
0189cb2b-1329-45c1-9ec3-8188658845ad,good,5,POSITIVE,0.9998161196708679
9fcba747-7b45-4376-8181-03d5e6c215ba,good sarcvice,5,POSITIVE,0.9998340606689453
8b1a69d8-a32e-4c12-9e26-be38788eb0a2,nice,5,POSITIVE,0.9998552799224854
2bf859ea-fa56-4ac1-b1df-3b1229b4e763,delivery time shown is always wrong. the order is always delayed,1,NEGATIVE,0.9990513920783997
985c82d2-f315-4258-83b4-5c8ae6cab0fd,too good,5,POSITIVE,0.9997445940971375
7c30dc7f-a3ea-4b19-894e-107de433a3a7,"i am writing to express my dissatisfaction with my recent experience with swiggy. i ordered two icecreams—vanilla and gulab jamun—but only received one. the second item was missing from the delivery. furthermore, i did not receive any bill or invoice with my order, and only one item was delivered. despite raising this issue, swiggy denied my refund request and did not take any steps to resolve the problem. this has caused me to waste both my time and money.",1,NEGATIVE,0.9997953772544861
26436058-4caf-47ed-9fa7-d8a5f9343905,good service,5,POSITIVE,0.9998499155044556
4f47379c-5095-4da2-a55c-489d501c8832,👍😊 good,5,POSITIVE,0.9998576641082764
5d6bd3b4-ef6b-40a3-a621-38f69c72ebef,ok 🙂,5,POSITIVE,0.9981088638305664
aa3fee8b-6b63-4028-abbd-13364e6e7965,super,5,POSITIVE,0.998783528804779
ed20dc1e-c943-4879-aacb-d4ed8e0686bb,god bless 😁,5,POSITIVE,0.9995662569999695
490ad336-e9a3-4649-8e12-e06240b611e9,super,5,POSITIVE,0.998783528804779
40437e7a-4cea-4e62-ba53-8c3aa4a0f035,nice booking,5,POSITIVE,0.9997782111167908
cf7b7526-4fa3-4881-8211-c8e764208b82,superb discount offer,5,POSITIVE,0.9995959401130676
e2a273fc-044b-4a9a-b069-33d24b4f6b1c,"these people have the team of frouds. never never never pay the advance . only pay cod. they deliver wrong product food. and no refund very disappointing and unreliable service my experience with swiggy has been extremely disappointing. in my recent order, one item worth ₹59 was missing. i was specifically asked by customer support to complete the payment and was assured that the amount for the missing item would be refunded. however, when i asked for the refund, they refused to return the full",1,NEGATIVE,0.9976193308830261
55f47aee-c1c5-45b4-8c6c-528160b485c6,billing issue. i've been in touch via email to get a bill copy & i was asked to contact the restaurant. how does it work out?,2,NEGATIVE,0.9911370277404785
b8c52afa-2758-43f9-a413-9f2c427d348a,very good 😊😊,5,POSITIVE,0.999870777130127
e403dc63-7215-425c-af2b-54954a83054a,fraud hai swiggy wale combo order kia tha manchurian and chowmin ka sirf manchurian hi aya or chowmin ka kuj b pta nhi chla 2 hour tk itna irritate kia na reply dete na supervisor se bat krwayi thak kr khud hi ticket close krni pdi it's not first tym happened with me it happened before also but now i am done with dis its scam app please uninstall swiggy and switch to zomato infact zomato is much better than this..,1,NEGATIVE,0.9951514005661011
979785f2-8020-41e8-9c9d-d88d6f7b28f9,good,2,POSITIVE,0.9998161196708679
e06626ac-f619-4fc1-afc7-2f29f1f2593e,nic,5,POSITIVE,0.9977141618728638
f687a5a0-c559-410c-83dd-4c52b2a90e4c,food reduce food price or offer please,3,POSITIVE,0.8736379742622375
d3bc0c24-b3c8-430e-b1b5-0f766b513e29,ordered half ready made chappathi from instamart and they gave me paratha ... when i complainted with completely wrong item received ... they told me we're unable to validate your claim and won't be able to provide resolution at this point. we apologise for the inconvenience caused through chat ... is this way u treat ur customers .,1,NEGATIVE,0.9996432065963745
53aa1321-c1ab-4276-8b79-848d3a66b593,nice 🙂,5,POSITIVE,0.9998424053192139
ed20ebc1-5404-41c4-aea6-d7074cb33925,"extremely frustrating! i ordered domino’s at 1:25 am on 12 aug, but my food was never delivered. i kept calling swiggy repeatedly all night and was told to wait. they claimed cancellation was already raised and asked me to wait 24 hours for the refund. after 24+ hours, i called again—only to hear that cancellation would now be initiated and i must wait another 24–48 hours! why does one order need cancellation twice? hours of calls, false assurances and still no refund confirmation.",1,NEGATIVE,0.9994372725486755
2e8fc72e-930d-4c9e-9d6a-859bb460830c,very nice,5,POSITIVE,0.9998563528060913
45d0df83-ee4a-43fe-b974-d1b313622214,good,5,POSITIVE,0.9998161196708679
a4b32965-e7a9-4437-ab09-e57c6b872bd2,awesome 😎👍,4,POSITIVE,0.9998607635498047
3067a5e3-0d66-4bd4-a77f-ea9e17d5eb3a,nice,5,POSITIVE,0.9998552799224854
a8f71527-0d22-493c-aee5-34d2bc6bce48,i absolutely hate it when browsing it refreshes and brings me back to the top of the page without me asking for it.,1,NEGATIVE,0.9717997908592224
7338c741-1876-4c93-80f2-f442a6640232,very very good 👍🏻,5,POSITIVE,0.9998741149902344
aa291d19-206d-4127-9658-8d3060cd66de,good,5,POSITIVE,0.9998161196708679
bce93144-458e-497b-8945-2b14f08bf09f,nice,5,POSITIVE,0.9998552799224854
f0a58521-09eb-408c-a49a-5edf9f4b4789,extra high demand charges,1,POSITIVE,0.9719860553741455
86d226b6-747b-4f03-8a48-8852e2825db2,good,5,POSITIVE,0.9998161196708679
60192d73-6b10-418c-a2b6-7a73e28d694c,nice,3,POSITIVE,0.9998552799224854
1f27908a-5d77-4fb4-a8d8-00f264096c6f,this is a worst app because i ordered one item in insta mart i received broken and missing the one part i informed the help chat but it's not work and not resolve and help line number also don't have so i lost my money,1,NEGATIVE,0.9997418522834778
8ed9f2dd-c155-4760-8d80-9723e16bcbdd,excellent 👌,5,POSITIVE,0.9998458623886108
b3311373-de88-44d9-8a94-2255d246df96,reliable and trustworthy,5,POSITIVE,0.9998650550842285
097f5670-773e-42df-8db9-cdd6c5190b8d,nice app veyy usefull,5,POSITIVE,0.9983711838722229
bab5ec48-085a-43d1-bc0e-1bb8ced6525b,good 👍😊😊,5,POSITIVE,0.9998576641082764
d28cb79a-1b1e-4a9a-a7f8-923ab73fa3f6,i booked my dineout at some restaurant and at the time of bill the bill was about 5.5k and when i said to pay via swiggy they denied access even the staff got angry at me and also they tried to scare me and then i have to pay it by cash. but dear swiggy if you are not able to give dineout discount if you guys don't have calaber to deal with your collaborators so please don't show us and also you guys had not given customer care support also,1,NEGATIVE,0.9988985061645508
cec10540-c6e9-4dea-9726-5f49bd8eda90,"the offers shown are just for the sake of doing so. i haven't received any cashback or discount from the payment method. to add on, the platform fees and delivery charges on instamart is really high. zepto and blinkit are much better, have no reason to come back to this app. pathetic experience.",1,NEGATIVE,0.9997197985649109
4a15d965-09be-423b-b359-95e41159fc9f,good,4,POSITIVE,0.9998161196708679
675021f6-7ceb-4fd8-a0e9-956c16c5c6aa,good👍,5,NEGATIVE,0.6970565915107727
e121848f-ca8b-4f6a-b175-b29452e7e1ea,average,3,POSITIVE,0.7222246527671814
009f2686-4014-4801-aa6e-6af20581fc32,best app for food delivery on time keep it up,5,POSITIVE,0.9991082549095154
04620576-ca36-43d6-90ba-daa03a0c952a,good service,4,POSITIVE,0.9998499155044556
2dead188-b14d-49ed-bf0a-ce4f4a804877,best,5,POSITIVE,0.9997941851615906
5669a78d-01a0-41ba-ae6a-900dc793e852,"i have had a very bad experience, i am not getting any solution from the right person.",1,NEGATIVE,0.9997929930686951
f3d5ecb2-2f8b-4fff-818e-a2d728382638,very nice 🤠,5,POSITIVE,0.9998577833175659
5dc45a5e-5129-480a-9f1e-a7d24a3f0cc7,nice,5,POSITIVE,0.9998552799224854
dd82f3d9-8194-433f-a4dd-f8c741eb157a,customer support is worst day by day and pate deliveries,1,NEGATIVE,0.9997597336769104
467c5310-d0e1-413b-b232-44554fc748c4,good,5,POSITIVE,0.9998161196708679
e00eb9ad-f975-469d-b42d-50fe9d4b2f6c,my problem not solved. very unhappy with you team and your customer service policy. very bad customer service. my 249 doesn't matter but your team was not working the matter. no feedback from your side. swiggy your team don't want to solve the problem. very unhappy with your service. varry unhappy to swiggy.,1,NEGATIVE,0.999783456325531
1130d87a-07a8-4989-8eb5-f658d5169f49,ihas ordered 2 items only 1 came,2,NEGATIVE,0.9881270527839661
af4a0654-7052-4601-aa74-4efc1dd9e447,best aap,5,POSITIVE,0.9998045563697815
3d8f9a66-ebf1-4a29-a787-ff8a70f27672,good service.,5,POSITIVE,0.9998533725738525
a72424e6-11a8-44e6-a026-8018c6878cdb,good,5,POSITIVE,0.9998161196708679
ed07c1f0-feda-4356-b1e2-f569e9a63f83,good product,4,POSITIVE,0.9998588562011719
f62ee62a-cb0d-41a4-bab1-bb5e39d9cbcc,worst service worst app,1,NEGATIVE,0.9997816681861877
e11931b8-566a-4ba1-85b1-00e5432e4e33,don't install his father zomato is much better than it.,1,NEGATIVE,0.997572124004364
d7e786ba-8292-48ef-9472-86d9b9975f37,good,5,POSITIVE,0.9998161196708679
ae8a14a8-3b2e-4f9e-a534-4673ed2131f4,"man, it's super frustrating when you're just trying to get some grub and things keep going wrong. waiting around forever for an order, only to have it canceled? that's a total bummer. it really messes with your plans for the evening. seriously, you just want a smooth experience when you're ordering in. let's hope things get better soon.",1,NEGATIVE,0.9996514320373535
5c279473-80f8-406d-a2f2-99a08c23ded8,"not even one star deserved this company , twice they made me to. wait 1.30 hrs and cancelled the order and scam swiggy - putting hard times to the customer they gave a coupon which is not able to merge with other coupons one of the worst customer care people should uninstall swiggy and use some other app worst platform to buy food",1,NEGATIVE,0.9998134970664978
c60b99d2-26d5-4e91-8cb9-d03bfe6b6ece,"very bad experience at late night order , swiggy is just discusting",1,NEGATIVE,0.9997965693473816
f0775c35-f371-4834-9202-83f39d535240,very worst service... every time i ordered something that item got spilled... one time the food is spoiled... so many problems now a days,1,NEGATIVE,0.9998070597648621
1ba9bb04-4f77-4e16-87fc-33c00d3fa3da,worst service by swiggy,1,NEGATIVE,0.9998083710670471
eadf8b63-bdfe-4eb8-85d2-72498756a3ff,good,5,POSITIVE,0.9998161196708679
ea1f54c3-d880-433f-af25-b3adf21dab28,bad 😔,5,NEGATIVE,0.9997676014900208
14a21dd4-f290-4f14-82cf-93da95de8acb,worst delivery app,1,NEGATIVE,0.9998003840446472
3f895c7f-0fac-43e8-a90f-6b9219b6f07a,good platform for food buy lower some price abit.,4,NEGATIVE,0.942231297492981
def18402-ff28-4c2a-963d-aeac6f79f89b,bad experience,1,NEGATIVE,0.9997826218605042
9640e41e-e137-43a1-a768-6c9945f98f69,y sale swiggy wale paise leke nhi dete na to oder jo krte hai na hii wo waps milta hraam ka samjhte h dusro ka paise 2 day ho gya aaj avi na meko mera odr mila na hii refund,1,NEGATIVE,0.9961881041526794
7461e981-6ccf-4493-bedc-a717d26ad34e,good,5,POSITIVE,0.9998161196708679
3cc3b792-5dba-4e72-b02c-616d7588ee2c,thieves,1,NEGATIVE,0.9971141815185547
6c65506d-d02d-4513-bdea-7adf9707292b,wow,5,POSITIVE,0.999592125415802
931b61df-9578-4088-9b51-495371b5d569,nice,4,POSITIVE,0.9998552799224854
f53cd842-37bd-4bbd-98f6-dc6b9dac06c9,no 👎🏻 no 🙂‍↔️,1,NEGATIVE,0.9958179593086243
a0273ffe-95a9-48a2-9fe1-0285dab9d6ed,very good app 😃,5,POSITIVE,0.9998213648796082
9095db85-1feb-4bff-adbf-91ec70a51485,i love you swiggy 🌹,5,POSITIVE,0.9990320205688477
eea1027b-1e0c-4c5b-aedd-6ae8da15cbbf,gud,5,NEGATIVE,0.8956558704376221
b99d5cb8-4780-4f17-974b-d01fd659d2cd,other charges are high,4,NEGATIVE,0.8108459711074829
53390ddf-b27f-407f-9532-7606c828451b,"this is a very bad app, after ordering the order does not arrive, it gets wrong every hour and one day it happened with me that i had ordered something else and something else arrived, very bad apps.",1,NEGATIVE,0.9996651411056519
089277db-5e27-4a26-8518-57b6a966d97e,"worst food delivery app no human chat support never received food on time worst interface, no proper filter",1,NEGATIVE,0.9997875094413757
d29d3635-cba7-44e7-baea-586e0b651ed9,good,4,POSITIVE,0.9998161196708679
97193ee9-06e1-447a-91d9-e3bb18a9fe08,you can meal set on 100 rs,1,NEGATIVE,0.8458548188209534
6b3aafa2-c28e-44bb-a53c-7818d17e01a0,late working service,1,NEGATIVE,0.9815162420272827
b746c2bb-db62-4f1f-a306-fbe71fcf51ba,very poor service,1,NEGATIVE,0.9997722506523132
862b191f-c3d1-4c39-bb4b-e4e72d73238b,good services 👌,5,POSITIVE,0.9997872710227966
a24ccbb0-aa43-47d5-8011-34a6e4369b91,horrible customer service,1,NEGATIVE,0.9996284246444702
bb36e0bd-d8c2-4c97-8400-e4ac0db54cad,good,5,POSITIVE,0.9998161196708679
2f65b743-2af0-4b06-85ab-31dd0546e883,stop promoting fake retarent with fake review you end up like oyo,1,NEGATIVE,0.9706045389175415
6169e2e8-3b29-4bae-bb9c-8de25e296a60,very good 😊😊,5,POSITIVE,0.999870777130127
5e76392f-185e-4f11-82b3-5ec6798adf53,good food aap,5,POSITIVE,0.9998518228530884
865adf88-2b67-4e48-a96c-86635e04aa07,the most beautiful appa,5,POSITIVE,0.9998692274093628
a61da6ac-bccc-41bd-b6c4-48c73e237e2f,worst app looted my money,1,NEGATIVE,0.9997898936271667
78f889a0-52cb-4a4c-87fe-4bf861424dc5,jaldi,1,POSITIVE,0.9451479911804199
b52bc7ac-b96a-4c3b-b4ba-55c7f077b2fc,good,3,POSITIVE,0.9998161196708679
5eb304d7-c405-49f1-ac5b-a2693ce8fce1,good,5,POSITIVE,0.9998161196708679
06d666a7-4789-4305-bc65-d77b0f2fa726,good,3,POSITIVE,0.9998161196708679
ac99bfe5-cf72-4943-83d5-d5d1c87c9361,good,5,POSITIVE,0.9998161196708679
1c4b1f75-ae4a-4cd8-a9c9-d7cd69392601,"very very worst experience with this app , i have ordered the food and i have waited like 1 and half hour still the order is not delivered, the delivery person is accepting the order and taking the food but not delivering the food, while i am waiting, the delivery person ls enjoy the food , after so much discussion they are asking me to cancel the order, 4 times its happened to me, every time same issue i am facing,i don't know how swiggy is recruiting such kind of people,do not prefer this app",1,NEGATIVE,0.9995989203453064
bd14c091-4562-4f70-8eaf-71cf34bcdd1c,what a worse service if u order cake at 10.30 they wil cancel order at 11.59 when u call and customer care started u harrassed u by sending 100 otp this is approved by swiggy as they are worse day by day,1,NEGATIVE,0.9997544884681702
574ecec3-936b-4d09-8a9a-735b3c7cd946,good,5,POSITIVE,0.9998161196708679
cbd6b6b1-1d07-43b0-a824-e9f8e7f03e2b,best,5,POSITIVE,0.9997941851615906
9e94ec24-5b61-4996-80f3-24d237aa1e76,bad,1,NEGATIVE,0.999782383441925
32f0864a-0ea0-47b6-906a-bf22c491e5b3,bhut hi ghatiya service. pichle 10 dino me inhone mere 3 orders cancel kar diye ghanto wait karne ke baad aur fir mujhe bhuka sona pada. aaj ise uninstall kar rha hu...,1,NEGATIVE,0.9992265701293945
1cb8cd4f-f797-4a8c-a25e-2f2fd5a449e6,good,4,POSITIVE,0.9998161196708679
029eb653-d393-4a4a-9b3e-7f2d19c8f1fa,good,4,POSITIVE,0.9998161196708679
b02880b0-1119-4843-a9da-c4143eccc7a9,nice,4,POSITIVE,0.9998552799224854
6b6ed14d-6399-4700-a946-c815e79cbd72,zero support from the swiggy team! i have deleted my account after using it for almost 6 years. well done swiggy,1,NEGATIVE,0.9986714124679565
2cd7c6c2-a4f7-4a03-b626-fc23d280a894,nice 🙂,5,POSITIVE,0.9998424053192139
8c7872d8-06d5-4909-9a40-55c1d1a2fa2a,okay 👍,5,POSITIVE,0.998088538646698
7f70a38a-573e-4c1c-8208-ae95cd87105f,best in the west,5,POSITIVE,0.999795138835907
30ca5f51-4d6b-44e7-8a9b-9d95a887b61c,worst.......,1,NEGATIVE,0.9997614026069641
13bf9a6e-844d-4d6a-b070-873480a5bca6,isase ghatiya hai aaj tak jindagi mein nahin dekhi hai itni bekar hai jitna ho sake aisa ko delete kar do logo on delivery nahin karna hai sirf logon se cancellation fees ke naam per unka pura order ka amount le lena h ghatiya app h aur agar aap inke customer care per complaint karoge to vah kuchh nahin karenge tumhari baat sunkar hold per dal denge aur theek 12-13 minut bad phone automatically cut kar denge jitna ho sake is app ko uninstall kar do,1,NEGATIVE,0.9986100196838379
5ef1ee30-7c77-4aaf-a9c9-1314fa05744a,i prefer swiggy any time any day,5,NEGATIVE,0.6969253420829773
ffe5efc9-ef7c-45c3-bd9d-4273a6e0bf18,it's awesome,5,POSITIVE,0.999870777130127
b1f2caa1-3e32-406e-8b09-ed7a81440f29,i can't cancel may order and no one delivery driver is picking up my delivery,1,NEGATIVE,0.9963142275810242
12f5d541-866b-455b-b899-fe534ac88baa,always late . there is no improvement here. they charge extra and the order always comes late.,1,NEGATIVE,0.9973505735397339
8b9c8230-a585-49c2-affc-0456fad60cec,good,5,POSITIVE,0.9998161196708679
60696bb9-05fa-40eb-930a-58647cc6a65a,very good,5,POSITIVE,0.9998520612716675
734b0ba2-61f0-42b4-88cd-8a2d904e0b25,"sometimes the deliveries are extremely slow, takes more time than what it shows online. for me once it took 90 min for a delivery which was supposed to arrive in 40",1,NEGATIVE,0.9995899796485901
0af769c0-98bf-455e-b024-14b937c158c3,wow,5,POSITIVE,0.999592125415802
cb82c894-8e24-46ce-9aed-996ef303de4d,good,5,POSITIVE,0.9998161196708679
93c6c0e0-8dd7-41bc-9b5b-1c423b48a699,not good order cancel any time,1,NEGATIVE,0.9994816184043884
babf65c5-438a-4502-9017-180f454743c5,very bad app never use it its food quality is bad and support system is very unresponsive,1,NEGATIVE,0.9972656965255737
6390c813-11b2-4139-903e-a7b3d76cca46,nice,5,POSITIVE,0.9998552799224854
d7996f46-c06d-44a2-a7d3-ec0c55840cea,good,5,POSITIVE,0.9998161196708679
22e3290e-4afc-4523-b035-7e25c93bd822,good 👍,5,POSITIVE,0.9998576641082764
f8ec25f4-9dd0-4673-813a-bcca91741d71,good 👍,5,POSITIVE,0.9998576641082764
efdcd641-aba5-46a2-a526-cd417baa34d8,30 minutes,5,POSITIVE,0.9618238210678101
f824dc7e-87e7-43b9-9def-e00c938daedb,good,5,POSITIVE,0.9998161196708679
c51781b7-e840-4fd8-8cb8-45f2bc1ec00d,good,5,POSITIVE,0.9998161196708679
6d7a8595-bd43-4ed3-941f-6977fbbcce1f,these people do not believe in wasting food but they strongly believe in wasting customer's time.,1,NEGATIVE,0.9522314667701721
5839a0f5-beb6-448f-b131-6a7c5bb10b6a,delivery experience so bad and ....,1,NEGATIVE,0.9998101592063904
9727b416-e433-4e06-bcf3-a3edbcf31b3d,gud,5,NEGATIVE,0.8956558704376221
c481d80b-52e0-49c7-8bfb-c9b12ee0fb41,failed to deliver and very poor support,1,NEGATIVE,0.9997921586036682
af6985b0-0bd4-4502-be35-c22fc339be0d,nice,5,POSITIVE,0.9998552799224854
eedda46b-16c7-4857-a93e-822071892b27,wast app swiggy band kro zomato is number one,1,NEGATIVE,0.8505218625068665
63c96eb7-fd0a-4eba-a068-ff7be1090ad8,"this bot is completely useless. i placed an order more than an hour ago, but it still had not been delivered. the delivery executive called me and said that the restaurant had run out of the required material, so i had to cancel the order. it was not my fault at all, yet i was still concerned that i might be charged a cancellation fee. your ai bot kept repeatedly telling me to “wait for 5 minutes,” while the delivery agent was not moving from his location and was not responding properly to call",1,NEGATIVE,0.9995884299278259
7c1a9c05-6142-4005-bda3-346a88e61c60,exceptional experience,5,POSITIVE,0.9998260140419006
1bb390ec-a738-4105-9954-c78fd80898d0,very we'll,5,POSITIVE,0.9995725750923157
20e19ab4-3716-447e-94e3-10c66643b505,i placed the order by mistake. i tried to cancel it immediately—within about five seconds—but was unsuccessful.,1,NEGATIVE,0.9996993541717529
bdff9112-537c-4286-a10f-ba5f5616435f,offers very 👍,5,POSITIVE,0.9894319772720337
2ee65cc4-5207-408f-8e00-b5a3f415d63c,v good,5,POSITIVE,0.9984826445579529
ef5f170a-e8e8-4a7d-9c26-c1c37d9c8a20,nice,5,POSITIVE,0.9998552799224854
dac9391b-6fdc-4c99-a17a-12698769ec01,good 👍👍,4,POSITIVE,0.9998576641082764
500a6208-6120-4745-a9c4-81720f1c191a,good,5,POSITIVE,0.9998161196708679
5c4240cf-e1d4-47c9-95e5-f5803aaf77d3,very nice 🙂,5,POSITIVE,0.9998577833175659
5cc3121f-d4e9-4251-aeec-01a3c1b03585,good,5,POSITIVE,0.9998161196708679
e12a43b2-ce38-4262-9b53-f4ce3c1a6c40,worst customer service,1,NEGATIVE,0.9997974038124084
2de2178e-26cd-4fe7-bf7e-35a9de3e351d,always have some issue with food or groceries. deleted app and account.,1,NEGATIVE,0.9964573979377747
84c6d1f6-3f6d-48d8-9ef3-7416673ffa65,worst customer service...i ordered idli sambar after receiving my order i see there is an insect in sambar i complain but i dint get any solution...worst customer service ever,1,NEGATIVE,0.9997995495796204
0654ec11-dca4-4421-abe9-ae650ed75714,i worst app,1,NEGATIVE,0.999803364276886
356ebb4c-4b01-44e9-bae1-9cfe54c8dba7,waste of time and they kept waited me for two hours just for single order this app doesn't have proper management,1,NEGATIVE,0.9998076558113098
3f05205f-9440-4017-b94d-cb3f58c9a7f4,offer selected but it still charges me full amount,1,POSITIVE,0.8689616918563843
b5bf2cfc-a74c-44da-a7b0-ded9c91f423c,it's taking to much time to deliver the food i am hungry 😤,1,NEGATIVE,0.9988982677459717
221e7e3d-6965-4acc-84d4-b240261d2299,very bad experience,1,NEGATIVE,0.9998032450675964
34104894-9c8b-495e-98f8-1eca2b063142,thank you 😊for a gift,5,POSITIVE,0.9998507499694824
52e8b4f2-9cae-4997-9aa4-b716abc0c469,pathetic service... the delivery partner picked up my food.. didn't delivered.. called the customer care 3 times.. didn't help me.. the last guy who picked my my call... goes by the name of shivam... when i explained my issue... 1st he said i can't hear my voice... than he started singing... what non sense behaviour is this?,1,NEGATIVE,0.9994912147521973
1f31252b-47d4-44a1-82aa-b07013a1443b,good बढ़िया है बहुत,5,POSITIVE,0.9953101277351379
616ad88b-80c1-47fc-b40c-398a8d5a2654,good offers,5,POSITIVE,0.9998250603675842
5be70677-9b36-4a3e-9737-1eef7319be71,not good,1,NEGATIVE,0.9997889399528503
01561adf-0c9f-4f37-8fce-2705bd63bc44,thanks for service,5,POSITIVE,0.9997785687446594
12e40fe3-fabb-4462-b0b0-70d203b9722d,good 👍 😊,1,POSITIVE,0.999826967716217
3281d9a0-337f-4c66-925f-e2a3ade6a692,i didn't receive my order and the order was confirmed and my money was wasted,1,NEGATIVE,0.9997158646583557
461d25cf-9897-4ffe-8ef3-d79f40b30856,ok,4,POSITIVE,0.9997851252555847
a8500824-97f1-42ba-ba44-e5df75e9a6f0,not giving offers,1,NEGATIVE,0.9859835505485535
f39a6e11-0740-4a04-804b-78366d0484a5,nice and amazing,4,POSITIVE,0.9998719692230225
f6ada903-f3e1-41b0-a327-57a57997ee07,very happy,5,POSITIVE,0.9998784065246582
1bf1c5c6-1fff-4b8c-b2fb-800d00cd1593,"worst experience with swiggy. they clearly don’t care about customers. i’ve had bad experiences multiple times-delivery partners disappearing after pickup, multiple orders being assigned to one rider, and deliveries taking 1.5–2 hours.their chatbot and support executives repeat the same scripted responses without resolving anything, and calls are sometimes disconnected. food is an emotion, not just a transaction. extremely disappointing. there should be a zero-star rating option on google .",1,NEGATIVE,0.9997901320457458
baf24872-8f2d-499d-ba36-5d9fbfa0722e,very slow paise pure le liye but abhi tak poncha nhi,1,NEGATIVE,0.9958463311195374
3334975e-eb4d-4d14-8eb7-766e553571a4,fast delivery,5,POSITIVE,0.9996138215065002
968264a3-b997-4c52-8a57-be4687fb1fc0,"food often gets delivered late, so it gets cold and i have still have to pay extra for delivery. so better to go myself or contact restaurants directly",1,NEGATIVE,0.9976978898048401
8d1ecb60-6812-4bf1-9b7f-c9b3b5a099a7,"very pathetic customer support, my order was delayed for more than 40 minutes, then also they assigned multi delivery to delivery partner and kept my order in last priority, for a paid one member also.",1,NEGATIVE,0.9993882179260254
7f51febd-4506-4854-a706-90d0a652a6eb,i've ordered biryani from restaurant and i was going to pay by card because i was getting 100 rs discount but they didn't support that payment method and placed order and i was not able to cancel order just after placing it. worst experience with the swiggy . never going to order from this platform again and worst customer care service. they just ignored my request for cancelling order,1,NEGATIVE,0.9992327690124512
512de4e2-53f3-454b-bd28-97609189d946,good,5,POSITIVE,0.9998161196708679
9636dcc5-365b-4275-bbee-86faa3261aa0,"very bad support and bad app, never over from these guys it took 2 hrs to them to figure out what happened with my order and at last saying reorder, it again at 10 pm. i ordered it at 8 pm . pathetic support, they should have informed me when i called earlier at 09:15 pm , however they said , they will get delivered, it asap. now they are letting me know at around 10 that the order you had waited for 2 hrs is not getting delivered please re order again. you lost a customer. zomato zindabad!!!",1,NEGATIVE,0.9996870756149292
51e78ee4-6348-4e46-aeae-ff3ac6bfd3d7,"never use swiggy, worst customer experience: i placed the order at 8.45 pm etd: 45-50 min...i got the delivery by 10.20 pm, the delivery boy said they clubbed orders, he has more orders to collect and deliver. i wanted to cancel since food was not ready yet, but swiggy said 100% cancellation",1,NEGATIVE,0.9995344877243042
ffd23662-86d2-452f-a92b-56db4fb0958d,good,4,POSITIVE,0.9998161196708679
e6e24d87-3fa4-4b2a-b396-8ffe882c6f0d,"never order anything as food or use instamart, they are pathetic people and always deliver bad experiences. i have deleted their app from mobile as i have now better options with better experience.",1,NEGATIVE,0.9991185069084167
64cb8615-8a92-4596-88df-ec9830b77ed6,nice,4,POSITIVE,0.9998552799224854
7c197134-305c-42bf-9b34-6be7d7b168e3,good 👍,5,POSITIVE,0.9998576641082764
2bd569f5-1bfb-48ac-a8db-750e3dca92dc,good 👍,4,POSITIVE,0.9998576641082764
f1ba1097-5481-4a24-8cef-082d7959d0ea,late delivery,1,NEGATIVE,0.9944546818733215
2d31c703-8b97-4115-a8c7-84599a0e8b9e,since last two days the orders were getting deliberately delayed as the delivery boys were picking up too much orders at one time.,1,NEGATIVE,0.9994062185287476
970b323b-2e1e-4ff9-9a5c-d02169b8a539,"deleting the app: misleading etas, ghost support, and deceptive pricing deleting this app and urging others to do the same. swiggy consistently gives misleading etas to bait orders—30 mins always turns into 1hr+. when things go wrong, support is useless. i waited 90 mins for an order, support said wait 10 more, then abruptly canceled it with zero accountability. finally, their pricing is a deceptive scam. untrustworthy billing, terrible service, and zero respect for customers.",1,NEGATIVE,0.9997391104698181
121489d0-7dd2-4525-8b99-c25733b12b5d,so sweet 💝,5,POSITIVE,0.9995563626289368
507af73b-a1e1-468d-b72a-46057efa5ab8,delivery was very delay a long time delete this app,1,NEGATIVE,0.9984999895095825
9786998e-5542-45e0-89d5-84f93cececcf,good 👍,5,POSITIVE,0.9998576641082764
e32b14a4-d579-4967-87b6-2796bd462bec,"hi ,yesterday i order some items in saffron restaurant in hosur,but they shown 50 min he will come,but afterwards i have received one call there is no items are at in the restaurant, ok i will cancel the order u refund my amount but swiggy customer care said i am not able process the refund amount .this app is fraud and cheat, but no one is proper response very very disappointed..",1,NEGATIVE,0.9992876648902893
aa3fbf98-e363-4dc0-8d2d-194ec65eef2f,ok,4,POSITIVE,0.9997851252555847
fabb46f7-46c4-49b3-9dbc-a53111688f89,nice app,5,POSITIVE,0.9998061060905457
9f803438-0bc1-49ed-afee-a4975a567e22,best app,5,POSITIVE,0.999686598777771
53cce29c-1436-4a95-96c0-eb9ecef30048,very nice application 😇😇😇😇😇😇,5,POSITIVE,0.9998012185096741
89f910b2-9baf-4872-b09a-e31eda93eddf,good,5,POSITIVE,0.9998161196708679
828b8a98-9614-4509-913c-2a84d068d9e1,best app,5,POSITIVE,0.999686598777771
2cf9e795-7709-4d67-acf8-f01a677063ec,good 😊👍,5,POSITIVE,0.9998576641082764
f652414d-3d8b-4877-b10e-f71d68d9b953,good to take care,4,POSITIVE,0.9998387098312378
3ae749ea-f797-4b8d-9dd5-7ee66a27fb01,totale west,1,POSITIVE,0.9953573346138
7f927fcc-f2dc-4180-8ddd-a3cd8738d247,chetta app adres antha type chesina kuda save adres chupidu dinikante zomato better,1,NEGATIVE,0.9739490747451782
accb3ab9-a978-4558-9391-c27455b74335,good work,5,POSITIVE,0.9998413324356079
062b0797-1e12-45cf-bdd2-a5ded52863a6,nice,5,POSITIVE,0.9998552799224854
2cda8444-13c7-4196-b2d3-d02ae1c3e8ab,super,5,POSITIVE,0.998783528804779
6c4c3758-d560-4cd8-96e3-325d76feecbc,good 😊,5,POSITIVE,0.9998576641082764
8cc4e33a-1e6f-4e1b-b031-e4e35909bb4a,take too much time and expand the time line repeated 😡😡😡😡,1,NEGATIVE,0.9991638660430908
ce423157-21e7-4700-bae4-74a29d72f873,good,5,POSITIVE,0.9998161196708679
f0170e9f-cf2d-4173-aa45-ac2d4761dd4d,very bad experience,3,NEGATIVE,0.9998032450675964
49d80e6f-72ba-4f33-85e6-5488472829e2,best sap,5,POSITIVE,0.9811440706253052
ab10573c-d6a6-4f13-b399-32d0aab9b5cc,no discount offers,2,NEGATIVE,0.9870445132255554
3445e184-b02e-4e6f-8ee3-1840bfe25cce,professional approach,5,POSITIVE,0.9995126724243164
7a8fd6c6-dcdf-4c38-8208-d12e85301136,"lacking customer satisfaction with fake events such as the so called buzz. if you can't predict or analyze future trends, just don't create them. this only shows how bad your team is. i also had 2 or 3 delivery issues and swiggy couldn't do anything about it. they'll just keep on saying contact us through this mail and bluh bluh bluh which sure doesn't help.",1,NEGATIVE,0.999772846698761
92e422f4-f346-4f09-9350-e031be2fa45a,nice app for bachelor good,5,POSITIVE,0.9996538162231445
f01c75a9-40e5-4825-bfe7-2d01e5b20f78,awesome service,5,POSITIVE,0.9998717308044434
65e676c5-98aa-4d46-961b-08f742093916,refund policy is very bad. on my spoiled food they don't give us sufficient refund amount. never use the app,1,NEGATIVE,0.9996312856674194
713854c5-765b-4fac-bb27-f3cb55c930ba,nice,5,POSITIVE,0.9998552799224854
d89dd8d8-0ada-499c-85ce-8dbd4372611c,super,5,POSITIVE,0.998783528804779
28360600-4893-4d10-b674-3adacde983df,discount nhi hai,1,NEGATIVE,0.7284817099571228
3512084a-c032-4e29-938b-8e18bad07b77,excellent,5,POSITIVE,0.9998434782028198
c8677d9b-ae72-47d5-baa3-4b753db97da9,5star,5,POSITIVE,0.9863659143447876
fbc6b01a-7e58-4c71-9225-1c83b2ad0416,good 👍,5,POSITIVE,0.9998576641082764
96776ccf-f049-4455-b062-08645f4deec4,good app,5,POSITIVE,0.9998493194580078
0f618383-d258-438a-82c6-9d37ea71202d,nice very good 👍🏻,5,POSITIVE,0.9998733997344971
3c843233-f980-4ef0-876d-0c01905f2b2e,excellent,5,POSITIVE,0.9998434782028198
8a957f23-9f2c-4a75-b7ac-b1d1bf696800,"fraud swiggy, even after sharing proof no action taken on delivery boy, he took my 2 plates of biryani instead of 3 i got one in parcel and no action taken.",1,NEGATIVE,0.9994004964828491
3c3b1198-e7ca-447a-88c2-45b26688027c,leaser jain options,4,POSITIVE,0.6795360445976257
efb92556-22af-498b-b48b-dfbd132b0167,good,5,POSITIVE,0.9998161196708679
da5d579c-f714-4e7d-bbaa-c7591ac0b415,super,5,POSITIVE,0.998783528804779
960e3585-aeba-4406-a2a3-574a3c535cf5,": bakwas app, before i can order from far restaurents ,now i cannot order because app says outlet is too far from current restaurant mmmmmmmmmmmm",1,NEGATIVE,0.999207079410553
b91d88e3-682c-4792-8d96-5cd9357172ca,helpful,5,POSITIVE,0.9997673630714417
2dd1831d-c3bc-4e1b-ab19-d5181ab45a2a,1st time try so no comments,3,NEGATIVE,0.9717174172401428
be850650-64e5-4f25-9b44-a0737c92eef0,nice service,5,POSITIVE,0.9998397827148438
8ff287d2-a8c5-4bf7-b97a-e7d773f70707,very poor experience with the help section.,1,NEGATIVE,0.9998156428337097
67ea7411-813b-4a12-b773-15a8e1a051a0,"pathetic service, restaurant changed menu poat order and i am forced to accept order, and customer service representative knowingly forced to accept the order and said either accept or pay full penalty uninstall, zomato is expensive but better",1,NEGATIVE,0.998144268989563
a5e73e50-7d2c-477b-98da-06bf839e4dc4,delicious n tasty food provide always 😊🥰,1,POSITIVE,0.9998200535774231
b979e0b7-e9d7-4c57-abcc-654292811813,nice,5,POSITIVE,0.9998552799224854
83ada3d3-4ff0-45ba-b528-904296d83b08,good,5,POSITIVE,0.9998161196708679
18b8f18b-9fe2-44a7-9f23-1063095e80f1,fastest delivery,5,POSITIVE,0.9996470212936401
8e9167f0-ddf1-4c6a-aca9-cd561372c844,very good,5,POSITIVE,0.9998520612716675
725aae08-4a94-4d96-a794-ca9df0f25757,"very disappointing experience. the app shows attractive prices and discounts, but once you add the item to the cart, the final amount is much higher. on an order of around ₹150–₹200, there can be ₹60–₹70 or even more in various extra charges. the pricing shown initially feels misleading. showing a low price and adding multiple charges at checkout. feels like unnecessary charges are being added just before payment. very poor experience",1,NEGATIVE,0.9994547963142395
155a77b1-8d4b-4ab3-a012-e2914366caa5,great,5,POSITIVE,0.9998630285263062
5a3011c2-b233-467b-a976-5047bf4ba890,"worst application,,",1,NEGATIVE,0.9998028874397278
5a73c3ea-2d91-4194-ba3d-43ec09983348,worst of worst worst worst worst worst worst i want to give -100 star rating always always show items over priced i am fully frustrated now and i am going to delete it for forever never gonna use swiggy again,1,NEGATIVE,0.999681830406189
afcb6e48-0768-43ca-8888-c51ab57f0be3,login issue try login but not login,1,NEGATIVE,0.9895269870758057
b2cc7364-41ed-49ae-9e7c-d5a4a14aa612,good,4,POSITIVE,0.9998161196708679
bbda0860-3791-4bd0-92f0-8b471cf057fb,oder late,1,NEGATIVE,0.9946836829185486
5cb92273-b268-455a-8321-181b149d1c88,bekar,5,POSITIVE,0.9905285239219666
86415b8f-dd3b-480f-8b2f-0bbb9bda15bc,ok,5,POSITIVE,0.9997851252555847
d7e8afbf-05e2-4ce7-bf1f-aa36e89c9270,"worst app , before i can order from ideal cafe , sai palace , and many more restuarent from central mangalore ,now i cannot order because app says outlet is too far from current location i switch to zomoto bye bye swiggy",1,NEGATIVE,0.9997448325157166
81da58a0-a8a8-4922-b0ab-40f52e0ebbda,one advice --- change the dino ... its looking more like a house lizard,4,NEGATIVE,0.9982484579086304
3b974148-6db8-4c0f-8228-400f36a81892,good vary,5,POSITIVE,0.9998496770858765
890d75ee-36f8-4608-86b1-c75d26d400e9,"a very satisfying service as compared to other food delivery options. i mostly order rice items or snacks like pyaz kachori and the experience has been decent till now. btw, i have been using this for years now.",4,POSITIVE,0.9992408752441406
0ad55dd3-8323-491b-89f3-8042daa8133b,good,3,POSITIVE,0.9998161196708679
84fbcb38-6a00-4053-90ee-c36590281dc4,very affordable good delivery ❤️,5,POSITIVE,0.9997552037239075
6aba35aa-20f9-472a-8467-ea71d4ad7819,good,5,POSITIVE,0.9998161196708679
3e50f1ca-0a37-4ea2-b94f-340c0a61a334,you guys charge too much ... zomato is better than you .. you charged 100 rs more for the same dish than zomato..never gonna order again on swiggy..😑😒😏,1,NEGATIVE,0.9934501051902771
72289220-0d4a-4457-8a7f-e28374404e32,achha,4,NEGATIVE,0.971961498260498
b84f4600-26fe-46b3-a751-b86ac1388352,very good,5,POSITIVE,0.9998520612716675
1d760f0c-fb20-41aa-adeb-816871ebfba7,good,1,POSITIVE,0.9998161196708679
40292f12-e7b6-48dd-88d6-8dae7e57861c,super,5,POSITIVE,0.998783528804779
9aaa5830-7e9a-4dc0-9ded-082f4f2d4aa4,one time swiggy not support me and froud me scam not refunded my money next time no never us swiggy,1,NEGATIVE,0.9970563650131226
3136cba4-6d70-464d-8049-2c742e6e4b89,best performance,5,POSITIVE,0.9997922778129578
58448dde-0e5a-4f73-bbcb-e3126d9a0bb2,excellent,5,POSITIVE,0.9998434782028198
d579f9d3-f522-4eb3-81bb-554d8c3208a0,good,4,POSITIVE,0.9998161196708679
97dfd4b3-0317-49c4-89aa-3d904a08c2ac,prize are change after a order,1,POSITIVE,0.9270389080047607
36c4cd39-426a-415c-8250-c9a842113ce3,good,1,POSITIVE,0.9998161196708679
c00ac4ed-0f3f-4163-ab06-281456fd71e8,very good app,5,POSITIVE,0.9998675584793091
4be9ce14-5c38-4a4a-bd4c-b52487cec0c1,super,4,POSITIVE,0.998783528804779
2f11fb1e-8a68-4ccc-a3ea-423ee1b1de9f,ok good,5,POSITIVE,0.9998414516448975
8299089b-ae75-4fca-9bea-e5eab6c05c01,ok,5,POSITIVE,0.9997851252555847
8b7f7b94-4e8a-45f3-ac43-bd956ecdaec5,good,5,POSITIVE,0.9998161196708679
168326ff-304d-43e5-a37c-315a6acb11a4,nice 👍,4,POSITIVE,0.9998424053192139
c67486c1-20f6-463c-a77b-1be522ad6c1d,delivery is late and high delivery charge . they will not refund any amount if you want to cancel order for too mach late delivery..they will charge you for their fault,1,NEGATIVE,0.9961590766906738
588bd1ff-62cb-4ada-abd2-725479fbe775,worst app don't order from this because i have a spoilage issue with restaurant they said they didn't give any claim for spoilage issue after 2days in mail. same issue happened in zomato they have given me refund. better avoid using this app. worst service,1,NEGATIVE,0.9997292160987854
b4db7d27-5e4f-435e-8ead-df933c2abc51,good,5,POSITIVE,0.9998161196708679
a9293c10-4d8d-4fdd-bb0c-b42649ea0a74,delivery fee are very high giving gst also high giving,1,POSITIVE,0.9831157326698303
9ad7f768-1996-4632-92ec-4518d9c62e4e,"the search capability is pathetic , i searched jeera in instamart and it shows the second result in between as coriander powder. it shows that how loose their data mapping is. blinkit is way ahead of them.",1,NEGATIVE,0.99958735704422
245c3f38-4704-402c-87c4-98b703b9410e,"when i was not signed in to the app, they offered me 50 rupees off. whenever i logged in to place the order, they increased the order price and showed only 20 rupees off. bakwas",1,NEGATIVE,0.9989927411079407
c44f9e12-bada-4797-a2b6-3d0f9fd4674c,awesome,5,POSITIVE,0.9998682737350464
3b545271-e93c-4458-b336-28b72d0fda24,nice,5,POSITIVE,0.9998552799224854
21658ccd-98ee-4a3f-8635-4264664dae07,very poor service,1,NEGATIVE,0.9997722506523132
a210e102-d0fa-4643-8ec0-f69531319317,best offers,5,POSITIVE,0.9991084933280945
0a6719c3-fb23-4a9f-8535-9fef01d1ed30,your customer care are so ugly please stop your business,1,NEGATIVE,0.9997972846031189
f76ed71a-73d2-4fd1-aa2f-964287c46b63,good app,5,POSITIVE,0.9998493194580078
66523e79-4e25-479b-a03a-e46ad9fb6aaf,"every time there is delay in food delivery highly disappointed, when i called their customer support they tell ur order cannot be canceled and even if u cancel the order u will be charged for the stale food , i ordered at 6:03 pm & the order was delivered at 7:10 , while ordering it was showing 20 mins delivery... i will never order from swiggy again just un-installed the app ...",1,NEGATIVE,0.9989770650863647
35c398f8-da4e-4a2b-957d-7235fd9be265,good,5,POSITIVE,0.9998161196708679
11aa3194-7876-462d-bf60-57470deedaf7,supper,5,POSITIVE,0.9822134971618652
b987d623-d8a5-4682-9452-ea705eae9d7f,great,5,POSITIVE,0.9998630285263062
5d1bc3ee-a6f1-471a-8840-7b7a7b2fabfe,okay 👍,1,POSITIVE,0.998088538646698
934cde1a-ed64-4a48-ad6a-4381978329f6,"i hate swiggy, they did not returned my single amount of money when i cancelled my order even, order was not out for delivery, at least they should return hlf of the amt by deducting only delivery charges, and their service is also bad, i hate uh swiggy i will never gona be ur costumer again and also not allow my family and frds to use ur app",1,NEGATIVE,0.9997205138206482
77a5b8ba-d171-4bd6-a8da-2758283fbfcd,good,5,POSITIVE,0.9998161196708679
07f81ddf-d12a-4bd1-9cfc-b8ff8c9bc286,good,5,POSITIVE,0.9998161196708679
b21f846b-0925-44e8-ad2f-a61182c2839e,i order 4 times they cancelled my order in swiggy as well as in insta mart without any reason and don't get refund. one of the worst app i have ever seen,1,NEGATIVE,0.9997654557228088
adb3e3bb-e85c-4d81-9e85-c0b3c4e3ee8f,good,4,POSITIVE,0.9998161196708679
28d6bad4-3aa0-4760-80aa-bea4fd7d528f,ok,4,POSITIVE,0.9997851252555847
aea2e17a-3907-4d23-904f-f3c5c335b72f,biggest scam of 2026 swiggy buzz,1,NEGATIVE,0.998572826385498
8941bd4c-e36c-4ddc-8b76-d391c40a88c5,very less offers,2,NEGATIVE,0.9989867806434631
f1fb683c-aef2-407f-be61-4bd734d30f20,good,5,POSITIVE,0.9998161196708679
2fb7f23d-7154-4e88-97c9-ae787619b099,very good food,5,POSITIVE,0.999876856803894
df5288b7-44cb-4316-a353-9a909e1e4916,"i have an issue with the toing app with family bakers restaurant but look at these bakers,i have ordered 2 burgers and 1 cake from them. they sent only 1 burger which tasted average and the cake was very old and their delivery partner is drunk moreover, i have ordered in toing app. but look at these bakers they have given me a toke of 75 rs in swiggy instead of toing. why because rates are higher in swiggy and the rates are very low in toing. they think that the customer is fool.",1,NEGATIVE,0.9989448189735413
64f61d70-2e95-409f-bf2d-268bee65985e,"this is the second time i’ve faced an issue with instamart. last time, an item was missing and i never received a refund despite contacting support. this time, the container that came with the kitten food was missing. i tried calling and using chat support, but nothing worked. i’m honestly done with swiggy’s poor service. very disappointing and frustrating.",1,NEGATIVE,0.9995324611663818
6d8b34fe-346f-49d3-b4af-6cb43061e43e,this aap is is very fast,5,POSITIVE,0.9965813755989075
6bb58240-874a-43a9-8d4e-ddd19004bbb3,best swiggy,5,POSITIVE,0.9957603812217712
0760017f-e229-42f5-bcc7-77a68996b54a,this is the bad app if in case some working as a delivery job in swiggy they did not give orders in your zone and they're giving low incentives and if in case they resolved ur problem after five days they will change,1,NEGATIVE,0.9998114705085754
7bc078ac-5e36-4678-a366-2c5bee730347,good app,5,POSITIVE,0.9998493194580078
d6abaf22-66e7-49bf-b397-a02f27310ec7,this is so amazing app i like this app thank you for the food bye bye,5,POSITIVE,0.9998600482940674
fe32e707-a318-4454-bd07-fbdb2ec86275,thank you,5,POSITIVE,0.9998352527618408
8ea14e43-090f-4ccb-981d-32b7d2e3c80d,good,5,POSITIVE,0.9998161196708679
ae389cac-8205-4018-a572-b0bd10c8c635,gud,5,NEGATIVE,0.8956558704376221
804b5e17-c109-41f1-a101-e8f2a695aba9,good 👍,5,POSITIVE,0.9998576641082764
aa5c111f-af0f-4edc-9d8f-14c7b8dbdd75,good,3,POSITIVE,0.9998161196708679
6b7db46b-0eb7-42f9-ba47-3929a5643f83,offers not satisfied,1,NEGATIVE,0.9997133612632751
efae2104-7494-435b-bdda-f80f65879cc9,good,5,POSITIVE,0.9998161196708679
535edb1c-f867-4638-95a2-f647138a1ac9,good 👍,5,POSITIVE,0.9998576641082764
5559294d-3e25-4b37-a680-c894039dc48f,i always got scam from here,1,NEGATIVE,0.9971809387207031
82a89e51-ada2-4b78-842c-cf36e7b35af3,waste app they have taken my full amount as cancellation fee for instamart items,1,NEGATIVE,0.9997275471687317
856c28be-8f65-4340-bc5f-58c0412b1985,nice experience,5,POSITIVE,0.9998632669448853
11c915c6-0eef-466c-a243-80c310ec532f,useless,1,NEGATIVE,0.9997991919517517
f586865c-bd38-4d74-b2a2-06521b1ff420,best app,4,POSITIVE,0.999686598777771
ea7fa1e7-4964-4433-80df-550861f56af9,"at hyderabad swiggy is trying it's best to deliver food on time despite heavy traffic and bad weather but the choices of restaurants in certain areas is definitely not good . these restaurants as per the orders do not fare well with the menu they show and the final food item they prepare and send through swiggy is just pathetic and generally gives a feeling of getting cheated !!!!!....therefore , kindly do not be lenient in your services from cheap and shady restaurants .",3,NEGATIVE,0.9994717240333557
91de7005-f448-45cd-9b66-cbc9307d96a8,very good 😊,5,POSITIVE,0.999870777130127
b5d66018-0109-4475-8177-021a183a6244,good,5,POSITIVE,0.9998161196708679
a1bfbd30-e0df-4285-b0d5-c9ca8eb5fcc0,excellent,5,POSITIVE,0.9998434782028198
8a90e547-59d7-4315-bbf8-f12fb1fb91f0,nice app 🙂,4,POSITIVE,0.9996724128723145
eb8843f9-96e7-4a86-bcf1-5ae94d918e15,was supposed to deliver in 18 mins however still not picked from the restaurant,1,NEGATIVE,0.9973530769348145
929bcb79-eb4c-4c45-a444-44dee02c2411,bakbash app hai koi refund nahi milta order cancel hne bar order khud cancel karte h or refund v nahi dete 😡😡😡😡,1,NEGATIVE,0.9996091723442078
db21d087-8faf-44b7-9bec-4a3dee817108,very nice 👌 8 i,5,POSITIVE,0.9998536109924316
31f21d39-c8cf-4925-b9d0-3e1750d53bb6,good,5,POSITIVE,0.9998161196708679
79a9db09-bf66-4543-a591-8398a2cd3059,nice app,5,POSITIVE,0.9998061060905457
bdc24553-b7ac-4d79-9fd5-f2d977fa612a,very nice,5,POSITIVE,0.9998563528060913
e175e3ac-64ad-4ba4-9f3e-ee604505cb94,"i had a very disappointing experience with swiggy while ordering from mad over donuts. swiggy asked me to pay ₹604, including taxes, platform fees, and delivery charges, for a donut box. before placing the order, i checked zomato and created a box with even more expensive donuts than the ones i had selected on swiggy. after applying discounts, the final amount came to ₹540.98, and i was also able to add an extra donut worth ₹89. the price difference was too significant to ignore. use zomato!",1,NEGATIVE,0.9958177208900452
c7549e49-18c4-4679-8206-8dd9c872f49d,good offer ls,5,POSITIVE,0.9997397065162659
e4e0ce53-5cc2-4881-91dd-491eab634795,good,5,POSITIVE,0.9998161196708679
30fe4107-48b4-4aef-aee5-deb4fb922cae,"minimum 1.30 minutes waiting for order in short distance,",1,NEGATIVE,0.9821454286575317
e14e76f2-90dd-41fb-b445-71ab91e6a18a,did not attached the coupon on my order ordered at 116 and showing 156,1,NEGATIVE,0.9983160495758057
ed3a540f-1fdc-452a-925e-fbb191bd116c,this app is full of scam i have order my item which price is 80 and order 7 of them but they gave me one item and they just steal the price of 7 items which which total bill is 444,1,NEGATIVE,0.9981001019477844
019a36aa-24c8-4ca9-aa1f-c319d010028d,ok,5,POSITIVE,0.9997851252555847
425806a4-26ec-4c9d-a30e-8a134ffc2bac,good app,5,POSITIVE,0.9998493194580078
7349563e-9b4f-45b7-af91-6c27a66319ec,delivery time is so late 🫩,1,NEGATIVE,0.9982348680496216
9f467d9f-3d35-498a-838c-469a0acc7db9,good 👍🏻,5,POSITIVE,0.9998576641082764
f4a437c5-7f3d-4634-9ed3-1d66bff93ec5,cancel kar do bhai,5,NEGATIVE,0.9973944425582886
f6c157cc-02ad-4f7d-b8e0-f72669574999,bad experience,1,NEGATIVE,0.9997826218605042
70c8f662-f16f-4791-8645-fdcf32b2f1b2,very bad help center support system,1,NEGATIVE,0.9997735619544983
c16e993f-2790-411c-93ca-6d109beb23b3,good 👍🏻,5,POSITIVE,0.9998576641082764
b641fb97-f636-4e60-a6fb-868321d51145,supar,5,POSITIVE,0.8584699034690857
19ac8ac0-26fd-4a33-8eaf-80b3a44812f8,good,5,POSITIVE,0.9998161196708679
cd4c5534-f158-475f-8c2d-95e97511ea42,a lot of delivery drivers have been intentionally avoiding deliveries and making their phones unavailable to calls from both the customer and the customer service. they are collecting the order and having it for themselves. swiggy customer service wont give me anything more than a refund. which is a shame. hours wasted waiting for food just to receive nothing and left starving.,1,NEGATIVE,0.9995193481445312
a3ebfde0-f9f3-4d66-9aa0-7174a6598da1,good,5,POSITIVE,0.9998161196708679
8494a8ec-a996-4d23-9746-b6827c06f9d1,nice service,5,POSITIVE,0.9998397827148438
c191f7e4-1259-4e75-8b31-0d81de36d83f,very nice,5,POSITIVE,0.9998563528060913
03a53a3a-d497-4662-8e2c-e2dbcdb9e63a,"good service, good customer support & overall a good experience. i did have a few issues with them during some of my orders but most of the time the service provided by swiggy was just awesome! great app, i highly recommend swiggy! 👍🏽👏🏽 since the new restriction of minimum bill amount of ₹1000 put on dinecash the dineout feature has become less useful. additionally the dinecash expires in just 14 days... this is too short of a period... it should be valid for 90 days instead of 14 days.",3,NEGATIVE,0.8575149178504944
40da4354-6965-4da8-af65-17da9a826252,"😡😡😡if possible. i would rate it -10 stars.. pathetic service. was told to wait for an order for 45 minutes, which extended to 1 hour and later extended to 1.5 hours. and order got cancelled in the end. had to skip lunch for this. very bad experience with swiggy. happened 2 times. earlier it was fine. but now it has become pathetic. unusable!",1,NEGATIVE,0.999708354473114
6e15997d-489d-4ff4-ba24-38fe156a8d3f,nice app,5,POSITIVE,0.9998061060905457
0aa9bcf3-c67d-4428-904d-fadee62232c8,ghatiya service. no coustomer support. new apps are much better.,1,NEGATIVE,0.9978413581848145
53c7ae35-002d-4f11-a551-6a029e9bc49b,ok,2,POSITIVE,0.9997851252555847
321f9307-a028-4d0b-bbcd-da7ce134a6ff,sir..in hotels and restaurants where we order through swiggy...are either put hot rice like biryani in plastic black colour container box ..and heating the biriyani with plastic box ..to serve hot..,1,NEGATIVE,0.9942067861557007
ea27fcb3-ac4e-4817-b18c-f9e1b46b5a55,good service,5,POSITIVE,0.9998499155044556
7eff0b51-d095-4b2b-a6ed-c5a6d78412dd,good,4,POSITIVE,0.9998161196708679
ab6d7530-72ea-439a-b1b3-4cb86f33d7fe,bad delivery i'll ever seen,1,NEGATIVE,0.9997218251228333
02c4b51c-0b39-46d9-b2b9-298ccdc582d2,"they mark up the price by almost rs. 100. then add gst, delivery fee",1,NEGATIVE,0.8958616256713867
10b69e6c-881a-4ddd-913a-37bb6ffb4e30,bad if incase order cancel ❌ that ammount will not refund (return) bad experience,1,NEGATIVE,0.9986249208450317
c9a927b8-1fa2-452e-be6a-1c657732804e,less priced,5,NEGATIVE,0.9993240833282471
736f143a-e89c-4307-8388-67aa9f24b588,good 👍😊,5,POSITIVE,0.9998576641082764
82ffbe36-5ec7-4bec-86f9-0c1e70065124,best app ❤️,5,POSITIVE,0.999170184135437
32b2e149-e783-41ac-a6e1-3a611443aa6c,3rd class service. not a responsible service after placing the order. they just take there money and no response.,1,NEGATIVE,0.9997230172157288
9e600bce-3861-46a5-bdc8-91c6713f8950,good,1,POSITIVE,0.9998161196708679
cceeb8eb-1bbe-4ff5-b0bc-0614e1e0ae97,super savings,5,POSITIVE,0.9989847540855408
c831ff49-e477-42be-9948-e9966684dbea,good,5,POSITIVE,0.9998161196708679
5a12aac4-2466-4b58-b2c7-edd81abcd5a3,good,5,POSITIVE,0.9998161196708679
60f99bdf-c8ee-42da-baf7-a3e3d38f800b,very bad the delivery is so late,1,NEGATIVE,0.9998205304145813
ec45a233-d231-4521-9eb6-4a3a493554d5,cheater company payment pay not received order froud app,1,NEGATIVE,0.9983890056610107
88bbbb9c-c617-4ab6-a479-351e269e1bd5,ok,3,POSITIVE,0.9997851252555847
d29ad147-0319-48ca-8c83-28be782ea316,super fast,4,POSITIVE,0.9992691874504089
f519c16e-d0b3-43a7-8565-999966f372d6,nice,5,POSITIVE,0.9998552799224854
6b9d5fb7-db5a-4e7f-b3a5-e2d8807fab36,good 👍,5,POSITIVE,0.9998576641082764
09689c8e-7922-4c94-ae7c-820709eff0b1,nice,5,POSITIVE,0.9998552799224854
bba4a062-9af4-40eb-87d4-575a04a9eb1c,ok ok,4,POSITIVE,0.9997230172157288
55e0c575-dbe4-4559-873d-bb028308022d,worst app i've ever seen.,1,NEGATIVE,0.9997827410697937
740e928b-f901-472a-8236-9e941a6db594,very fast,5,POSITIVE,0.9992815852165222
a7c1f415-dad1-4866-8e2b-3f16fed65e05,good 😊,5,POSITIVE,0.9998576641082764
2da7d620-0549-4f51-8ab1-b572a6c764df,good,5,POSITIVE,0.9998161196708679
b24e0ead-6f79-44f0-86bf-a14af2556397,worst service i ever met. delivery boy didn't reach to my place and didn't deliver my food. but swiggy canceled my order and forfeited whole payment made by me without asking. i mailed for refund but even after one day no refund issued. this company is just looting the money from the customers..,1,NEGATIVE,0.9996976852416992
5a15ec9e-b445-43b9-8dd7-47a68613f48d,third class charges,1,NEGATIVE,0.6059029698371887
d4207d0a-d94f-4602-a670-4826d6e83c2b,good,5,POSITIVE,0.9998161196708679
587fe990-46c0-45b9-8282-e10cf324eddb,good,5,POSITIVE,0.9998161196708679
387b39be-0f72-464e-828b-09fb4add2f45,sign up problem 😡😡,1,NEGATIVE,0.9947932362556458
2da80fa6-1abb-4d68-890f-2067e26e570b,delevery money charge bohut hey,2,NEGATIVE,0.9180015325546265
7960a10e-a886-4ff7-89a9-1ef0cc6a5e9c,very late to deliver,4,NEGATIVE,0.9995947480201721
183d0972-561f-4b55-8268-9e71478f4322,good,5,POSITIVE,0.9998161196708679
c7fd6b47-65f1-406b-89d7-c3d76dddfccf,ok,5,POSITIVE,0.9997851252555847
76d4ba37-948d-4537-b37e-075ea8251e7c,very worst experience . i didnt expected from swiggy. i ordered since 12.40 its almost 2.15 when i received my order,1,NEGATIVE,0.9997655749320984
832b0eda-89d1-4c5a-a859-d9cd6b273b4f,super,5,POSITIVE,0.998783528804779
8381f2ad-4cd6-4fc2-bc50-36ad7f0464e5,amazing 😍😄 i'm loving it,5,POSITIVE,0.9998860359191895
a02552ec-208b-4a98-95bb-40d2cf860815,very bad,1,NEGATIVE,0.9997884631156921
3c1d4195-d2c1-461a-9d2c-275656db4290,good 👍,3,POSITIVE,0.9998576641082764
621f5477-8b32-4e6b-bf85-a61e6a2f7f8d,okay 👍,5,POSITIVE,0.998088538646698
07165775-8990-4dd1-be72-e0a16aa98831,very good,5,POSITIVE,0.9998520612716675
e78d2de2-1485-4149-b04d-745aa14a6608,awesome service and superb quality network,5,POSITIVE,0.9998750686645508
545eb428-63da-4adc-ba4b-dddd96a86e17,good,5,POSITIVE,0.9998161196708679
2dfd686f-3acb-425b-9ab1-8ea6496dbc62,good,5,POSITIVE,0.9998161196708679
b22f069e-fcc6-491f-b637-e30873503e9d,worst support care members i have seen here they won't provide proper support/resolution and they say they have done it and will close the conversation.,1,NEGATIVE,0.9998010993003845
73d9b92e-5317-4b32-8727-5d9ff1d6483e,very good 👍,5,POSITIVE,0.999870777130127
3fa2b7df-f4b0-421b-a92f-b7d11fb29360,good food aap,4,POSITIVE,0.9998518228530884
0765eaaa-07d8-4aed-97be-eece6c426843,good,2,POSITIVE,0.9998161196708679
59aac3fd-2cd2-48b8-9df4-636b0deb4f3c,good,3,POSITIVE,0.9998161196708679
d5dc5290-d94a-415a-9a10-5c02aef88226,good app,5,POSITIVE,0.9998493194580078
0e2f498e-837d-475a-afa9-46fec187a42e,nice,4,POSITIVE,0.9998552799224854
04f980d6-3472-4f7f-a9e9-acd56f3a7696,good,5,POSITIVE,0.9998161196708679
540d68a4-e54e-4773-ada8-7c01a2792589,nice 🙂,4,POSITIVE,0.9998424053192139
b4ba0408-997c-4a16-bfeb-2e87e7f1a4a0,very helpfull,5,POSITIVE,0.9993476271629333
35f57d6c-d5a6-4758-bf8d-3ca64f74b98d,cheaters. took money and did not deliver the food . missing an item and did not even refund the amount. waste app unable to contact any executive to sort the issue.,1,NEGATIVE,0.9997962117195129
4626921d-5d08-45bf-9e9d-e162c9819046,cash on delivery is good choice thanks too this option.,4,POSITIVE,0.999055802822113
2897937b-1435-4a0c-9868-18007a69ef35,"i am extremely disappointed with the way my recent domino’s order was delivered and, more importantly, with the way my complaint was handled by swiggy. my order took almost 2 hours to arrive. during this time, i repeatedly attempted to contact customer support, but i was repeatedly told there was a technical issue, calls were ended, and i was directed between different agents without any meaningful assistance. the domino’s store number provided was also switched off.",1,NEGATIVE,0.9997139573097229
9f2e028e-cdb8-4df0-a231-632a00f81c09,acha,5,POSITIVE,0.9979257583618164
f8660858-4398-4e2d-9128-07944dca3238,ok,5,POSITIVE,0.9997851252555847
79a23197-cc9e-497d-903b-a5ef008348bc,quick delivery and amazing offers,5,POSITIVE,0.9998868703842163
9609dfa0-5d40-40b2-86c2-eeea93e75f96,wow affordable price 😜,5,POSITIVE,0.998264491558075
ed6fb750-bbb0-4347-ab33-2b960f1b4fe3,good experience,5,POSITIVE,0.9998599290847778
76835169-d109-4b34-aed1-fdfe59d916ba,good,5,POSITIVE,0.9998161196708679
8f7f76d4-f845-4953-980b-df7839fdf4eb,good,5,POSITIVE,0.9998161196708679
8aee0e5d-37f2-4eb1-a725-726e6ceb8725,good and speedy...,5,POSITIVE,0.9998493194580078
a96661cd-ae40-4df3-a934-61f2c4a0bfae,very bad policy of this company. this company totally take advantage of india food rules which are very bad. i mistakly order other dish then i go in help to cancel . so in cancelation fee will be dedicated whole amount which i pay for that dish,1,NEGATIVE,0.999488353729248
147599dc-f619-48bd-983f-6a16952feb57,good 👍,5,POSITIVE,0.9998576641082764
b0f32308-735e-4f14-a810-b4b589a3684e,later all way.,3,POSITIVE,0.9972531199455261
7c4c410a-2a6b-4741-ba9b-b9ce9e5c6030,super,5,POSITIVE,0.998783528804779
46389d7b-3570-47f4-b2fc-676773ca7fde,good,5,POSITIVE,0.9998161196708679
5368b1dc-e909-40db-959d-3c4d21b83048,my refund money not reaced in my bank account it's so much bad service.,2,NEGATIVE,0.7590994834899902
85adb597-413f-4f31-a56b-b650b778fa19,best delivery partner,5,POSITIVE,0.9998016953468323
d0d6d3d5-9389-4bb9-8844-03c593d684fd,good 👍,1,POSITIVE,0.9998576641082764
01871f35-54dc-43c1-97f2-39aaa6e6e5cd,ghatiya service pura chorder hua phool,1,NEGATIVE,0.9756913781166077
7bac1410-e13c-4e40-bb74-52ec533a0480,cancellation method is worst,1,NEGATIVE,0.9998088479042053
9b5cb3ef-58f8-4e9d-98ac-ae680cbe3c4b,good,5,POSITIVE,0.9998161196708679
2adc344a-2a6d-48c6-a07a-aadc65e9daa0,order kelelya items paiki ardhe missing hote..ani payment adhich kelela hot.. helpline la contact karun hi refund milala nahi missing itemcha.. faltu service ahe,1,NEGATIVE,0.9994719624519348
4e2c2360-cc21-444e-aabc-2fb672cfffc9,good working,5,POSITIVE,0.999843955039978
11085743-3d20-445c-8791-d06adede3401,bestt,1,POSITIVE,0.9987056255340576
f2d14664-042d-40ee-b055-f877af97013b,that's 😊,5,POSITIVE,0.8062103986740112
f72c42b9-a30f-4261-9fca-51800a07fbe2,good 👍,5,POSITIVE,0.9998576641082764
65fa6292-05e2-4e9d-b0ba-3bc6c879e6e8,good,5,POSITIVE,0.9998161196708679
9850333c-3a36-464b-9d58-5dd227958e60,good,5,POSITIVE,0.9998161196708679
a5e73bc5-b36c-40b1-a8bd-5064e73e117f,awesome,5,POSITIVE,0.9998682737350464
c141d25d-0b23-4794-88f0-6dcf00bb66dd,osm service,5,NEGATIVE,0.9849366545677185
a1465dfe-b9be-473e-9931-d1ed1abc4f81,good,4,POSITIVE,0.9998161196708679
eda05c78-d797-42a8-b31b-53424930ac7d,good 💯,5,POSITIVE,0.9998576641082764
2b5c17a5-de0c-4a0f-b23a-3ed9f9010e9f,good,5,POSITIVE,0.9998161196708679
45400b23-2a36-421a-8b71-09c4656d86db,"swiggy showed a ₹125 off flavorful coupon, but it disappeared due to a glitch, so i paid ₹125 extra. refund the extra amount",1,NEGATIVE,0.9993940591812134
36efa17c-9003-4043-8f40-7a9d3399b8f0,it delivered the totally destroyed cake and didn't refund or replaced i just hate is app and this worker,1,NEGATIVE,0.9994717240333557
86a0eb5f-115a-4329-a5e4-b5168eb5be03,service looks good,5,POSITIVE,0.9997753500938416
2880c8b2-246c-4cc2-9d53-271fb9fe1866,good offers,5,POSITIVE,0.9998250603675842
db6a462a-7ff7-4cc1-bee0-b524726fa944,good,5,POSITIVE,0.9998161196708679
62a16926-faa8-4663-bb5f-09c7e3d565d4,bhuti aacha he fast delivery ho jata hen per vo chash on delivery ek hi bar. deta hen baki ka online payment kar na pad ta he ❤️❤️,5,NEGATIVE,0.9820101857185364
2b240e67-2328-4f68-bb1e-fde7c60856c2,i don't like this app because i can't get my exact order and items also a not good at taste of any items,1,NEGATIVE,0.9994215965270996
de28c820-1a68-4f77-a551-d7d6c5792bc3,nice 🙂👍,5,POSITIVE,0.9998424053192139
914a895c-6b32-4524-ba3d-8b2fd966bec6,ok,5,POSITIVE,0.9997851252555847
df154626-b927-499d-adf4-fdc5cb935c60,nice,5,POSITIVE,0.9998552799224854
6d259541-3d00-4e1c-a0bb-e75db85c4cbc,tax high,4,NEGATIVE,0.9792559146881104
910d8ead-82a1-4ba7-b8dd-3d1c2ad45442,thanku swiggy,5,POSITIVE,0.9991334080696106
c68d2f35-853c-47fc-b9b1-d589b170d50b,good 👍,1,POSITIVE,0.9998576641082764
4e48b2c2-98f6-4ede-ac00-7d69c9e56805,thank❤,5,NEGATIVE,0.6970565915107727
a3fa5c30-1f7a-4e1d-a927-a9100af37198,awesome,5,POSITIVE,0.9998682737350464
05d79d98-24f5-42da-8db1-e0e1a40db838,good,4,POSITIVE,0.9998161196708679
9ab1c444-56f1-4b54-853f-1187c95b97ba,trustable,5,POSITIVE,0.9997933506965637
7e485a77-0f45-4820-b964-80a1cc3ba7e1,"very disappointing instamart experience. yesterday, noice kaju katli 200g was showing for ₹39 on my nearby instamart. i tried ordering, but the assigned store was closed. i then checked from another location covered by a different store, where the same product was ₹199 and sold out. today, my nearby store is open, but the ₹39 offer has disappeared and it's no longer available at that price. i understand prices can vary by store, but this feels extremely misleading and play with emotions",1,NEGATIVE,0.9992108345031738
216971be-dc20-405a-9dea-d3fb4cd1d0fc,awesome,5,POSITIVE,0.9998682737350464
80dcbc4b-9e86-4137-9265-ed7a31ea9222,superb,1,POSITIVE,0.9998656511306763
99a369b8-f002-43d3-b396-b4b38bda8dbe,waste app my food rate is low but the delivery charge is tooo high it's spam app to download it,1,NEGATIVE,0.99933260679245
aca77600-f33d-4d41-be39-1bf35c2b667a,not the one to write reviews but recent experiences while using swiggy for ordering food has been horrendous. the orders are delayed everytime. there is no proper customer support . moreover they levy cancellation charges on you for something that is their fault if you ask for cancellation.,1,NEGATIVE,0.9996819496154785
a221a184-4c6d-4978-a75b-e0fd5ad09eca,good,3,POSITIVE,0.9998161196708679
35bc898a-6b44-4d03-b477-fadd5490980e,good,5,POSITIVE,0.9998161196708679
131e641f-34de-4ffd-8577-f5fc60e14249,one of the best food delivery service 😎,5,POSITIVE,0.9997891783714294
a6902588-7292-424f-86cc-9064487bc08e,too good 👍😊,4,POSITIVE,0.9994295239448547
41a61409-dbf5-482d-8d46-3b145b4168a9,good,5,POSITIVE,0.9998161196708679
68ac5729-f2b8-44aa-aaa5-6fa0d49c20f0,not able to sort by price...very irritating,1,NEGATIVE,0.9998087286949158
e5adef05-9076-47b5-bab0-ca51eaf9df6c,tasered lasered me using phone (pizza hut sakchi jamshedpur hno 300) under guise of giving raytings upon force pretend beg and taking picture of my rayting with her phone with taser laser piercing my chest near 2 pendants and causing scite pain and injury for minutes until i made excuse and got rid of her.. she came 3 x earlier while swiggy order pending for 45 min yesterday!,1,NEGATIVE,0.9944422841072083
ba5ce08a-eb94-456f-ac4f-3e12f8000417,good,5,POSITIVE,0.9998161196708679
5dd20a57-5bfe-4c30-9f7e-792e7a21d1c5,best app,5,POSITIVE,0.999686598777771
a226fd3f-179c-4d48-9670-789e99977cd7,very good,5,POSITIVE,0.9998520612716675
be36e84f-ce0b-4604-b7cc-8dbbc5cb985f,i order 1 plain dosa worth rs 125 and some of the issue i cancel it i pay the money on upi but my 125rs of amt not refund to me. so guys it's the big problem for using swiggy,1,NEGATIVE,0.9988701939582825
4a5dd8ec-2f85-4abf-b615-a4b5cf373738,good service,5,POSITIVE,0.9998499155044556
c7d4db4f-409c-41a0-92ea-73e206a5b261,very bad experience. we had odered food in train 5 hours ago before the station but the order was still delayed. we were so hungry and we had no other money so we asked for refund. they said 2 hours and even after 12 hours refund has not been done. we are so doomed,1,NEGATIVE,0.999416708946228
0febd6ec-16ee-4b3d-b67e-3789679b7356,full of fake delivery timings i have edited this review because after giving order its too late this time for 30 mins delivery time already taken 1 hour still waitinggg...swiggy is not doing well this time ..its time to switch another app,1,NEGATIVE,0.9997721314430237
c3155f06-c24b-498e-802a-9e6b71ec34a8,"worst service ever. i ordered an item that was supposed to arrive within 11–15 minutes, but it took more than 45 minutes to arrive.",1,NEGATIVE,0.9996054768562317
acd2e14e-27b9-414d-910f-6942bfe433f7,very bad experience with swiggy,1,NEGATIVE,0.9997809529304504
536764c6-da2a-4627-a0ce-61af2e0b041d,thank you,5,POSITIVE,0.9998352527618408
5b5f8d44-6475-4365-b2ad-122cfc10c927,"customer service with that annoying bot is useless. i don't have who is stupid enough to bring up these kinds of bot in customer service, you better call it customer disservice. took 50 min to deliver something that was promised to be delivered within 15 mins",1,NEGATIVE,0.9997840523719788
9808ec79-ca48-4cf1-8d49-7c535ebacc02,super service,5,POSITIVE,0.9962215423583984
0dcb4c3f-8a9a-488b-9bd4-eb6c22f99358,good,5,POSITIVE,0.9998161196708679
a32a029a-0df8-4eee-8c91-8ebe5a24e8bb,very good service,5,POSITIVE,0.9998648166656494
d667a50a-b043-4339-8eb0-787db9296590,good 👍,5,POSITIVE,0.9998576641082764
1f7e2292-aaf5-4ddb-bbef-da0dd2bf7303,"this is evil app they add delivery fee, handling fee, surge fee, rain fee etc etc without informing end user its hidden and its hidden and not easily visible. i had placed orders and later realized that even after ordering more than 500 worth they charged so many fees. worst experience with instamart.",1,NEGATIVE,0.9997573494911194
53827566-b9bb-4b96-b848-5dc05cd74b4f,very very bad response 😞,1,NEGATIVE,0.9996829032897949
ca95362e-845c-41e4-bc47-18709eadb6d8,good,5,POSITIVE,0.9998161196708679
8eea263b-e6ea-40a6-ae07-80edcf83a7c3,good,4,POSITIVE,0.9998161196708679
b20c6b90-5b62-413d-bdd4-3c3b4be5dbe2,good,5,POSITIVE,0.9998161196708679
9d14ba29-b05f-48b5-9eaa-8d2e001885d4,worst service,1,NEGATIVE,0.999795138835907
852f82c0-fac0-47cc-bda6-dde36c909f37,let me get my food 1st,3,POSITIVE,0.9588099122047424
e448a630-24a7-4fa7-a6c1-7f22da42920d,no support for customer they just need money i ordered a chocolate cake recieved cheap quality cake with some white cream spoiled complete birthday vibe. when i complained on app no response. very bed service.,1,NEGATIVE,0.9992125034332275
238a526d-93e9-4d9c-a0ca-22c7d14726b6,excellent work 👏,5,POSITIVE,0.9998600482940674
4349948b-75b3-445e-b59b-28e2f17e2333,worst delivery experiences with empty promises. their promise of delivery time never works.,1,NEGATIVE,0.9998204112052917
b660d190-2a61-4cc7-b114-f0bfb6d3084f,love it,5,POSITIVE,0.9998753070831299
3f952ac7-a3d2-4361-9072-9f5b084bafcc,"⚠️ warning before using swiggy. ⚠️😡 i paid ₹332 using amazon pay balance for a cancelled order. 💸😠 swiggy charged all my money and left me with no refund. 😤💔 when i contacted support, they kept repeating their policy instead of clearly explaining my case. 🗣️🤷‍♀️ before you confirm a cancellation, carefully check the refund amount. 🧐✅ if it shows ₹0, you could lose your entire order value. 🚫💰 very disappointing customer service. 👎😔",1,NEGATIVE,0.9997617602348328
dce6f204-d783-4960-80a1-00167fe28262,give some offers please,5,POSITIVE,0.9991521835327148
f302656b-d9b0-4929-ac5c-1e8cca3ecbec,good,5,POSITIVE,0.9998161196708679
50302682-efe7-4080-8e35-fbcda5016513,"very disappointed with the product and the support from swiggy instamart. i purchased a boat rockerz 255 pro+ on 20th may 2026 through instamart. the product was used very rarely, but now it has completely stopped working. it is not charging and does not turn on at all. i have already tried contacting customer support, but i am not getting any proper response or resolution. since the product is still under warranty, i expected better support from swiggy instamart. please look into this issue a",1,NEGATIVE,0.9989135265350342
d531b77b-500f-4276-a18b-d5517dd992d2,beutyful,5,POSITIVE,0.7119132280349731
8fcddbbf-bd61-4656-9958-f65758651607,good,5,POSITIVE,0.9998161196708679
5fc67a22-a2f3-4e2d-b7bb-4204fc2a02df,great app i love it 3 pm cash on deliverys 😃,5,POSITIVE,0.9998130202293396
133253f0-2cb6-48e0-bd58-9d792a5dccd1,very good app for food delivery,5,POSITIVE,0.999816358089447
0d8d3ebf-ddd5-43aa-aa87-4a309dc405cd,good. bt not the same amount after all added in cart,5,POSITIVE,0.9906501173973083
c7210363-00f2-499f-a7fd-ab2a2625f879,timeing is very good 😊 after 12 pm,5,POSITIVE,0.9996976852416992
c83e4e0e-0ecf-4cee-83f7-29fdbad16e58,"god only knows why their customer service team even exists. note to the swiggy team - don't reply to this message asking me to reach out to you with the issue details. if you want to address the issue, please reach out to me.",1,NEGATIVE,0.9892423748970032
9e317e88-86d5-453e-a335-a48dd0dd48f4,good,5,POSITIVE,0.9998161196708679
4e55100b-0369-4a67-ba75-f1a4e89be2d2,good,3,POSITIVE,0.9998161196708679
747130e7-6908-4745-a9ec-742cd15a5d34,good,5,POSITIVE,0.9998161196708679
1670bd84-8917-4110-80a6-4aa84183a4f7,on time delivery 🚚 good food affordable price existing offers 🫴 proud of you swiggy team workers 💪,5,POSITIVE,0.9978463649749756
026ba58e-5932-4d99-acb6-7be2fb74f7d9,best ever,5,POSITIVE,0.999841570854187
66de1521-7de6-45cb-813f-95ba74580552,never on time. they write delivery time and exceed by double or more time & this is not 1 of experience. partner will not b assigned until almost when the expected deliver time is over or exceeded. later partner wil b assigned but it wud show preparing order at resturant. partner wil not respond to the calls and whenever u get the order the partner wud say he never received any call. swiggy support wud only say we will resolve on priority. under no condition a cancel / refund option given,1,NEGATIVE,0.998651921749115
6cc29f2d-56fd-4970-a821-54c99455df09,ok,5,POSITIVE,0.9997851252555847
7a8fa4a2-9003-4a0a-9332-9cc3d00033fd,last week an order was delayed that and i had ordered 2 different items from the same restaurant and they sent me same items twice. to compensate that swiggy gave a coupon to compensate and to use at the same restaurant within 7 days which won't work as every item on the menu is discounted so that you can't use any coupons and the customer care will keep bluffing you with apologies and false assurances. seems like a fraud.,1,NEGATIVE,0.9996370077133179
20e020c5-64e3-4de6-9f37-6df60dd7556e,very good,5,POSITIVE,0.9998520612716675
6e289cc8-8f9d-4138-af79-2a8c13f3e98a,good 👍,5,POSITIVE,0.9998576641082764
7f4174e5-75d8-408b-8b2b-701dccfc04c7,service is very low quality,1,NEGATIVE,0.9995625615119934
41830bcd-3f73-484c-b34d-c2186d9a147d,pathetic delayed service.. takes extra money in name of fast delivery & is always late,1,NEGATIVE,0.999721109867096
1113d3a2-b4be-4415-bd25-97135413dc46,"order placed on 11 august at 11.45pm from one restaurant, delivery partner is not responding to call, so i had called to restaurant and i came to know food has been ready by 12 am, delivery partner has not reached. i had called to customer care about my order for 3 times, but no use they are helpless. please don't use such waste application.",1,NEGATIVE,0.9970428347587585
239e22a3-f828-4fbe-a552-919d918692d8,good service,5,POSITIVE,0.9998499155044556
ab9e2cd3-9989-47fe-979d-7c9d58d498b4,nice,5,POSITIVE,0.9998552799224854
9dbf019b-79a8-4480-b4ec-8f07b389cb94,good service,5,POSITIVE,0.9998499155044556
0f509924-bbcc-4e7d-9b64-4aeccef377da,swiggy chat support (ai) is useless,1,NEGATIVE,0.9998103976249695
3e94e62d-33f4-4dd3-bb65-1d72ee87f74b,great service,5,POSITIVE,0.9998434782028198
d5e20bc2-6b6d-4098-8fd1-056c26101e59,nice sirvice,5,POSITIVE,0.9998074173927307
2c738b29-dfbd-415b-94d8-4898bb720c84,excellent,5,POSITIVE,0.9998434782028198
530fcaf6-7dbe-4904-8485-4ef9aac90d37,nice,5,POSITIVE,0.9998552799224854
74dac0e6-0eb5-4620-a3a4-71bd3900c9d8,"one of the worst services ever. i ordered food at 10:54pm. waited untill 12:20am. tried connecting with swiggy associate was not responding to call. support team said, they will assign another associate, but they later cancelled the order without any communication. those who order food after 10:00pm. please be careful. or else you have to sleep hungry with empty stomach.",1,NEGATIVE,0.9997696280479431
15fba36d-ed02-4fe7-9112-226483b40e96,super,5,POSITIVE,0.998783528804779
b0a3ed23-eaaa-4c28-99df-f42cb27c42a7,always worst behaviour application,1,NEGATIVE,0.9997938275337219
d051ec0e-7275-41f4-acf5-77e12cdd222b,nice,5,POSITIVE,0.9998552799224854
071f9335-cb34-41c5-91fa-790929801dcc,good 👍,3,POSITIVE,0.9998576641082764
ebb673d1-bbed-440d-8bea-c5f97ea7a909,worst experience ever i ordered food late at night but my order status was stuck on your order is being picked up they wasted more than 3 hours of my time and then suddenly cancelled my order by the time they cancelled it it was already too late and there were no other restaurants available for late night delivery on swiggy i had to go to sleep without food that night absolutely terrible experience swiggy seriously needs to improve how they handle delayed and cancelled orders,1,NEGATIVE,0.9997727274894714
233fbbb3-4e0d-463b-b29f-9aa0e90632ab,"my experience with this order was extremely disappointing. first of all, the delivery was significantly delayed, which resulted in the food arriving cold and not in proper condition. the packaging was also not up to the mark, and it seemed like the order was not handled properly during delivery. the food quality was far below expectations. the taste, freshness, and overall quality of the food were disappointing, and some items did not seem fresh at all. on top of that bad app don't try it.",1,NEGATIVE,0.9998038411140442
d67cd026-3e68-4562-8dac-19587513c4f1,ok,4,POSITIVE,0.9997851252555847
9c1a931a-149f-4b6a-a92f-cc02dc4d8d90,very good 👍,5,POSITIVE,0.999870777130127
0a11ae1c-8204-4e50-bbb9-451e4a4aff89,"very bad experience. food quality was very bad, food portions was very little, customer service is very bad. they took 2 hours for my complaint and did not resolve it and disconnected call in b/w. very bad experience. do not use this app rather use zomato much better service really.",1,NEGATIVE,0.9997901320457458
27331693-a1ba-46ab-ae00-bc807a6eb246,worst support,1,NEGATIVE,0.9997816681861877
95eb2962-4852-4e9b-9760-d6858dc0e16f,good,5,POSITIVE,0.9998161196708679
5b86b859-fbe1-4eae-946c-417a87800c32,nice filling show in my face me apply a first odear in sweegi platform,5,POSITIVE,0.999562680721283
d4fb9182-61f6-4957-874d-0bb7b1e9f472,good i was in a hospital for emergency at night thanks to swiggy i didn't strave to death that day,4,POSITIVE,0.9947155117988586
7ab9e8ab-8a56-44a3-ab3c-20dfa1453c03,"insta mart is good, compared to other apps, insta mart also delivers at 12 am. rating of 5 from me😊❤️💗",5,POSITIVE,0.9997045397758484
5a845138-1999-413a-a823-065d84fabd25,"all recent food deliveries required me to reach for help, as almost all the orders had issues with either items or delivery. and swiggy refuses to refund for incorrect delivery and just simply tells you to review the restaurant accordingly to ""help serve better in future"". how does that help with the current issue where the customer paid for an item and didn't get the money's worth! that's equivalent to choosing cod, not paying on delivery, and saying rate me bad. swiggy: will you take that?",1,NEGATIVE,0.9995241165161133
d0838685-d9cf-4c55-ae30-e643d7ffa209,"worst customer service experience. i received rotten tomatoes, and despite raising a complaint, i neither received a refund nor a replacement. extremely disappointing.",1,NEGATIVE,0.9998067021369934
c0a9c137-8d4b-4b97-a2db-6e11cf6ab278,kitna time lagega ordar me,5,NEGATIVE,0.8038526773452759
93c10dad-8685-4598-b6fa-8a9f81435273,can't find zero star.. worst service,1,NEGATIVE,0.9998086094856262
197a4516-73f4-473d-9879-43a717e019f1,my most rated food app for every vibe of taste.🤍,5,POSITIVE,0.9993372559547424
c2557206-7cd3-4fcc-9a0a-35ab4d17ae4c,cannot use the app anymore after accidentally tapping on scenes. i don't want any freaking scenes,1,NEGATIVE,0.9996071457862854
69799111-9b63-46ba-a2d4-946656aeab05,good,5,POSITIVE,0.9998161196708679
f2fedfc7-3084-47e0-8bbe-e8b020b58102,very good,5,POSITIVE,0.9998520612716675
da85d455-8da7-42fd-85c6-fb716182e5b3,worest app here lot of scams are there customer care not available to solve the solution,1,NEGATIVE,0.9995031356811523
158155eb-a947-455e-b5af-21aca9c10bea,good 😊,4,POSITIVE,0.9998576641082764
fbcb2330-3799-485e-8d9d-b371c74dfb06,best,5,POSITIVE,0.9997941851615906
b43b3d47-c7cd-43a0-a87d-b19b10cae6e1,nice experience,5,POSITIVE,0.9998632669448853
ad25acce-e04a-4533-bf01-8f67f25dd959,worst customer support team.,1,NEGATIVE,0.9997885823249817
c432afa4-f27d-4f3d-b087-258c03554a40,poor delivery service 1 order needs 1 hr+ time 😂 i suggest to people they purchased by themselves not to depend on this delivery service.,1,NEGATIVE,0.9994169473648071
c710c8f1-84bf-46bd-94c0-28725e06389e,good job guys.,5,POSITIVE,0.9998342990875244
fab1ed91-a2cd-4df4-8b8f-5c72f2a0ecc3,useless app no customer service response their chat agents not reply on time there is no call option their delivery partners cancelled the food delivery according to their mind no transparency no proper way of getting refund just wasting the time and money going to uninstall this useless app,1,NEGATIVE,0.9997854828834534
b2d4990f-61f7-4099-b3d0-647292ba7710,great,5,POSITIVE,0.9998630285263062
92eeeade-38a6-4f36-96db-d816b6490270,"thieves, scammers. the delivery man took the money to exchange it and did not come back stole my money. i wrote to them, i called them, they promised to return it, they didn't... worest app",1,NEGATIVE,0.9717954993247986
a03f7877-13c2-4ff4-b36a-60c6de407df9,"disappointing experience – very slow service i had a really frustrating experience with swiggy. the app initially showed that my food would be delivered in 40 minutes, but instead, it took over 1 hour! the delay was without any proper update or communication, which made the situation even worse. as a customer, timely delivery is the most important thing, and this kind of delay defeats the whole purpose of ordering online. swiggy really needs to improve their order accuracy, delivery timelines,",1,NEGATIVE,0.9998131394386292
619cfcd5-b674-4b92-beb9-2d6650b04037,"ordered amul tricone chocolate gold and dark chocolate,both were melted around,frozen in the middle,cone was softened and very sensible to hold and when contacted the help and shared the photos of the issue, there was an automated message being shared stating "" they are unable to validate my request"" and finally ""the customer should pay for the things ordered and if received damaged items, the customer himself should compromise as if we have offered food for free"". swiggy shouldn't do this.",1,NEGATIVE,0.9985116124153137
e739ec1e-2f2b-44d4-b294-4d617807348c,nice 🙂,2,POSITIVE,0.9998424053192139
662ada5d-53d5-496c-bece-ef05735d76e3,worst customer support ever i placed an order they didn't deliver it and marked as delivered i tried to connect with customer support they closed the chat without any resolution,1,NEGATIVE,0.9998038411140442
95f41684-9b16-40b1-8eb5-7a6fdda16e46,2 hours taking to delivery the food and when i am asking the delivery person man is saying my order was in police control room. when i msg to the help section the man is saying if i take the order he will give me food voucher of some rupees and the still will take more 3 hours . if you are so hungry and need food early don't believe in swiggy. it's the worst became now.every time i got the food delivered the delivery person ask me directly for tip.... pathetic......,1,NEGATIVE,0.999750554561615
6d93e586-5a1f-4076-b78c-0d5bb16907e4,late delivery and not a good service,1,NEGATIVE,0.9997997879981995
586bc1e7-816f-48fc-80e8-f025398c1df0,nice 👍,5,POSITIVE,0.9998424053192139
6c06bef4-f481-4af9-aca5-31d3f05b276c,worst application there is no immediate response please don't buy this any product from here every product they send is unmatcheable and expiry also,1,NEGATIVE,0.999788224697113
6ae8c018-9432-4221-843c-71b4ab024c49,good 👍,3,POSITIVE,0.9998576641082764
5f4a5ed5-9b87-4155-bec5-efa6d2655ead,swiggy instamart located in bhera enclave paschim vihar is delivering expired products beware dont fall for their schemes and offers its all expired and low quality stuff,1,NEGATIVE,0.9976708292961121
160442a5-2135-453b-a132-602f9fcf29e0,good,4,POSITIVE,0.9998161196708679
e3cdecdd-5b08-4f94-8bb7-a5f9b14cc212,worst app to order i ordered food but it was not delivered as i ordered and after chatting with bot it refunded me less than it charged.......uninstalling right now better ll order from zomato,1,NEGATIVE,0.9994390606880188
5c8631aa-e5ce-41f0-b080-920d3852cd25,very good,5,POSITIVE,0.9998520612716675
8f29505c-790a-4629-86c2-3bc1aa0379d5,good,5,POSITIVE,0.9998161196708679
84706467-e20e-413b-a65a-15d0c32684a3,worst.. ordered item cant be reciven in full quantity... some items in order are missing everytime ordered... this is reduculas every time is the same problem realy its very disgusting. its the 3rd time i ordered and i got wrong... ill never be ordering it again zomato us better than swiggy in every concept... zomato takes time bt delivery is better then swiggy.,1,NEGATIVE,0.9997493624687195
28655731-e031-4456-bb79-ce1e807c506e,good,4,POSITIVE,0.9998161196708679
a75f4900-b709-40d6-a191-297d55940772,bahut hi ghatiya service hai aapka. 1.30 ghante ke baad cancel karne ko bola aur cancellation fee bhi kat raha hai. court me milna hoga kya mahasay,1,NEGATIVE,0.9918575882911682
980ef5b8-67dc-4f40-ba1b-b08eb49ec40b,excellent,5,POSITIVE,0.9998434782028198
c9e12b42-71c6-4a36-9812-acfc052992b7,"don't order food from swiggy .. orders are not delivered on time .. they assign you to ai chat box for complaining .. very bad experience.. one delivery guy , making multiple deliveries... your charging each customer for delivery charges.. it is 11 th august 2026, ordered food around 9.15 pm from restaurant hardly 10 minutes from my place. got delivery at 10.15 pm.. very poor service...food delivered absolutely cold 🥶",1,NEGATIVE,0.9997643828392029
d7970a93-1fbd-41b9-9cdb-ebd895ac2512,very bad...dint even select payment but order has been booked,2,NEGATIVE,0.9993763566017151
a1a5f4cb-1942-404b-b0e9-1e2b68b73576,ok,5,POSITIVE,0.9997851252555847
0877fecc-a4bb-421c-a40e-2baeff1324c2,super,5,POSITIVE,0.998783528804779
80f7a399-6547-462c-aaf9-0181edc9d31e,"pathetic service, the rider spilled the entire order and flee the scene",1,NEGATIVE,0.9995689988136292
a2cd558f-58da-48b8-852d-0117a2fd663a,"⭐️ 1 star – poor customer support very disappointed with swiggy’s customer support. i raised a genuine issue and clearly explained that there was no fault from my side, but instead of properly reviewing the complaint, i received a generic response saying that a refund could not be provided. what’s worse is that customer support has now stopped responding altogether. no proper explanation, no meaningful resolution, and no response to my follow-ups.",1,NEGATIVE,0.9997068047523499
7ad9552d-e769-4d69-9957-a2ca9e4e7690,very good service,5,POSITIVE,0.9998648166656494
3ebf1544-1d2e-48bd-ac29-62794287c1a8,ordered bread from instmart.had fungus and insects.customer care only said we regret.,1,NEGATIVE,0.9932515025138855
2fdd2a00-9210-47a4-bcd3-e1b71ac49780,good service,5,POSITIVE,0.9998499155044556
87bb6817-533d-4607-8263-1dd759cb3c15,i ordered phulka at the kovai kitchen the phulka was good and soft cooked well thank you kovai kitchen,5,POSITIVE,0.9997872710227966
96d6f817-c310-47b3-86e0-f2000badaa3a,"i placed an order delivery partner pickup and absconded, not lifting my calls and the swiggy team was also not able to reach him. the customer support team simply said we can refund the amount, will they refund the time and hunger and patience?",1,NEGATIVE,0.9997836947441101
9786bb58-6b9e-479f-9d38-c17f49d30f7b,"worst ever customer service ever, delhi swiggy help is the worst. if you are in delhi i recommend choosing some other delivery apps like zomato the food is even cheaper there",1,NEGATIVE,0.9998032450675964
5fc3fd9c-43f8-428a-bbd1-89922cc2cc34,ok,5,POSITIVE,0.9997851252555847
6a690153-39e6-4640-89e2-606f0d826684,price to may high,1,POSITIVE,0.9886146783828735
80eb8d96-dcfc-4071-a31f-084216cca30e,not good delevery and service for costumer,1,NEGATIVE,0.9996969699859619
c998e8a9-03b6-42c6-9345-1afc1efb9f10,very nice,5,POSITIVE,0.9998563528060913
2c9488ac-cddf-40a3-9a0e-37ace181547b,ok,5,POSITIVE,0.9997851252555847
73a07880-1024-4ea3-b744-30d94c7e9b97,thank,3,POSITIVE,0.9998283386230469
be930bab-9c07-48a9-aa04-329cfc44ab15,suuuuuuuuparb arun,5,NEGATIVE,0.9890678524971008
d091264c-b524-4d00-939f-b185ac4d5b32,should at least show the estimated time its completely inaccurate,1,NEGATIVE,0.9993355870246887
85f505e0-0557-42c0-afc2-dfc069b779d2,better price than zamato .,5,POSITIVE,0.9486684203147888
b7c942e1-e181-432d-817c-ed00a4bbd096,best 👌🏻,5,POSITIVE,0.9997019171714783
0c838c00-48a2-4a38-ba43-9dc5cec63db8,good,5,POSITIVE,0.9998161196708679
9af545cf-5ffa-41cb-85bf-80b1360c8cdf,taking too much time to deliver,3,NEGATIVE,0.9997186064720154
6383a97e-7767-408b-a678-e05a33ebcbbc,nice,4,POSITIVE,0.9998552799224854
c24ec374-41a0-43cc-871a-6145c9e74723,where is my refund frauds,1,NEGATIVE,0.9991275668144226
8faab2d3-a34c-4b89-b87f-52472b7de084,realy great service,5,POSITIVE,0.9998812675476074
026f12a1-f8ee-4012-ac3b-aeed549b0d81,first time swiggy order,5,NEGATIVE,0.9736114740371704
0876333d-1331-473e-9d24-f0db55cd7f34,👍 good,5,POSITIVE,0.9998576641082764
5fa7a7e4-c27c-4a3d-9e43-6400a4289bd2,very bad service 1 ghanta se wait ⏳ ho raha hai abhi tak delivery nhi huaa 9:25 ko 7 min mai delivery hogi lekin 9:38 ho gaye ab 6 min dikha raha hai ❌❌❌❌,1,NEGATIVE,0.9994605183601379
6b9fc607-eb19-4626-b50f-79b08726a54c,good,3,POSITIVE,0.9998161196708679
cb977cc1-48e0-4877-92aa-bb27900bcf61,best,5,POSITIVE,0.9997941851615906
489c78dd-9730-4c22-9dae-6f02dd17a314,it is adding more hidden changes,3,POSITIVE,0.987046480178833
b520731e-e417-4b45-9886-5c90fca6046e,good,5,POSITIVE,0.9998161196708679
75f38cc1-f870-4499-a548-39a54a5f215c,good,5,POSITIVE,0.9998161196708679
2240899c-4863-4f2b-8082-1ccc38f206b9,good,5,POSITIVE,0.9998161196708679
e830ce7d-2c5f-49bc-8514-61a36ee3e771,"all they have is many restaurants , new offers on daily basis specially on a very cheaper rate. when you order something they will ruin your expectations then your taste buds after this if you are expecting a fair decision after consequences whatever happens to you regarding your food issue or food delivery issue all they had to say is we can't help in this situation rate restaurant totally worst experience with swiggy",1,NEGATIVE,0.9994674324989319
e7382def-35da-41a1-a10f-2d0ae0ed6460,nice test 👍,5,POSITIVE,0.9994396567344666
826c4ded-7b58-427e-a252-4962b54b7c27,good,4,POSITIVE,0.9998161196708679
6493e152-6390-4ac6-88b0-c3a348d34a86,too muchh charges,1,NEGATIVE,0.9977967739105225
4969cfa1-3e14-4b1a-abb6-01f832d475a4,super 👍,5,POSITIVE,0.9331684112548828
5a607816-227a-4103-9c50-7c4486951f1a,"this is absolutely unacceptable. the delivery executive has clearly mishandled my order and falsely claimed that the food was spoiled, then told me to contact the restaurant himself. he is now not answering my calls, and i have been left waiting for almost an hour with no proper resolution. what is even more frustrating is swiggy’s customer support. i have repeatedly tried to contact support, but nobody has called me back, nobody is answering, and there is absolutely no effective assistance.",1,NEGATIVE,0.9997590184211731
22f24b21-cdbc-4540-87cc-acd82828e26a,excellent 👌,5,POSITIVE,0.9998458623886108
58b206a0-805d-47a4-8746-83aa1fd33728,number 1 worst app this because the 79 veg biryani not there why why i want to 79 veg biryani i am not eating at night till morning because of swiggy why why tell,1,NEGATIVE,0.9997828602790833
fd2d6e8c-2f27-4610-9219-cfe4c6aa69ba,no cash on delivery is available at the movement,1,NEGATIVE,0.9992326498031616
413dcee7-ac1a-44c5-8bc0-e1fcbd1230f4,loving it and the user experience that is given.,5,POSITIVE,0.9998735189437866
715dd90a-1f52-46f1-b5a5-060935dfe999,"ordered food which shown 30mins delivery time, food came after 95mins, when asked delivery person told order was clubbed with another order which was far away from my place and in opposite directions. food was cold we finished our dinner before food delivered customer care representative offered small tip for their blunder, i insisted for full refund, but didn't not get anything",1,NEGATIVE,0.9992119073867798
5040b4f8-4292-4df2-b09c-9c2c5c04d287,super order thank you for swiggy delivery,2,POSITIVE,0.9973341226577759
a619eb34-f169-484a-a381-26e9da76c735,love this,4,POSITIVE,0.9998822212219238
f462f62f-c9ee-42ca-b3ec-ef59fab0f2fa,"what is the purpose of ordering food from food delivery apps, if i need to cook my salna at home. atleast you could have mentioned no side dish or gravy included.will you people eat food without side dish. how it's not your fault. packaging is not sealed, stale parotta. at least if your food tastes good i would have not escalated this issue further. horrible experience from your side and app.it's better for me to uninstall my app. good bye.",1,NEGATIVE,0.9973592162132263
294ce63d-1acb-4adb-bbc1-3d24fb633b0e,good,5,POSITIVE,0.9998161196708679
c09956ba-5b1a-4a9c-b679-d7d413927828,good,5,POSITIVE,0.9998161196708679
af6c2599-b05a-4070-abaf-528cda256d85,cancil my order wrong adress,1,NEGATIVE,0.9970188140869141
71fbba02-b263-4227-983f-5efe51a81c8e,ok,5,POSITIVE,0.9997851252555847
346aadff-a8b4-4a5d-bdd8-425afff113a5,nice,5,POSITIVE,0.9998552799224854
70caa427-9eb9-4477-954e-c1a1325e563b,good 👍,5,POSITIVE,0.9998576641082764
f87b7430-1ebe-469d-8f5a-134a88986874,good,4,POSITIVE,0.9998161196708679
40156141-592a-45dc-bae2-233bf4f8e24d,worst food delivery app. the order initially shows it will take 45 mins to reach. then they take time to find the delivery partner and when delivery partner is assigned they take multiple orders which extends my delivery time to 1 hr 30 mins. they don't value for our time and money. such a big network can't hire more delivery partner.,1,NEGATIVE,0.9996674060821533
27188aa5-ddf3-42c0-bd5c-259f3bde5c7e,good,4,POSITIVE,0.9998161196708679
dedf3c59-9d3e-46e2-b03a-007681f107a4,thank u,5,POSITIVE,0.9998247027397156
8c381e6b-8f06-4b04-a689-8b4a37d838e2,super,5,POSITIVE,0.998783528804779
e8adb01f-0d63-4cb2-8714-799bad6af8d8,smart app,4,POSITIVE,0.999789297580719
85754e12-0251-4ed0-9ee8-c37632c8eabe,super,5,POSITIVE,0.998783528804779
7fd45cc2-386d-4bcc-8c11-645237608654,good,5,POSITIVE,0.9998161196708679
acd46981-f462-4a01-bfd2-7f99a1718248,good,3,POSITIVE,0.9998161196708679
4afa5482-94ea-4b20-bf7b-53514a4865ce,"very disappointing experience with swiggy. this is not the first time i’ve faced this issue—my order was delayed for almost an hour with no delivery partner assigned, while the eta kept increasing. this has become a repeated issue and is extremely frustrating. swiggy seriously needs to improve its delivery and customer support.",1,NEGATIVE,0.9997124075889587
0735ab4b-063d-4ac9-b06b-be843616a714,good,3,POSITIVE,0.9998161196708679
2e051ba3-fb4a-4cb4-baea-97e46dd4bda1,good,5,POSITIVE,0.9998161196708679
cb3aafbf-b53f-4402-a90d-f459ff83955c,very good,4,POSITIVE,0.9998520612716675
0aece9bb-b542-4918-8cd6-bd49c77411e8,amazing,5,POSITIVE,0.999875545501709
08758fd5-574a-46d0-a453-2ad250f3246f,good 👍,5,POSITIVE,0.9998576641082764
d6b52519-77ba-4ea8-b29b-589173c2f1b4,nice,5,POSITIVE,0.9998552799224854
e5f30fa2-1de4-43cc-bb2d-e280fc3ac676,good,5,POSITIVE,0.9998161196708679
2265599b-dea1-4af5-afec-0e5c582633ff,fabulous 👌,5,POSITIVE,0.9998513460159302
3fb6a510-804f-4c4a-b56b-3c8f3a3c0472,"this shows delivery partner will pick up the package by 5mins but for last 10 mins, showing as 5mins. if you can't delivery in time. don't try tool the customers with fastest delivery also dont advertise misleading",1,NEGATIVE,0.9864687919616699
20e434cf-30c5-417c-89b8-64cc66d10034,thank,5,POSITIVE,0.9998283386230469
93e5bbaf-156e-452c-82db-cbd3cc90e539,glitch in the android app. when i click order status it exits me back to main menu. i can't check the location of delivery person. but ios version works.,1,POSITIVE,0.9287081956863403
b06421c8-a7a2-4fc3-9938-4f151c08bff3,flawless service 😀,5,POSITIVE,0.9997968077659607
6a57529f-8f55-4f84-828f-e0e2f35593f8,good,5,POSITIVE,0.9998161196708679
748a5e6f-cddc-48db-8a26-befce54cf901,"not worth of money as delivered, charged more...and delivered item quantity less.",1,NEGATIVE,0.9997683167457581
6f7aae79-2cb8-45af-9d32-3f694d6b776c,good,5,POSITIVE,0.9998161196708679
0967fa11-8e85-4174-998b-883762298f2e,"worst online ordering app as i have clicked by mistake for order i want to cancel the order but the swiggy app tells the order is preparing as i have make cancellation just another sec but the cancellation process is worst i am deleting this app , worst app",1,NEGATIVE,0.999810516834259
c468a6ea-977c-403e-a05e-a2a12c33d922,app was very good. but only 3 stars because of they can't give option to see other customer reviews. it matters most to ensure food quality & quantity. please add this feature to see others reviews... many restaurants are giving duplicate images & description about food. reviews helping customer to select best food.,1,POSITIVE,0.986674964427948
f9da2fdf-b5ad-4ead-bc43-5648ff81a71f,noice,5,NEGATIVE,0.9871197938919067
9ba033e8-a778-4a58-95a4-b0502bdd06bf,amazing app,5,POSITIVE,0.9998670816421509
b06b548b-bcaf-4dd4-b684-8195ee20d39e,good,5,POSITIVE,0.9998161196708679
4058b018-17bb-4179-8b7c-ee1067e5d7b2,delivery always late and pathetic customer care as all ai responds.. they don't understand anything just reply with automated msgs again and again..,1,NEGATIVE,0.9997069239616394
f1368912-67b4-42c2-be45-19b19c6dd3ac,"changing my review for swiggy it was a great app for past few month they are charging more than expected basic fees it too much, i spoke to resturant they told me swiggy charges all the extra charges and then it charges customer again with the same gst and packaging charges which makes the price even higher even after adding discounts. there is no more customer satisfaction. what's the point of swiggy one the benifit are worthless.",2,NEGATIVE,0.9995823502540588
2cb17b53-d27a-49e7-b0dd-82028112c4c3,good,5,POSITIVE,0.9998161196708679
9dcb2e22-9052-44d0-bd8b-f2ddbd50ff93,good,5,POSITIVE,0.9998161196708679
b4450ded-70e5-42be-8eff-970b914000f1,good work,5,POSITIVE,0.9998413324356079
fcfdf6ed-2ece-424f-a9de-04aaa576024a,good offers,4,POSITIVE,0.9998250603675842
577e51a4-e9bf-4cec-8dd7-635a06e4dcee,good,3,POSITIVE,0.9998161196708679
c12f6763-cd9e-45c0-8f0e-aa9649ec6773,good,5,POSITIVE,0.9998161196708679
327ae7eb-d1e7-4730-8f99-41f80d1aad6c,very good,5,POSITIVE,0.9998520612716675
9f706563-2865-4e0e-8dcd-1be49493fafd,ok,5,POSITIVE,0.9997851252555847
8a6dce7a-c6d4-4ef1-b767-de628819845d,good test,5,POSITIVE,0.9998237490653992
4b525675-b7c3-4edc-95f9-32002b7e5ef1,refund option which they give is a time taken process and it's very late process upi option is removed and it is making a hassle swiggy partners on cod take extra amount than the usual bill,2,NEGATIVE,0.9995580315589905
eebb16fc-b08f-4ee6-a51d-84f84dada1e1,good,5,POSITIVE,0.9998161196708679
359ff03e-68af-44cb-87f9-cacbc5e61691,it's good in this app every month or week comes special offers,5,POSITIVE,0.9993033409118652
3d041fca-c6e1-4f30-bf14-af525af829c0,worst app i've come across... i've ordered food but after sometime they told me to choose an alternate food because they don't have availability of the food which i ordered...so i've told them to cancel my order and refund my money ....after sometime the app was showing me that the money got refunded ....but when i checked my bank account it was not there .... moreover when i opened this app to complain about this in help centre they were directly giving options instead instead of resolving .,1,NEGATIVE,0.9997074007987976
cec95301-b01c-4089-839a-69c0ea254679,nice,5,POSITIVE,0.9998552799224854
7f944f20-b6ac-44dc-94b6-1fa931fff71a,good 👍,5,POSITIVE,0.9998576641082764
58369b9d-48a8-48b2-b47a-92998d469ee1,ok,4,POSITIVE,0.9997851252555847
4818c622-0544-46ac-aa06-7e2c4f15eb41,good,5,POSITIVE,0.9998161196708679
bafcfcc6-432d-499b-9048-551440e04ca6,good,5,POSITIVE,0.9998161196708679
891a608d-5bdf-45bf-a7aa-ecdfb023526e,good,5,POSITIVE,0.9998161196708679
a55f709b-13a3-4982-81b6-412522597a27,delivery person delivered food very early. so nice,4,POSITIVE,0.9996874332427979
0853f0e0-d283-43f2-b16b-735eaec78a1b,"good ,low price charges",5,POSITIVE,0.9997690320014954
3aa36b92-c606-4312-96e2-ecd6548cba8a,the service e associets are the real reason this company has so many detractors... pathetic service and no follow through... better handing money to a scammer... at least we know it's lost not wasted...,1,NEGATIVE,0.9947516322135925
708d35f7-9795-4580-b5de-0e905bfb3390,super,5,POSITIVE,0.998783528804779
b1291c36-c170-48c3-b330-9685ed83deff,good,4,POSITIVE,0.9998161196708679
521a7ccb-5795-4353-89f3-ae875af70f69,zomato is ordering same palak panner for 380 and swiggy 550 worst experience,1,NEGATIVE,0.9997648596763611
43b9c7c0-bb64-4a97-a677-bdd771dccc78,thank,5,POSITIVE,0.9998283386230469
e4e4a66a-0dd2-4cc1-9712-07b571718d94,"5star to 1 star. swiggy should focus on training their delivery agents. they never deliver on time and many times i had to request refund. i don't wanna elaborate individual case study but trust me swiggy, you need a revamp. removing the app today.",1,NEGATIVE,0.9991105198860168
e5e683c4-24cc-456d-b0d7-3a0085fd005b,nice 👍,5,POSITIVE,0.9998424053192139
3e474094-17e7-4fca-9e97-119e3baf96fc,too high charges pls keep it low,2,NEGATIVE,0.9994957447052002
fbb5f5a0-3fe3-4e5e-9a47-02fcbf35cb68,cash on delivery option is not available 😕,4,NEGATIVE,0.9996017813682556
a909df4f-3e5a-455f-9c8d-520c65156057,good app,5,POSITIVE,0.9998493194580078
25b1c551-9acd-42f1-bb24-c53915306b15,good,5,POSITIVE,0.9998161196708679
7b138ef6-b953-44b4-8671-2026cdd26a9f,good 👍,5,POSITIVE,0.9998576641082764
16dd91e6-3275-44bf-8aa6-af1d3858d7ee,worst customer support possible. i spent 3000 on my order and they are sending stale food. when complaint they just close it without resolution. waste of money here. better to purchase from shop. uninstalling now.,1,NEGATIVE,0.999818742275238
4c83210f-3a3c-4a4f-b5c5-0660f72bb261,very good app,5,POSITIVE,0.9998675584793091
0cd46124-bcf5-4f1b-a12f-ec972e899c9e,"absolutely frustrating experience!they can never manage their delivery oartner fleet nor can the customer support be of any help. i have faced multiple problems ordering from here, i have to repeat the same problem over and over again to 3-4 delivery partners. everybody keep disconnecting the call whenever i ask for solution. all they can say is sorry for the inconvenience. that is the range of help they can provide. the timer on the app is rigged and keeps resetting everytime there is a delay.",1,NEGATIVE,0.9995203018188477
b8044b89-a6b1-4bc8-a37c-a79ce4ab0e88,nice,5,POSITIVE,0.9998552799224854
51d62fc4-daef-4817-b0fc-18748900c6b3,mast hai app,4,NEGATIVE,0.6399255990982056
0d214bf4-0c0f-40ac-a2ee-633931e48055,great,5,POSITIVE,0.9998630285263062
f9b8ec9f-4b43-4a1f-953c-9b4555172874,very good,5,POSITIVE,0.9998520612716675
a1cd8d92-2e03-4021-8d5b-e9a08dd7fbb6,wow,5,POSITIVE,0.999592125415802
9ec02cef-32f0-46bd-9d80-62f0bbf9fa7c,scam,1,NEGATIVE,0.9997352957725525
1f776622-e622-4d65-9e2b-b0c0e0be7b32,worst service,1,NEGATIVE,0.999795138835907
305424d2-8c77-41bd-9d8e-6fd6bfed689a,good,5,POSITIVE,0.9998161196708679
6aa05700-32ea-45d2-a330-6affbc65f015,bad,1,NEGATIVE,0.999782383441925
3e3dd55d-d346-4954-bbd8-24a963291e5f,nice,5,POSITIVE,0.9998552799224854
772a21ed-b715-43d7-b420-b041e9cbf073,best of the food delivery,5,POSITIVE,0.9995866417884827
493efcc2-d0b2-4cd9-a5c3-bfefcb6ee221,nice,5,POSITIVE,0.9998552799224854
1f817686-0ae9-4828-a467-ddc50eb64a0d,ok nice,4,POSITIVE,0.9998465776443481
a336e336-2a0f-4bb3-9ebd-ef557d68f777,sab se bakwas platform h ye,1,NEGATIVE,0.9878752827644348
1e2db94e-fede-428f-951d-b7af654b2b80,ok,5,POSITIVE,0.9997851252555847
3698066d-2fc0-453c-9aa8-563022604e8b,good,5,POSITIVE,0.9998161196708679
728374fd-dbb4-47a7-a270-c2cc943ff957,w dishes,5,POSITIVE,0.7936365604400635
36dd7cad-a3de-4227-8b08-b4c7db30984d,"reliable hunger solution. scheduling order is convenient, live tracking is precise and packaging is top rated.",5,POSITIVE,0.9993033409118652
2702f4d7-856b-4fca-849f-242bb2ce9434,i appreciate swiggy for their best customer care services and understanding the customer issues and resolution.,5,POSITIVE,0.9996147155761719
2c45cade-7328-454c-9491-c9e12e089009,nice,5,POSITIVE,0.9998552799224854
97480dc5-7f87-4e8f-a0d7-28dd5305e302,worst customer care..... restaurants send half items and we don't get any refund ever.,1,NEGATIVE,0.9998082518577576
d92393b1-8698-4453-b082-542b5c715413,love it,5,POSITIVE,0.9998753070831299
0b133326-450b-4f2b-a896-07948e72a2fe,super,5,POSITIVE,0.998783528804779
eae97504-ccde-4ac3-9350-3cc6452aa623,gud,5,NEGATIVE,0.8956558704376221
8e7c1ff6-3b4a-4121-9c7c-0f2f165a48dc,nice 👍,2,POSITIVE,0.9998424053192139
33dcee5b-b52e-4637-834f-9626e01b8a6b,super,1,POSITIVE,0.998783528804779
2da2fd6e-5e9f-4067-9c18-92db93704688,nicee app,4,POSITIVE,0.9976958632469177
d5dfcd32-9071-491f-b652-2ef70ff4aa26,nice,4,POSITIVE,0.9998552799224854
6bb1e7cc-8cc5-494f-a9eb-c50c397e44b1,i order an cake for ₹500 and i recieve the order then the delivery boy call me again for a same order of ₹500 when i say i recieve the order then they cancelled my order and give penalty of ₹500 and block my cash on delivery.,1,NEGATIVE,0.999221920967102
ea0d7fbb-200b-4ff2-b212-21f707dd8b14,"i placed the order by mistake, and the money has already been deducted. i tried to cancel the order within just one minute, but i was told it couldn't be done because the food was already ""ready."" how can food be ready in just one minute? now they are saying there will be no refund. anyone can make a mistake, and i simply don't need the food anymore. is this how you run a business—by cheating people? i admit i made a mistake. but if your app offers absolutely no way to rectify even a single err",1,NEGATIVE,0.99931800365448
67d992be-4edd-40c8-9762-d22fecce4563,good,5,POSITIVE,0.9998161196708679
8eef7dae-96ce-4643-9a5a-6320b5a39919,good service,5,POSITIVE,0.9998499155044556
8a96b9cf-8a28-47e7-8c2f-fa6d27089c72,is best cheez pizza,5,POSITIVE,0.9976785778999329
7978a583-88a4-44ea-81cd-af3cc813bcaf,bahut hi kharab h swiggy,1,NEGATIVE,0.9896785020828247
f0b1bac3-baa1-40f5-8046-fc9b358b0aa7,nice,5,POSITIVE,0.9998552799224854
3c04f62f-6e80-46d4-86f4-e02f7a7c6071,everything is well and good.,5,POSITIVE,0.999871015548706
c0811fcf-4f7e-4e1b-a158-6cff5cc25c8c,good,4,POSITIVE,0.9998161196708679
a5e97e0e-48f2-4d9f-b3e4-802f19e121d5,good,4,POSITIVE,0.9998161196708679
c90ef94a-9cba-4f39-863e-47e09460c2f3,very poor service provided...... too much irresponsible behavior....... purely negligence from their part...... so i lost trust and uninstalled the app,1,NEGATIVE,0.9998061060905457
bc407443-4a93-487a-8384-93b5ab06708c,ok ok,4,POSITIVE,0.9997230172157288
236fcdce-917b-4919-8405-20e8fff33d90,worst app experience i have problem with login every time i login it says too many attempts detected and login with previous one i am not able to login into my own account in my own device what can i do now just fix problem.,1,NEGATIVE,0.9997699856758118
22cc4fe8-d4d4-4806-b988-8f8ab36a4b82,"this app is designed by whizkids who do not want criticism of any kind, constructive or otherwise. there is no provision in the app for bringing any issue to notice. my instamart store is shown as closed for past 3 months. there is no way i can ask these whizkids when it will open. for help, you get faqs. their vegetables are underweight,they play around with the weights and measures act. a business of delivering goods cheaper than cost ???",1,NEGATIVE,0.9994926452636719
c502fff9-d7dd-47b2-a616-bb5477241f5d,"no customer support, got spillage food but no response from customer care, they simply closed the ticket.",1,NEGATIVE,0.9997773766517639
f6980d3f-80d9-4fef-938d-56c2bbd0b2d7,good service,5,POSITIVE,0.9998499155044556
f32c239e-080e-4612-9001-5fd95a31b451,gud,5,NEGATIVE,0.8956558704376221
0ab44090-f602-4c91-9e98-d1f853a3b3e4,worst these days ..my order was delivered very late for rains that too came completely damaged n spilt and they gave me a 30 rs refund ..worst customer care in the country us swiggy. useless bunch of executives who only talk n kill time,1,NEGATIVE,0.9998080134391785
c5ce19c8-e8f7-4e89-8149-9b780061ddbf,vary good 😊,4,POSITIVE,0.999659538269043
a8014d22-373b-4515-854c-da0a5818e138,i gave swiggy 1 star rating for their service because they changed the terms and conditions of the 'buzz' offer.,1,NEGATIVE,0.9864360690116882
7c33ccf1-4e5d-4510-aba5-3ba2c9e40515,swiggy prices needs to come down as it's listed prices are more than the double of the restaurant prices for some.,2,NEGATIVE,0.9985182881355286
eb1521f3-74c6-4d0d-aded-637241ce1e8d,just use less,1,NEGATIVE,0.9992819428443909
c6e5853f-5826-4a67-8d6d-553d46f56d93,nice 👍,5,POSITIVE,0.9998424053192139
d2ae269d-8bee-47f2-9672-414b8b1fa3d7,good,5,POSITIVE,0.9998161196708679
183421a0-0f90-4774-b855-63be1ade5d5e,good,4,POSITIVE,0.9998161196708679
32be1f86-dcfc-4c9b-86a5-9fc8c9948b95,very leate,1,NEGATIVE,0.691781759262085
30842898-417d-4f6c-98f7-143baf6cf43a,nothing my refund 😭,1,NEGATIVE,0.9996597766876221
467b61e8-288a-48c3-bdbd-4ba8f0c0c982,good experience and offers,4,POSITIVE,0.9998748302459717
f894e00e-c305-487d-8aa3-d22a249fcfe0,it's a very exotic app for food cravings where you get your mouth watering food.,5,POSITIVE,0.9977826476097107
2d7a1b3b-b6b1-4323-bc05-589a2625f330,mazza aa rha he. mera juice kha he,5,NEGATIVE,0.8738976120948792
38c652a5-1dc1-4884-bbae-160476db3b60,ek dam bekar app hai,1,POSITIVE,0.5661388039588928
19dc71a4-a18b-4482-a66c-b8d1f4c03d8f,good 😊,5,POSITIVE,0.9998576641082764
e2229277-e014-46f5-bfc3-b357ebb20a65,nice 👍,5,POSITIVE,0.9998424053192139
4db56d68-ad0a-4878-8490-760f2e27430f,nice,4,POSITIVE,0.9998552799224854
140d645c-d61b-42d8-8b67-5bcb35a44c3e,very bad app totally fake offers,1,NEGATIVE,0.9998007416725159
ad56ba86-cf5e-45a4-a719-c1fe1f019e69,good,5,POSITIVE,0.9998161196708679
1205bb82-9ee4-43ed-9409-45a6522eb0dc,ok,5,POSITIVE,0.9997851252555847
e240c417-f9a8-4451-9b23-966f0ed64b0e,rewari sweets is very best.,5,POSITIVE,0.9997168183326721
7dd85f49-aa5d-4a72-acf5-6a285bf8d381,"zero support in a crisis customer support is completely useless when safety is actually on the line. i had an appalling experience with an abusive delivery partner who was aggressive and out of line. when i tried reporting this, swiggy's ai chatbot trapped me in a endless automated loop and refused to transfer me to a human agent. out of options, i tried calling their emergency safety helpline, but the call wouldn't even go through. swiggy clearly does not care about customer safety",1,NEGATIVE,0.999754011631012
262059b2-ea00-48fa-9311-6e9d8d4ab3db,good,5,POSITIVE,0.9998161196708679
7b8b715b-4f9c-4502-abba-175ff4152841,swiggy is worst to deliver it takes more than 1 hour to deliver even the dish simple l.app says hotel is preparing your food.my foot 🦶👣 in this era 1 hour to deliver wow everyone will uninstall soon zato is fastest within 30 mins delivery is done and dusted,1,NEGATIVE,0.9994605183601379
80e616ed-4aa5-4a34-8a9a-6a5e6efc8b37,veer good,5,POSITIVE,0.9998238682746887
7b1f2c37-fa1f-4807-8760-ca55cb05c395,ok,3,POSITIVE,0.9997851252555847
a07423ab-56de-4e11-806f-594eda36c52c,"swiggy has lost its charm. worst delivery and customer resolution. i had ordered last time food but i received one less item but i was charged full. when i contacted customer care, they have now changed the process of immediate resolution. it is been 2 weeks and i still did not get any refund or resolution. worst app. if this is the case then i will not prefer or recommend to anyone.",1,NEGATIVE,0.9997095465660095
5598758a-fa15-4ec7-b9fe-a5ed85df17ec,good,5,POSITIVE,0.9998161196708679
561bec37-6aac-4012-a7a0-b8887e46b111,good 👍,3,POSITIVE,0.9998576641082764
133b1b3b-7951-4869-8ed8-0581b8c0beed,platform charge is to much,1,POSITIVE,0.930392324924469
c81c9b70-4831-47e7-b7a0-5058351a07ee,good,4,POSITIVE,0.9998161196708679
63b350fc-41c1-46d9-adc3-b4f93ddf242e,very reasonable price comparitively,5,POSITIVE,0.9177625179290771
c6a4ca92-6ff2-41ea-bacb-499a2b9e66fe,"bad, no worst customer service.... always on chat, no human contact ...even on repeated requests, no agent calls....they repeatedly dodge requests to talk to an agent.... no proper resolution.... kfc order is always late by 15-30 minutes ....lunch time is over by that time....best to switch to other platforms even if they are costly...atleast there will be peace of mind .. glad they listened to the earlier suggestion of adding restaurant addresses, though... anyways worst experience...",1,NEGATIVE,0.9995999932289124
283b6820-e342-4e62-81a1-106edaed98cc,super,4,POSITIVE,0.998783528804779
24db64b5-9b00-4455-bda1-09f1fc8fa4ab,super,5,POSITIVE,0.998783528804779
a4c8eb76-a0ea-4bac-92a4-ef0c98e15e91,nice 👍 looking forward,1,POSITIVE,0.9998750686645508
5bfcfe38-7184-448c-bdd5-d8a1292d8fa7,best,5,POSITIVE,0.9997941851615906
ab1de6a8-1bbe-48b9-8b3f-ad237a588918,very good,4,POSITIVE,0.9998520612716675
b9cbcd0b-ea8c-45d8-96b4-d866fb358b7e,nice 👍,5,POSITIVE,0.9998424053192139
941a479e-304b-4f38-b75c-ad9a4c6af3c9,super,5,POSITIVE,0.998783528804779
42bb09c4-aeef-4bfd-86b3-fd31a6087231,better than zomato prices,5,POSITIVE,0.9964191913604736
7d6307e9-1f11-40c3-8f5b-c90c7637d5d5,nice,5,POSITIVE,0.9998552799224854
49d57496-c251-466d-9dd4-bb8947db4727,super,5,POSITIVE,0.998783528804779
66062680-1ff3-4f2d-85d2-0833230da443,best,5,POSITIVE,0.9997941851615906
67620678-5569-4119-93a5-bdb55dcc0464,good,5,POSITIVE,0.9998161196708679
62748f0a-c0fa-4b6a-b8dc-8488b7b2a995,cash on delivery system chahie,3,NEGATIVE,0.9719409942626953
67f46432-bebb-4b1f-a938-389f2f98e7db,biryani super,5,POSITIVE,0.8895467519760132
2b5fcde5-459a-4118-b08c-b6526a57fcf8,excellent app,5,POSITIVE,0.9998356103897095
d31ec4a4-5f48-42ab-9f96-4057d4b4d08c,took 2 hours to deliver when expected delivery was 45 min in normal weather conditions. poor services.,1,NEGATIVE,0.9997571110725403
f43d660e-4dce-4f39-bfd2-64f9c21bc13d,குட்,5,POSITIVE,0.9627996683120728
c637150c-cfee-4274-8c38-ca90a041c96c,totally waste of time and money,1,NEGATIVE,0.9997749924659729
65361f26-e5a7-4a7c-8ddb-2bc6164eb3f0,nice,3,POSITIVE,0.9998552799224854
056c0033-1ce9-4f6e-806d-030a3b819a77,super,5,POSITIVE,0.998783528804779
7de81166-de47-494a-9d8c-020d3778580d,సూపర్,5,NEGATIVE,0.6970565915107727
53942d76-b6c5-4d31-a04e-3504e2c4c6af,all the orders are usually late,1,NEGATIVE,0.9907892346382141
afac81d0-95a6-4507-a838-b8985f266ab5,good service,3,POSITIVE,0.9998499155044556
d498b4d1-9132-45e1-90c7-69d012d640d2,good,5,POSITIVE,0.9998161196708679
cf51d039-2e9f-47c4-af8e-bfb8e2dea74f,worst delivery service could not deliver on time shown on the app..👎🏻👎🏻👎🏻,1,NEGATIVE,0.9997965693473816
9263a958-0c29-4e68-b4cd-10ad73301903,super,5,POSITIVE,0.998783528804779
122ab1bd-a11a-4660-af4c-605224465511,good 👍,5,POSITIVE,0.9998576641082764
cbd3b3b6-2eaf-41c3-a8e1-df3871a07c28,nice,5,POSITIVE,0.9998552799224854
488db74d-59a6-4e89-a927-7be35e3a417a,good 👍😊,3,POSITIVE,0.9998576641082764
20d7c720-2a9c-462f-8266-566ba00cd52a,your are supplied expiry curd it is very bad you co loosing faith,1,NEGATIVE,0.9997431635856628
87875adb-7404-4c5d-a4a8-c0c5ebcfced4,"⭐⭐ very disappointing experience i ordered tawa idli worth ₹143 and completed the payment. within just a few seconds, i tried to cancel the order, but swiggy was showing ₹143 as the cancellation charge — the entire order amount! charging the full order value as a cancellation fee within seconds is extremely unfair. a reasonable cancellation charge may be understandable, but 100% of the order value is not acceptable. swiggy should clearly explain how this charge was calculated and refund the",1,NEGATIVE,0.9994329810142517
6bec765f-68c4-423e-a375-26f34c84567c,very nice 🙂,5,POSITIVE,0.9998577833175659
15b4e605-6c60-45a9-a885-e882739d18b3,super,5,POSITIVE,0.998783528804779
a9fc4f3a-f567-4901-ab6c-5ff96e51020c,dilivery charge is over,1,NEGATIVE,0.9978566765785217
02799a7c-b2a9-41c3-97fd-c8ac8338ed0d,wil good,5,POSITIVE,0.9998476505279541
4a190f1b-741e-4fae-a6d1-4873e7591867,food is so costly and unaffordable that you spent an hour and a half just doing mental maths to look for food that fits your budget and while you're at it after an over an hour of drill you just lose your appetite. offers that these people are so ridiculous that i am sure none of them can ever be availed unless you make pricey orders. 1+1 on the bill equals 181 rather than 11! greatly disappointed in how food apps operate these days totally fooling us and digging holes in our pockets!,1,NEGATIVE,0.9998170733451843
a18814c3-a549-425e-8abc-9adaad5cd880,nice,5,POSITIVE,0.9998552799224854
df486b93-b0c4-41eb-bd33-836c0dd6a34a,very nice,5,POSITIVE,0.9998563528060913
6ea9d4f6-ce57-4585-99a9-34827b5e83a0,good,3,POSITIVE,0.9998161196708679
9f11e1d0-780a-4799-a91e-39f9068fe90f,good,5,POSITIVE,0.9998161196708679
f0a07299-5bdc-4b05-b2e2-f64c9db15ffd,i order idly & aloo parata but i get ragi roti i'm really disappointed 😔,1,NEGATIVE,0.9996047616004944
f019373e-ad8b-4abd-a180-cd41905c0b12,good,5,POSITIVE,0.9998161196708679
475b20a1-387b-4e28-ae45-28b5295758e2,zomato much better,1,POSITIVE,0.9836242198944092
715dd0e9-2152-48c7-8b91-645a28c57e0b,ajj ke baad rating mat puchna 5 star rating de diya hu tum bhi kya yadd rakho ge,5,NEGATIVE,0.9644349813461304
a303ea8c-5aa3-4578-8c51-0d80e9e5a865,not recommended,1,NEGATIVE,0.999725878238678
39dffb35-c75c-4aa0-ac72-349439199b4a,very nice,5,POSITIVE,0.9998563528060913
9761f877-9828-4cc1-b2d0-d917d78f37dc,worst experience.... with swiggy... accepted order.. and cancelled 2 times happened... after waiting for 30 min.. this very unprofessional,1,NEGATIVE,0.9997827410697937
4af4bc45-40d5-4c22-80a6-cf8f28c0a142,nice app,5,POSITIVE,0.9998061060905457
b2191aa6-b78e-44a6-b2f9-14e4906f48ad,all good but delivery charge is not good,3,NEGATIVE,0.9973000884056091
e8bb183b-e467-4487-ae0a-cb4c0e29cc47,good,5,POSITIVE,0.9998161196708679
70a0c8e2-f219-4eb6-b98b-ba51bedb3a82,10 out of 10,5,POSITIVE,0.9303183555603027
981330f2-9ecd-46df-92d6-b38fc268d23f,items brought with very low price here,5,NEGATIVE,0.9907622933387756
019fc569-944a-4b6e-899a-b450ffe9321b,helpfull,5,POSITIVE,0.9971383810043335
99f3f28a-28c5-4659-9582-cb985adf2859,"very very very bad experience in swiggy... i ordered a pizza on swiggy, but i accidentally placed the wrong order and now i want to cancel it because i actually wanted to order something else. however, there is no cancellation option available, and i’m unable to cancel the order. i tried calling the restaurant, but their phone is switched off. i also messaged the assistant through the app, but they said the order cannot be cancelled and that i’ll have to pay the full amount, with no cancellatio",1,NEGATIVE,0.9857387542724609
919aa252-0a31-4adc-84ed-89f08d114c15,very good 👍,5,POSITIVE,0.999870777130127
7e71be87-664b-48ad-b868-593cc09f6d6f,so expensive not budget friendly not even once. recommendation for this app-1% if you have no other choice,1,NEGATIVE,0.9695857763290405
33223870-dd90-4539-932a-fc824695e11a,nice,3,POSITIVE,0.9998552799224854
3d5e4be0-6508-46f2-9423-7d889081c241,nice,5,POSITIVE,0.9998552799224854
0a83e4c4-349e-4937-8b89-7fa6c1842bda,no download for this app this is fraud. please uninstall this app,1,NEGATIVE,0.9981049299240112
5c2233f0-f2a1-4920-bc64-4565a286a21c,good,5,POSITIVE,0.9998161196708679
860be381-b4ce-4427-b620-dbc92c491f5e,good,5,POSITIVE,0.9998161196708679
3529f6f9-b5d9-47c6-a7b7-38be85af8202,super,1,POSITIVE,0.998783528804779
ab3d8f30-5c83-4bb1-82ed-f021d1fcef73,they didn't provide best deals in instamart. alsohey increased the instant deal amount from rs1 to rs9 that can be ok but they don't provide best things in it as before.,2,NEGATIVE,0.9951798915863037
37ef057b-cb5c-4564-8dc1-31390cdbe78f,best,5,POSITIVE,0.9997941851615906
d102dd16-f7f0-4841-8791-fa5119f64892,good 👍,5,POSITIVE,0.9998576641082764
0fd54e10-7fbe-4fbb-bad7-d565c996e789,good,1,POSITIVE,0.9998161196708679
46affcb9-505b-4a94-be0f-3a7cf3130702,need option list to add favourite hotel,3,POSITIVE,0.6737460494041443
012b72ec-d0b8-44d2-81c3-5e42a8be6a79,very fast,5,POSITIVE,0.9992815852165222
b4cdc552-4b34-4585-b89a-b2ca9a036fc4,ok,4,POSITIVE,0.9997851252555847
0973462a-20e9-4a34-a77a-7610e28d7b51,swiggy kamina hogya h iske offer ke chacker me mera time lose hua offfer change kardeta ghatiya swiggy,1,NEGATIVE,0.9986060261726379
398828fb-73b4-409b-abc8-022ac38df1d3,happy with swiggy!,5,POSITIVE,0.9998530149459839
cc75b4f2-3d90-4249-82dc-4bde0c533ef8,best,5,POSITIVE,0.9997941851615906
798ab731-04d6-4bce-b295-ffa7b2beed8d,more easy to use and more offers can be provided and a bit confusing,3,NEGATIVE,0.9968662858009338
ca3a288e-fd8b-40e8-8d96-bc89d5f17557,over priced,1,NEGATIVE,0.998806357383728
a645dae0-a72b-4f47-b2c7-68e887596a54,"worst service ever ,order always gets delayed by an hour or so,no action taken for delay ,i think you guys should learn a thing or two from eat club",1,NEGATIVE,0.9997665286064148
a4902861-4e01-4ca0-84d7-51b570c18a91,the worst customer service a company could provide. useless app with no responsibility,1,NEGATIVE,0.9998156428337097
ded71eb8-077d-4b0a-8e35-852b71a2f489,nice experience,5,POSITIVE,0.9998632669448853
ebb0a356-9b95-4ab7-b765-1567530e7ef6,give me perfect price for your product,3,POSITIVE,0.9997281432151794
9040e0d2-b358-4ffe-b2d3-4beedee4302a,good service,5,POSITIVE,0.9998499155044556
16ab8dc2-c7f0-49c1-8165-7f492e2d73d5,good,4,POSITIVE,0.9998161196708679
229ce877-5734-4cbe-bb74-00af716844e8,total fraud of an app. they are actively cheating customers with hidden fees and fabricated charges. coupon codes are a total lie because the checkout system subtly inflates the price anyway. this platform is completely untrustworthy and unreliable. avoid this nightmare and just walk to the restaurant yourself.,1,NEGATIVE,0.9996498823165894
a8f9b921-9560-4ac8-9ca0-c701802774f5,nice,5,POSITIVE,0.9998552799224854
a7282d83-9d49-4929-84eb-912dd9ad14ee,customer care service so bad,1,NEGATIVE,0.9998052716255188
7e9d618a-12c5-4472-a340-501d20a88231,super app,5,POSITIVE,0.9932268261909485
780945c7-4f4e-4464-9a2f-efd56ba01e13,good 👍,5,POSITIVE,0.9998576641082764
bfd241cc-cfb9-421e-bedb-dc4a0faa4cca,better than zomato and blinkit,5,POSITIVE,0.9965342283248901
bc3a53c2-27ca-4a52-b272-abc86e98e3f7,"please don't install...i confirmed the order and the amount was debited from my bank account, but swiggy cancelled the order directly and hasn't issued a refund even after two days",1,NEGATIVE,0.999196469783783
85f18d6d-f886-408c-94f4-31ef7264bab1,this is a scam app so don't order from i am the victim of this app,1,NEGATIVE,0.9996447563171387
f018c1d1-12c0-460e-ba57-b74a24f24d93,this app is very bad service ya order thanda de tha hai koi is sa raat ko koi be cheez order na kara ya order thanda ho na ka baad de tha hai or inka test be kharab hai,1,NEGATIVE,0.9997155070304871
00c50c41-3381-437a-b840-1ab346ed5036,so late,3,NEGATIVE,0.9984527826309204
fbeb1e31-b0f0-4bc6-bd13-4a6264a2165b,very bad sarvice,3,NEGATIVE,0.9997993111610413
9f716e1c-e111-4c5c-a07d-6e813a9bf8bc,very disgusting app not delivery order on time and instamart delivered wrong order. issue is raising multiple times,1,NEGATIVE,0.9984865188598633
40a5e5b3-a78c-4594-81bd-0dc20b3c4bc2,nice,4,POSITIVE,0.9998552799224854
f880d3e8-baad-4f7e-962e-7a8cd39658b3,good 👍,5,POSITIVE,0.9998576641082764
94fb9c9d-a0b6-4f46-9d6a-2c53f8151d6d,good 😊,5,POSITIVE,0.9998576641082764
f5e02cf8-439c-41d3-91ad-fbf5bdcdf9d2,"absolutely amazingly! 👌👌 edit : to the swiggy team who responded - by resolving the almost 3 months old issue, shamelesslyy!!",1,POSITIVE,0.941010594367981
3ad40258-ff63-4f31-97e7-3394dd862ce2,good,5,POSITIVE,0.9998161196708679
6b26b3d9-d589-43c8-8f64-281f11cbc3ee,terrible app ! i was scrolling through the app and added 2 items to my cart to see the delivery charge. it eventually led me to the payment page and i accidentally ordered it. and i initiated the order cancellation within 30 seconds and i got 0 refund. all my money is gone !,1,NEGATIVE,0.9997885823249817
5ada46f6-5f3c-4818-92ba-712de005f96f,"the most shameless brand is swiggy,they promises to delivering food but they can't, hugely refferal to not install this app,zomato is more than better from swiggy,the irresponsible delivery guy and the company also",1,NEGATIVE,0.9956933856010437
0baf2a02-0fff-42bd-97f9-1e1630434ff3,best ratee but tax jyada hai pr thik hai,5,NEGATIVE,0.6622346043586731
63f12893-5266-46b6-9525-3b03f1c41645,bakwaas!!! service bekaar hai sab kuch bekar hai... disgusting. never gonna use this again. worst experience.,1,NEGATIVE,0.9997994303703308
36bdb55a-b3f6-4186-8929-32db8eb88dc9,swiggy help team is pathetic. they dont respond to your queries and delay replies deliberately. they dont care about the service only care about the money. avoid using this app,1,NEGATIVE,0.9997723698616028
a472495b-ad7d-436d-b455-bc74f7dc96f5,so good,5,POSITIVE,0.999841570854187
a006c404-8b0f-4837-a6ef-db143d71e3ba,good service,5,POSITIVE,0.9998499155044556
6a7d0df2-9e2c-4731-8de0-feddc5a3ccfe,nice 👍,5,POSITIVE,0.9998424053192139
86c9636b-bc76-41f3-a39f-b7a6fc155702,good,5,POSITIVE,0.9998161196708679
eb557d90-a851-4f6b-8970-bb99c2c2a1cb,good👍,5,NEGATIVE,0.6970565915107727
8634d9f8-aaaf-4b3a-8124-7d84af7058b2,a lot of order cancellations from the other side,1,NEGATIVE,0.99883633852005
a42c5852-5e2b-4bc3-a479-84ab44be88a2,bahut achcha public service,4,POSITIVE,0.995911717414856
d923c5eb-9c29-47e6-889e-24b3e919e9e9,good 👍,5,POSITIVE,0.9998576641082764
93a878b8-2f8f-48f1-b2e0-045c92e6db49,very great food swiggy app 🫡💯,5,POSITIVE,0.9961097836494446
fd0d204d-4d68-4967-90a4-a4f7680ffe58,good,5,POSITIVE,0.9998161196708679
807c7b94-3e72-48db-bc85-601c4171f9b6,super,5,POSITIVE,0.998783528804779
0d242cc6-d6de-4f7a-9a6f-ce2e362fc8f7,good,5,POSITIVE,0.9998161196708679
2e9796b3-faf1-4adb-8e37-2c2e45774241,working time so late 😞,5,NEGATIVE,0.9905213117599487
70daca86-0209-4dec-a943-a8b963f7a6a3,"ai agents on support, human agents rude, penalizes poor riders, while still offering poor services to users. they mostly combine 5-10 orders in one delivery, and you'll receive your food always late, cold and stale. i've switched to other apps already. another issue: doesn't respect your current location and orders at the wrong address very frequently. i used to be a regular user with thousands of orders in the last 2-3 years.",1,NEGATIVE,0.9994187355041504
02c00c6c-6cc6-4b76-9b2a-6cb8d3297974,best to order,5,POSITIVE,0.9918007254600525
f267727e-bfd3-49b3-9813-c4516e59af6c,"""amazing app! fast delivery, great food choices, and smooth tracking. instamart and food delivery work seamlessly. highly recommended!""",5,POSITIVE,0.9998704195022583
0e89845f-c878-4f1a-99ac-7038c1767074,very bad service guys use another app for food they takes hours for delivery,1,NEGATIVE,0.9996834993362427
9f1a5d67-4f03-44ee-a28f-eebd6b957d02,"extremely disappointing and careless experience — wrong food & no consideration for the customer i ordered food from this restaurant while travelling by train, specifically ordering 1 gobi manchurian and 1 veg noodles. both were clearly ordered as vegetarian items, yet the restaurant packed the same food in two packets and, even worse, the supposedly vegetarian manchurian contained egg. this is not a small mistake. when a customer specifically orders vegetarian food, adding egg",1,NEGATIVE,0.9989678859710693
633d4961-7466-4cb8-a70c-4cecf01ac238,"worst experience with swiggy when we order at late night at 11.18, i sent photos and and live effect of food, support team telling that, we can't do anything thing and we will give coupon 40 rupees code to book again swiggy food to cheat us, stupidity, swiggy is waste after 2 years",1,NEGATIVE,0.9996819496154785
2ed1436e-0d3a-41de-a197-06667261ee86,good,2,POSITIVE,0.9998161196708679
dff36dd3-7e32-47aa-aa77-2a3d4e895a47,erripukku loo app,1,NEGATIVE,0.9925220608711243
56cbb61d-eb9b-482c-9f1d-f82de0d375f7,good job ❤️❤️❤️,5,POSITIVE,0.9998190999031067
ee11e6a9-fd70-47ca-b9c2-51c19d43850d,this is fraud,1,NEGATIVE,0.9995280504226685
06bedc49-6dd5-4ae9-82d4-37da1a8db512,good app😘😘,4,POSITIVE,0.9998576641082764
79f5e983-5adc-43dd-bc7a-3113f51f61f3,good one and all time favourite and,4,POSITIVE,0.9998679161071777
3def1236-f42e-4915-bb40-8b93ef2465c2,worest timing always delay,1,NEGATIVE,0.9969236254692078
d7f3cb65-578d-458e-a9dc-69f66b7cf61d,good,5,POSITIVE,0.9998161196708679
77fc2068-41eb-484b-80d2-15d6502e7c5a,good job,1,POSITIVE,0.999835729598999
b37c3602-efd9-434b-b189-d7a2587fd182,the worst app ever. just keeps you waiting and gives irrelevant informations. helpline doesn't work. it is 12.01am but the order shows 11.09pm to deliver and there is no update yet,1,NEGATIVE,0.9997668862342834
0ac42646-8f37-411a-b14f-8cc01539d3cf,ok,5,POSITIVE,0.9997851252555847
a37a085f-3ec9-4a86-8e86-b452ec97724e,"they have very pathetic customer service. do not do not do not ever try to buy anything from swiggy. they will never refund your money they will handover you a useless coupon. be safe from these people. customer executives will be rude and stubborn especially that mrityunjae the floor supervisor. no solution still he closed that chat, and swiggy don't have any no. to complain if it's regarding something that they are not able ti solve from last 3 days.",1,NEGATIVE,0.9982380867004395
9ff9578c-07a7-4140-93ff-5e8f2ba12c69,"never got any orders on time. it's always getting more than one hour delayed or getting cancelled. worst experience, gonna stick with zomato.",1,NEGATIVE,0.9997792840003967
fff2a194-4833-4733-a387-3ed082c3a6b4,super,5,POSITIVE,0.998783528804779
3145586e-1e6b-405c-addb-e76642c038f1,good,5,POSITIVE,0.9998161196708679
c0e5155d-4789-43cd-a44b-bb48e7886a86,good varieties,5,POSITIVE,0.9998593330383301
387826c4-4018-4e04-b88b-132afd446f40,worst for cancellation charges,1,NEGATIVE,0.999784529209137
f5ee6176-4e6c-4cfb-afd9-4333811c4ef6,whenever i order after 11:00 pm i get a pop up that the store is unserviceable only on my device. so i will switch to a better option which is zomato thinking it would at least work unlike you.,1,NEGATIVE,0.9991292357444763
e1e8a354-9b93-4b8d-a00a-029f83bdca93,best,5,POSITIVE,0.9997941851615906
403273c5-f5dc-41f1-a926-1226b2c8ce6d,ok everything 👌,5,POSITIVE,0.9995580315589905
a1c51e63-9f43-47f7-96be-c54927eca4c7,it was amazing,5,POSITIVE,0.9998792409896851
747c125e-b7e3-414a-8448-a626428b2d01,supar,4,POSITIVE,0.8584699034690857
7c54bee4-1920-4df2-92d4-fe369c7076f5,order cancelled every time on swiggy instamart,1,NEGATIVE,0.9996494054794312
2d5990b2-70fb-4e62-96e6-6845b5177055,good,5,POSITIVE,0.9998161196708679
5f07a56b-8d51-4a8f-9e96-4469c85af288,super,5,POSITIVE,0.998783528804779
268ed4dc-41cf-4c1c-a22d-3be015afd4a9,good 👍🏼,5,POSITIVE,0.9998576641082764
bb7d0fd8-9dd4-4f2e-acfe-b67d5aba3b67,"⭐ 1 star very disappointing and unfair experience with swiggy. the cancellation fee was charged to me without a reasonable or valid explanation. it feels like customers are being charged cancellation fees arbitrarily, with no proper transparency or accountability. a customer should not be penalized with a cancellation charge without a genuine reason and clear justification. swiggy should review such cases seriously and stop practices that make customers feel exploited. very unhappy with this",1,NEGATIVE,0.9997797608375549
2cce6136-1d85-4ea8-99e5-719ce067fcb6,nice,3,POSITIVE,0.9998552799224854
e5a281a3-21d5-48cc-91f0-7df831288e67,one of the worst food app i have seen. we rarely orders food like biryani we ordered today jambo pack biryani through swiggy it has hair in it . we didn't eat that we complain on it they didn't return money we placed exchange they didn't take exchange we lost all money . my family members are very disappointed because of the issue. we called restaurant they said compline through swiggy they didn't take action on it . so i don't believe swiggy again.,1,NEGATIVE,0.9993804693222046
b3db19d6-4d44-4273-8eed-033f4ee5b6e4,good,5,POSITIVE,0.9998161196708679
690ba9dd-bfcc-4497-9f89-1710533e5743,good,4,POSITIVE,0.9998161196708679
37ed6598-abad-4afd-a991-08b36f541e5d,"ordered 14 ice creams but got only 7, even after keeping me on chat for half hour representative didn't solved the issue",1,NEGATIVE,0.9982830286026001
2c251fd1-13d3-4b70-a764-f55885db79b6,ok,4,POSITIVE,0.9997851252555847
3c3ec6ce-1fd4-4911-8724-e216cf12a0dc,third class app. many times i have to face problems.,1,NEGATIVE,0.9974889755249023
968dfbcd-a600-4221-a7fe-b5ac4a6a937a,unsatisfied with new version buzzing a friend . it's try to loot money from customers.,1,NEGATIVE,0.9988671541213989
908fe041-71fd-44ad-b487-7164f4549d6f,no cc care support no chat support if you did not receive a single order forgot your refund it's been 8 days still don't receive any refund no support no rpy don't use it,1,NEGATIVE,0.998957633972168
c2891f06-429e-4496-95bf-37d7923a702d,"very disappointing experience with instamart! i ordered two tiffin sets from instamart, but what i received was completely different from what was shown in the product images. the containers were so tiny that you can’t even properly fit a single chapati in them when i contacted customer care to raise my concern, i was simply told that the product is non-refundable, non-cancellable, and non-returnable, and that they could not help me with a refund or return. this is extremely disappointing",1,NEGATIVE,0.9994706511497498
3341046f-db88-41cc-baa2-39f59d8be9a8,thik h,5,POSITIVE,0.9382073879241943
1c3ab856-bf95-4e97-907a-2c0b6d740488,good,4,POSITIVE,0.9998161196708679
f4fd8a59-e41f-43d4-8060-c4d56e57d24e,"very bad experience with swiggy. i paid for my order, but i never received it. money was deducted, yet my order was not delivered. completely unacceptable service. please refund my money and improve your customer support.",1,NEGATIVE,0.9993932247161865
61f206af-00f9-4399-9c29-e65c83a88d16,here order first tm 😀,4,NEGATIVE,0.9345665574073792
d5f13858-43d3-49f2-bab2-1b88728dccd5,worst app i saw in my life,1,NEGATIVE,0.9997774958610535
75733e54-7387-400f-8a85-65550c0c4afc,"customer service is so pathetic. ill trained staff who leave the conversation mid way. all the items in the order are wrongly delivered. and yet, no call . conversations are taking nearly 5 minutes for the same repeated reply which is not heading anywhere. pathetic. i would prefer other apps over this.",1,NEGATIVE,0.9997573494911194
252d2331-bf67-463d-b0af-743202a17dd1,ok,5,POSITIVE,0.9997851252555847
903dbb99-d50f-45ac-9b4f-f15613eaded3,good,4,POSITIVE,0.9998161196708679
5d6f6ceb-e04f-48a7-ade8-ee51b3701090,too much delay in delivering,1,NEGATIVE,0.9997398257255554
6b3e7f53-1dbe-4f98-8450-a9f209c172dc,it's been 2hrs but i didn't receive my order waste of time better choose some other platforms,1,NEGATIVE,0.9992352724075317
c77a6278-31ed-4170-9e8b-13a01126492f,very worst best offers not sharing in your existing customers pls improve my your serviceivwl,1,NEGATIVE,0.9997835755348206
98aa61e4-c340-4f2d-a9da-fd635db815e3,good service,5,POSITIVE,0.9998499155044556
24574161-b917-4ff2-8a1e-0ead02ffcd99,please do not download the swiggy app and order it. there is information that it contains toxic ingredients.,1,NEGATIVE,0.9967595934867859
d59e5bf6-f0d3-4196-9ab8-97cc1f9e7d16,i ordered my food 2hrs ago still i didn't receive my order yet its bot is litterally waste and out of that they are asking for cancellation fee better choose some other platform,1,NEGATIVE,0.9992638230323792
44a8d53e-0108-463a-9dd3-3d9bfd835a14,"again and again same thing happened, it's my worst experience with swiggy not one time it's often. choose swiggy only when you want to sleep without food in night. they simply deny for delivery at the time when you can't get food from other options. they forced you to sleep without food. so please don't order at night with swiggy if you are really hungry.",1,NEGATIVE,0.9992696642875671
8736b50f-6fc0-45e3-b83d-06c1d8985457,food is toooo much late today,1,NEGATIVE,0.995884358882904
e5280062-8045-4122-bf62-b8514847153d,super app very fast delivery,5,POSITIVE,0.9979616403579712
78a7e63b-91f8-4b7b-b1a1-942ff8f55c49,waste app i ordered vegetarian food today aaloo palak and daal it has been 2 hours we neither have recieved the order not the refund. chatting with the customer care representative shakeena khatoon literally felt like torture. i wanted to cancel my order later . after 19-20mins of online argument a delivery partner was assigned. this is height of nonsense. when i wanted to cancel my order and get the refund that time they assigned the delivery partner. what about the 2hours of wait time?,1,NEGATIVE,0.9997279047966003
0781413b-2f8a-4938-930a-a2eeeaddacd7,it's good and fast,5,POSITIVE,0.999855637550354
d98166b9-0a22-4013-94a1-91cd01b92bd0,supar,5,POSITIVE,0.8584699034690857
7a5195d2-57f6-4f4b-b0e8-103abf9bb08f,very good,5,POSITIVE,0.9998520612716675
c31f278f-1687-43b2-b69f-6158e5f2c2f1,"worst app, worst service ,i got very sweeter butter chaap masala instead of spicy chaap masala and i complained about that but then also they did nothing. so please don't use this app.",1,NEGATIVE,0.999052107334137
2f597eae-c4cf-444d-b155-b15c1e087029,excellent,5,POSITIVE,0.9998434782028198
ab7e4b33-fe07-4109-b58f-aefad62424ec,i have a bad experience i order and pay through online the order delivery boy pick up and then i didn't recieve order and delivery boy didn't pickup call i complaint in swiggy official they didn't refund me my cash gone,1,NEGATIVE,0.9968442916870117
2b1734e8-e3d6-4cc6-82bc-a1074c8dbb9a,every worst experience. i've been waiting for 2 and half hours. i still haven't got my order. feeling shame in front of my friends. just go for zomato or any other instead of this swiggy.,1,NEGATIVE,0.9997054934501648
1e8c1c77-9b2d-4601-947e-3c60194ae454,besht,5,NEGATIVE,0.5388549566268921
b1b8d299-4ee9-4985-8d39-a24f605d3b22,nice 👍 sarvice,5,POSITIVE,0.9989272952079773
7dfd7d90-83e9-47fb-b1bf-ddee4ced39bc,not happy with charges,1,NEGATIVE,0.9997170567512512
725ece1c-3983-4c99-bb24-2850d19c25c2,"pathetic service, fraud customer care and worst app experience",1,NEGATIVE,0.9998111128807068
0d68c60c-431e-43f9-a207-0fdacf7bd50a,orders are always late because delivery partner always carry multiple order. and customer caree respose is not satisfactory also,1,NEGATIVE,0.999660849571228
e55a2199-e07a-4393-bd6f-c5352d97ef92,very good 😊,5,POSITIVE,0.999870777130127
da3239be-924e-4d8c-83ca-a405fff95868,worst experience with this app. ordered from one of the high rated restaurant but recieved a stale order at least 2 days old. and this company could not care less for its customers health. did not acknowledge the issue but has only a ai bot take care of such issues. nothing like zomato which has a better return and refund policy.,1,NEGATIVE,0.9993352293968201
4c92694d-3fa6-4b00-8cf6-d2a37c41d700,good nice,5,POSITIVE,0.9998514652252197
bb3cd174-9fae-4e7a-85b7-b54c1a2b9da2,super🥰,5,NEGATIVE,0.6970565915107727
49b19f14-8c8f-4872-b1c4-1b05649b1a84,add some more options in this,3,POSITIVE,0.9975425004959106
cfcd9acf-c9ce-45fb-989b-2a593836d23a,when i recieved my order than i will give rating,5,NEGATIVE,0.9843106269836426
8c5a4ee1-d957-49fa-9878-1eb9d8a9cffc,good 👍,5,POSITIVE,0.9998576641082764
80666bfc-8dca-4068-95e6-fa4a92518d63,best quality with on time,4,POSITIVE,0.9997116923332214
ef6e6130-0b55-4e31-9417-6e7ba9ebde00,fake offers,1,NEGATIVE,0.9989633560180664
bb8907c3-b4f2-4c18-a365-93adf7760e9b,"worst and taste less, non hygienic food they served, these swiggy was tied with road side street vendors for supply food",1,NEGATIVE,0.9995651841163635
12578276-5dd3-410f-83ee-c7c9f13a85cf,good,4,POSITIVE,0.9998161196708679
dde11e87-8cd7-4fc9-94f0-41d353b253d2,fast 1 time order brother,5,POSITIVE,0.9979196190834045
f6e97c4e-984e-4d36-bbd0-eb273e1a7816,"do not try this app. they always deliver food late. if you cancel your order, they deduct 100% of your order amount. their service is extremely slow, and delivery agents do not even get assigned on time. this is a pathetic app, and they take your entire money upon cancellation.""",1,NEGATIVE,0.9985367059707642
97b30861-7305-4631-8405-51b380c347ad,good,5,POSITIVE,0.9998161196708679
9d98f516-6a8c-425f-bf9f-5bd8dcbd8355,pls never promote this app! had to give pne star.. it even doesn't deserve one ... never order food from it plss!!,1,NEGATIVE,0.9992902278900146
0dce8fa0-efb2-4c50-b231-fcc1e6f79565,good,5,POSITIVE,0.9998161196708679
1978f224-6196-4b6f-be90-ffaae7f2f9e6,good,5,POSITIVE,0.9998161196708679
583b578c-1f9a-47bf-b0a2-e991b5767285,good experience overall,5,POSITIVE,0.9998657703399658
22261c7c-e6c3-411e-8fd8-69040d7aaca0,best food delivery app and good service,5,POSITIVE,0.9998443126678467
bc89c5ba-b1e9-48b7-9540-78b682ff6fae,"extremely unfriendly app.they do not have people to listen to complaints on the chat box even!ridiculous and it is like a sarkari company.they operate at their whims and fancies.1st the orders are delayed and they do not compensate for he same,2nd they do not even listen since there is no one to listen...all automated and defunct....wish some other app would come up by filling this gap.really very pathetic",1,NEGATIVE,0.9996391534805298
6dc9893e-b23c-40a9-af96-d74fd6487b3f,good,5,POSITIVE,0.9998161196708679
775adb53-d39f-4ad0-b3a7-7729bf97a612,very good app,5,POSITIVE,0.9998675584793091
95ac894f-318d-459d-bd7a-c4ef2e050361,"⭐ 1 star swiggy completely ruined buzz. the new system is confusing, restrictive, and nowhere near as useful as the old one. why change something that actually worked? bring back the old buzz system instead of making it worse. extremely disappointing.",1,NEGATIVE,0.9998094439506531
45a2b1b4-e113-434b-a61c-62b414544408,woww,5,POSITIVE,0.9989614486694336
a9c530bb-a47b-465a-9f34-d5dca409dce1,"very disappointed with the recent changes in swiggy. the buzz streaks “win up to ₹100” feature has been stopped, and the coupon/discount benefits have also been reduced significantly. these offers were one of the reasons i regularly used swiggy.",1,NEGATIVE,0.9993857145309448
21026424-8612-45e0-8f57-f0001d60e253,five stars,5,POSITIVE,0.9990085959434509
d2154058-c4d0-41ec-9672-c8633e9c753a,good,4,POSITIVE,0.9998161196708679
ac112c45-021c-479e-9735-232d7b11140c,this buzz thing is a scam. don't bother to engage.,1,NEGATIVE,0.9997280240058899
0480ea47-5164-4738-bb16-b5a3365cbe34,buzz event is not benifit for users,1,NEGATIVE,0.9988455772399902
ac5afa5f-5c6b-41e4-a0b5-1c621bde563e,nice,5,POSITIVE,0.9998552799224854
faa27830-e3ff-41ca-a33a-447152c3d358,best,5,POSITIVE,0.9997941851615906
c7f777be-90a3-40df-835d-754e93148e2d,very bad,5,NEGATIVE,0.9997884631156921
d25f4e8c-93e2-4ab6-bf2d-205fc23a5ad2,great,5,POSITIVE,0.9998630285263062
4cf016c9-7f93-4137-8e08-473cc1a11cb9,good,5,POSITIVE,0.9998161196708679
d08a4a9f-deba-4d2f-bc8e-7a06bda7ee67,late delivery still time is showing 5 min left bad service,1,NEGATIVE,0.9996392726898193
2f3ffa53-92bb-4b74-b951-3befc68727ab,if delivered in time and food is tasty i will rate your app,1,POSITIVE,0.9987066984176636
860ecabc-68c3-4d5d-b8ab-88395aca1510,gud,5,NEGATIVE,0.8956558704376221
e6087b48-6226-4a83-997b-d08680d752c8,worst experience i haven't gotten my order in the half open package i asked for a refund and i did not get my rest order worst i want to give this app a big fin,1,NEGATIVE,0.9995836615562439
b809df44-e708-4192-a774-c05620c30df3,i am giving 1 star because i cant give below that it is worst food delivery app i added biryani for 300 and gst and extra charges are like 90 rs extra total is 390 why broo........,1,NEGATIVE,0.9997504353523254
721f3011-01a4-4d54-a4c4-4d43d4e5092b,waste management,1,NEGATIVE,0.9977864027023315
6adeb75b-3aeb-4093-be18-94f7f798ec82,a restaurant which is 2.1km away from my home is showing as 9km away.. because free delivery is only upto 7km this is fraud,1,NEGATIVE,0.9994028806686401
62f0273e-b922-410b-99c2-9e47b693fc1c,nice app for food order,5,POSITIVE,0.9995248317718506
afdd06d2-0f50-40aa-90dd-bdd22130c2a6,nice,5,POSITIVE,0.9998552799224854
b0844e0b-fc47-4324-a40b-8b113645869f,too good,5,POSITIVE,0.9997445940971375
161af713-40a7-4c11-86b4-94985a7930d8,okay,5,POSITIVE,0.9997709393501282
e86e592c-2bd1-4021-9ca7-6298c47af77d,super,4,POSITIVE,0.998783528804779
3853c816-5ac7-4126-b248-405732901e8e,nice service,5,POSITIVE,0.9998397827148438
9291c97e-4575-48e3-8a3e-2d287481d299,poor service,1,NEGATIVE,0.9996534585952759
0b88a029-e842-4933-acc4-a68ee16090f4,excellent,5,POSITIVE,0.9998434782028198
0282c38a-f7f4-48c4-9acf-22b54b9be520,charges are so higher than the quality of food,2,POSITIVE,0.9919943809509277
b878ec76-06d7-43ad-9baa-a299f2ae67b4,refunded balance,4,POSITIVE,0.9945757389068604
cccc1860-89d9-482f-85e3-0813bd5727c8,super .,5,POSITIVE,0.9973648190498352
ed958526-9b8d-4ee9-9f9e-8971b09be1bd,zomato se acha service hai,5,NEGATIVE,0.9055533409118652
d504ff44-8d6d-499e-a790-66fbae0c7a82,nice,5,POSITIVE,0.9998552799224854
69089e80-7d0c-4ae0-8517-8fb7f94f334b,i buzzed 50 friends collected 300 ruppes. they fraud me gave nothing,1,NEGATIVE,0.9989286065101624
bc9baf5e-6372-4ae1-be3b-83b985fb2a5b,given 1 star because zero is not possible,1,NEGATIVE,0.9952385425567627
0a769955-e401-40ef-8bcd-d511b6e68ea7,"*worst swiggy experience ever* ordered food via swiggy and the delivery person called to say: _""your order will be cancelled because the wrong delivery person took your parcel.""_ so basically, someone else got my food, and i got nothing. i waited, then reached out to swiggy support expecting a refund or at least an explanation.",1,NEGATIVE,0.9997846484184265
67d511c9-e962-40a5-a670-432f7ef5e96d,great,5,POSITIVE,0.9998630285263062
b36b217e-9728-4e49-8e6c-1a7696e0a8d0,good 👍,5,POSITIVE,0.9998576641082764
0d578409-5be2-4f59-bcde-ec4b540b4f40,good,5,POSITIVE,0.9998161196708679
4375dad6-673f-4271-9ef3-383455c67cea,good,5,POSITIVE,0.9998161196708679
d0d9ae2a-8a13-43bc-9675-9805c5041c52,very good an cheap,5,POSITIVE,0.9996287822723389
1c0b9985-4670-4e68-840a-c3dddbaaaadd,shahibagh ahmedabad gujrat pord se rider hu... jay name ke fc ne business loss karaya he company ka... usne fraud kiya he hamare or company ke sath.... vo fc hame roz dhamki deta he ki aap new 5 i'd creat karo or rafere mere se karo... 5 order kar ke cod tum le jana or mere raferance se id bani hogi to aap pe koi camplent nahi hogi ese kar ke id banata tha or na karne pe id bandh karne ki dhamki de raha tha...ham instamart store ke riders he ham hamari nokri bachane ke chakkar me hamara fc jo,1,NEGATIVE,0.9976969361305237
1d67a95e-d5e6-4328-9a34-7a986334ddad,"terrible experience with blck membership. extremely poor and irresponsible support from swiggy. an entire item i paid for was missing, yet swiggy repeatedly refused to refund it. the momos that did arrive were without any sauce. instead of investigating and fixing the issue, support kept sending generic, copy-paste responses. shocking treatment for a blck customer spending ₹50–60k monthly. i will be switching to zomato gold/priority. stay away from swiggy.",1,NEGATIVE,0.999758780002594
f40f0a6d-24f8-44b4-9858-accf90f9665b,very best service 👍,3,POSITIVE,0.9997398257255554
483ded5b-248a-4c13-973c-af2fcef82f56,good app,5,POSITIVE,0.9998493194580078
63d2b182-ea53-4247-b3e1-dc82bc3e14c9,zomato better first they give discount on buzz thing and when it got popular it dropped it to release it again with less discount,1,NEGATIVE,0.9976431727409363
973a79cc-c128-4251-a40a-88282049bb33,"chatbot is meant only for wasting our time so that the time frame within which we may raise our concern gets lapsed. on top of that, the customer support team is of no use at all. nothing.... all they know is to apologise and not provide any tangible solutions. it was my last order today, i've deleted the app now.",1,NEGATIVE,0.999760091304779
2c2207ad-771a-4fa7-80a9-8f81e4e3d637,good,5,POSITIVE,0.9998161196708679
b4f49748-141b-4aa1-9b24-803f8132c45d,good work,5,POSITIVE,0.9998413324356079
00ad4013-ce16-4c85-b698-723bfc4f05d4,great 😃,5,POSITIVE,0.9997692704200745
6240a25d-56d4-4c5b-971e-1b1b9263a14b,achha h,5,NEGATIVE,0.9581599831581116
794fd49d-4e84-4b49-9fd3-ef16fe77a57a,no update on my current order,1,NEGATIVE,0.9995922446250916
5b1b0d88-7fe2-491d-b5b3-72f015eb92fb,1. sometimes get scammed sometimes not 2.it's pure luck 3.avoid ordering non-veg food from swiggy,4,NEGATIVE,0.9762769341468811
33bb721e-593f-4c9d-bdc9-2281c44d71cf,very poor delivery service,1,NEGATIVE,0.999806821346283
1955aa7b-a679-416d-933c-165f9cc27200,no resolution if any problem with the foot.just u ll have to wait too much and make emails without any answers,1,NEGATIVE,0.9998142123222351
5b1bcaab-8ad1-4e34-b5c6-acf3a46a517b,please remove the. ads .first.,1,NEGATIVE,0.9994632601737976
60980ab7-0745-44c2-9b3c-39c59a2a9d2d,good,5,POSITIVE,0.9998161196708679
0c3b408f-baa0-464b-ac35-e7bebb2f8153,buzz bs that's why you lost,1,NEGATIVE,0.996855616569519
74b8c004-06eb-4301-98c2-5947c61cdeeb,taxes are more valued then actual item,3,NEGATIVE,0.9430914521217346
b7831188-d934-4fa2-b855-fed7029f13de,very good,5,POSITIVE,0.9998520612716675
b91ad141-b920-4ca8-9715-7a764cb49c9b,sabji taste n preparation not good waste of money,2,NEGATIVE,0.9994674324989319
32bd1b16-6716-4db1-800d-bfec5f80d297,i ordered a food and pay already money but the food will not deliver and my money will not receive 🤨,1,NEGATIVE,0.9985781908035278
c710d16c-7e68-483b-85c0-61924c08fbc8,good,5,POSITIVE,0.9998161196708679
471d009e-2043-4c0f-8eee-e15f4f95e035,good,5,POSITIVE,0.9998161196708679
85f99244-8042-463c-98dd-e8fc8a82fd41,the best,5,POSITIVE,0.9998332262039185
2364b292-01e5-4a0f-bdd3-77123d9142f1,very good,5,POSITIVE,0.9998520612716675
b26c556f-2ff6-437a-8bef-3ba2f6a598fb,"late dilevery , not received",1,NEGATIVE,0.9983878135681152
896b9f8a-7102-4155-9818-4303d0d540af,cheap pathetic app to lure customers with fake photos of food. need to report this to fssai. should drop the delivery chain asap,1,NEGATIVE,0.9997642636299133
318e6d2d-c71c-4208-92e2-7bef2c96a17c,super delivery and food is tasty,5,POSITIVE,0.9998501539230347
ee89342e-1d56-423f-99ab-89c20f3c4bca,"instamart and other services options are suddenly gone, only food delivery service is showing please fix this problem.",3,NEGATIVE,0.9996758699417114
efa81dda-0957-4a43-b73e-72c3f096ae8c,worst app just show add instamart and don't let me order peacefully you guys have ruined the app.,1,NEGATIVE,0.9995280504226685
5561d66b-6cfb-4749-b5a5-5dd50022af9e,the fake delivery time scam and the most useless support team on earth.,1,NEGATIVE,0.9997908473014832
63582ef4-8281-45e4-812c-7f788c93e599,good sarvice,4,POSITIVE,0.999850869178772
20881d46-7c6b-4b11-ba4f-152e4e76e52e,showing fake prices,1,NEGATIVE,0.9993033409118652
cf7044e0-83bc-4e9f-ada3-95532d4f873f,good 👍,5,POSITIVE,0.9998576641082764
b3cbb7af-bf6e-468a-979d-34c37c4c3d14,good,5,POSITIVE,0.9998161196708679
49a5af5f-8ee2-4965-91f5-9b3673837df1,great,5,POSITIVE,0.9998630285263062
84342744-efb1-4657-a44a-b546debc4b74,worst rates.... high rates. bad app. cheat,1,NEGATIVE,0.9997921586036682
a2359bbe-a190-4a74-8aee-26110f1c8c09,good 💯,5,POSITIVE,0.9998576641082764
32b4dd6b-4169-44a7-bd5e-e6ec3cea2aa1,"recently all orders have been missing atleast 1 or 2 items.the delivery boys were being honest .but restaurants are not giving them full items. whem contacted through help.they only say ""sorry for inconvenience .we are looking into it ""etc but that's all. no coupon or taking action.it happened more than 3 times in last 6 months.even if we provide pics. to the point i have to ready the camera everytime i open the package",2,NEGATIVE,0.9986438155174255
8deffe48-5563-4cbe-ba3f-e0e2756d0b72,fast delivery is not working... swiggy is charging mony and delecering on normal time,1,NEGATIVE,0.9997525811195374
1380d190-471e-45f1-ae11-04faba63a32e,👍👍 nice.,5,POSITIVE,0.9998574256896973
8d9baa54-05bc-4c90-a82d-cfe1f39ec70b,good,5,POSITIVE,0.9998161196708679
f927b14e-32ad-4c01-87c3-e2ae1f55c476,platform fee is quite high for student like me to pay,4,NEGATIVE,0.968696653842926
e7ab2046-7c0f-4cd5-9482-c32c41c63193,good 👍,5,POSITIVE,0.9998576641082764
d0dbb47c-0248-421e-8002-23e267ceca88,good,5,POSITIVE,0.9998161196708679
3e15fb83-ecf1-4113-9957-ce6c74aa75ac,"worst behaviour by swiggy, no correct response when a customer contacts customer: my order got delayed swiggy customer service: i truly understand concern and wait for around 24 hrs or 48 hrs till the restaurant call you how can an customer wait for the order till 48 hrs",1,NEGATIVE,0.999625563621521
34bc4ce2-cb12-4993-8542-dfac1c4dc0c0,very good service,5,POSITIVE,0.9998648166656494
1d78449a-fd53-496a-9a8f-a4efb53c1258,this platform is giving cash on delivery 🚚 that's why i love swiggy 🥰🥰🥰,5,NEGATIVE,0.7995073199272156
3bf7a1fc-496e-40d6-a5f3-f4392ca0c8d7,ritesh is good delivery man iam sensationally pleased by his stradisvarius service,5,POSITIVE,0.9998002648353577
67a5be62-a23b-4512-8572-65bcc7d41d79,too many ads and very hard to find anything in the app,1,NEGATIVE,0.9998040795326233
a273126c-2970-4e22-9268-e38067812da2,nice 👏👏👍👍,5,POSITIVE,0.9998424053192139
a87df590-72f5-4e2a-93f3-bcde7df10786,good,3,POSITIVE,0.9998161196708679
a2ae01aa-c900-46cc-98f6-8e3d2545d0a9,good 👍,5,POSITIVE,0.9998576641082764
bfa883e4-e278-4052-81bb-76415052bbea,good,5,POSITIVE,0.9998161196708679
97b01bae-c7c2-4230-a004-46dd6f2c1672,super,5,POSITIVE,0.998783528804779
ee9a9cb1-a18e-4ee6-b113-a1c3d203f666,yaha ka food a one quality ka ha,5,POSITIVE,0.956762433052063
3dfdd61f-e5e3-423a-8283-a8209978d69c,good 👍,5,POSITIVE,0.9998576641082764
41bdcece-e315-4cc8-b164-950f0c7a4d5f,"informative life style with no another rates , charges",5,POSITIVE,0.9995054006576538
fd6c273e-2d97-4e06-acd1-a1a2a2a7b19a,good,5,POSITIVE,0.9998161196708679
5be5b0ad-0a22-4eb4-ab32-adf0945e11cd,they don't listen our problems every one should have to ignore that app use zamato or any other app instead of it,1,NEGATIVE,0.9991397857666016
3e670d6f-8901-4cf2-bd76-32a9778dbbc2,thank uou,3,POSITIVE,0.9996465444564819
a4106d23-502c-4473-8520-888187407184,no offer,1,NEGATIVE,0.9946507811546326
801705ae-2d7c-41eb-8b69-53c9b4ba800b,horrible experience,1,NEGATIVE,0.9997273087501526
8a24d922-fd1f-4fdc-a13c-b3a48bc29f08,better offer than zomato,5,POSITIVE,0.9696292877197266
304bc7cf-dc34-4cb2-8a3e-4bb9545b52d0,ok,3,POSITIVE,0.9997851252555847
3e55afbb-bf5d-4c9b-bd57-cbf7802de8b6,very useful and helpful.,5,POSITIVE,0.9998579025268555
35173e46-72e3-4378-befe-c70d452b9e49,worst app slow,1,NEGATIVE,0.9997828602790833
40018309-a623-444f-997c-386f3a5cb1fb,"terrible experience lately to order. poor support staff interaction and help. order gets cancelled by restaurant or swiggy last minute lately amd ruins the mood and we stay hungry. if you want to change address, only 3km option available now, but poor add on; should have a provision to change or cancel order at least 2 mins within ordering. and once again, terrible help desk staff. takes 10 mims or more just to deal with cancelling an order.",2,NEGATIVE,0.9997796416282654
4775c600-2cec-4d25-9236-0d9fc328410b,order cancel hota hai,2,NEGATIVE,0.9996610879898071
2a79bde0-47c5-48a8-88e5-ecc4c488086d,good,5,POSITIVE,0.9998161196708679
3a4d2a0c-2166-4e19-8b07-0d89d06b4ee7,very nice good product 😀,5,POSITIVE,0.9998677968978882
edd3ab34-7755-4fb5-ab1b-52aa8beb07b9,swiggy has been sending unsealed items recently. i received an unsealed amul ghee bottle. even after mailing them they respond with they can't do anything about it. so indirectly they are saying us to bear the loss. we can't be sure whether it's real ghee (or adulterated) or not since the seal was removed. thanks for tampered products swiggy. not ordering from you guys ever again.,1,NEGATIVE,0.9993355870246887
8cc6e0c3-c1fa-486b-86f1-ec2b0bbdfdfc,useful,4,POSITIVE,0.9997634291648865
b343610b-bf22-4be0-a63d-311c93305601,grate to deel,5,POSITIVE,0.8873199820518494
906f1530-3268-4dbe-bdee-3ff5cfb01cb5,sometime they bluffing without notification address change,1,NEGATIVE,0.9897706508636475
017e1d73-b990-4340-99da-dcab8dd21025,swiggy customer service is pathetic. they don't have customer support and charge for missing items,1,NEGATIVE,0.9980277419090271
2ae7fcd0-d31a-4669-914e-cc8a02d39004,nice doughnut and very tasty,5,POSITIVE,0.9998708963394165
9a741053-98eb-4e69-aeec-b58ac7670b04,very expensive service,2,NEGATIVE,0.9818150401115417
f33009d9-d73e-4f24-9751-9193eee2ae79,"below par experience , they didn't care about the customer i am waiting for my order at gate from 1 hour , i order for friend , now he left my home without food",1,NEGATIVE,0.9994157552719116
7fd4b821-b02c-4118-99d0-fbf5490630a3,too much cross selling and confusing options. worst app it asks me to do everything than ordering food,1,NEGATIVE,0.9998154044151306
cc96b383-5eb1-46e0-ab88-7ac2a734b93a,the useless service is swiggy instamart's. it takes 30 minutes to tell 10 minutes.,1,NEGATIVE,0.9996870756149292
555c3603-b7cb-4f07-a987-d70a1accc524,"terrible experience. my order was marked as delivered even though i never received it. the delivery executive didn't answer my calls, and even ignored swiggy's support team. very disappointing service and no accountability. definitely regretting choosing swiggy.",1,NEGATIVE,0.9996838569641113
71aee07d-93a5-40c9-b095-9a447d6a1c6e,long time taking,2,NEGATIVE,0.9708296656608582
f855cdd9-35dd-4b09-a32f-07a171dd8564,fast order kra jra,3,NEGATIVE,0.9687232971191406
a73394c6-70be-4f72-8bac-535e3b8a332a,good 👍🏻😊😊,5,POSITIVE,0.9998576641082764
556b0bfa-ce94-4255-b7a0-8ab38e3efb65,good,5,POSITIVE,0.9998161196708679
d62177bb-995d-4932-9e61-ed894e4dc6bc,best,5,POSITIVE,0.9997941851615906
004611fa-88b0-47f3-9a06-f7f0c0e152f6,"i’m really disappointed with the way my order was handled. the order was placed incorrectly, but the app did not give me a fair or reasonable opportunity to cancel it. by the time i realized the mistake and tried to cancel, the cancellation option was unavailable. after some time someone call from your company and charge me a unfair fine..",1,NEGATIVE,0.9996497631072998
04312cfa-2645-409a-b45c-1c959e365730,good 👍,5,POSITIVE,0.9998576641082764
95089df1-83bd-493d-918f-a8645a008d54,"totally fake app, fake delivery time, fake delivery commitment, charging exta to delivery faster, but no delivery on time, sl guys pls avoid this fake swiggy app,they making fool to many people at the same time, totally fake n fraud",1,NEGATIVE,0.9996110796928406
dfe9d0bd-1498-4b76-b435-21dd64eec6e4,i love this app💙💓,5,POSITIVE,0.9998722076416016
26649bfc-f37f-41c2-bd16-c8f88438689b,my 1st order dekhte h kesa or kya aata h phir review dungi,5,NEGATIVE,0.9671841859817505
4d698be3-5110-4186-9b53-27223ba614b8,i appreciate the quick service. i find it very convinient to use swiggy and instamart. app is very user frièndly and has good quality items and food.,5,POSITIVE,0.9995346069335938
bd904502-20da-4192-ba8d-b6ab053f1160,the best food app in playstore.,4,POSITIVE,0.9997972846031189
b00a0af6-86eb-4039-8696-5c02e8c9cec1,"the ui is so bad, looks stressful, also full of ads, too hard to navigate quickly, too easy to just mis-click on a ad",1,NEGATIVE,0.9997953772544861
07c76bdb-4a21-47cb-af1a-a78ec2d6194d,good,5,POSITIVE,0.9998161196708679
401a099b-4ecc-491c-9df1-29ceb5e87397,good,5,POSITIVE,0.9998161196708679
3ef56db7-faed-44ce-baa9-3723c82d0a27,so good 👍,5,POSITIVE,0.9998756647109985
cc2226eb-e655-4c13-8b16-57da30b31c72,amazing 😇🥰❤️👀🤌💗,5,POSITIVE,0.9998632669448853
808f2d2c-293c-4b10-9e92-84526da5935b,worst customer grievance cell no refund available zomato is far better in term of refund process and customer centric and customer satisfaction,1,NEGATIVE,0.999703586101532
24d3a105-2227-44e2-a083-437e5ac21867,"i had a very disappointing experience with swiggy instamart. i ordered a few items, including ice cream, but the delivery executive took almost 1 hour to deliver the order. by the time i received it, the ice cream had completely melted and was no longer in proper condition. i understand that delays can sometimes happen, but taking an hour to deliver an order containing frozen items is unacceptable. swiggy should ensure that frozen products are handled and delivered within a reasonable time.",1,NEGATIVE,0.9996254444122314
17db5658-121d-4b22-9c9d-d8d9f0f7972c,1hour main bhi order nahi aaya,1,NEGATIVE,0.9928714632987976
60d2f37a-0780-43c3-b4ff-22cd223d2090,"one part of ui is not working fine, specially the top back button and top bar",2,NEGATIVE,0.9997749924659729
f0d41571-4b5c-47c7-aa86-50a3a8313448,"delivered completely stale, spoiled, and unhygienic food that was totally inedible. when i raised a complaint immediately with photos, customer support refused a refund and offered zero resolution, claiming it didn't meet their refund policy criteria. my experience was completely awful. the quality was far below expectations, and the staff/service was unhelpful and unprofessional. total waste of time and money. i definitely won't be coming back or recommending this to anyone. avoid at all costs!",5,NEGATIVE,0.9997850060462952
2c2ad199-ca59-44f3-8412-8aa20d25ef2b,good super,5,POSITIVE,0.9998469352722168
77d4fe26-15a5-4008-8161-e40e6330652d,good,5,POSITIVE,0.9998161196708679
2cf791a9-2da1-4736-b639-9e41b011acbb,good 👍,5,POSITIVE,0.9998576641082764
8716e093-6add-48b9-bbcb-ab87b5ab70bf,worst support and resolution by swiggy,1,NEGATIVE,0.9998143315315247
10d427e3-8276-4247-9749-865fb5bc2870,perfect,5,POSITIVE,0.9998517036437988
85516197-a94d-44de-8533-9522d1db9d41,fraud delivery boy work in this app you will order a food but you will not get that food and delivery boy will mark as delivered and when you will complain to customer service they will ask you to send an email and email people will just put some inconvenience line and not even give you back your money for thr food which you have not got....so please don't use this app......worst customer service worst delivery boys n it is not safe for women to order in night time from this app,1,NEGATIVE,0.9996949434280396
e9b27b5f-4e40-4448-963a-76b0424df2a8,why cash on delivery is not available in swiggy 😡 for who doesn't have an phn pay how should they order?,3,NEGATIVE,0.9993871450424194
cadb6028-1e7f-40f3-b584-4f2539096505,good,4,POSITIVE,0.9998161196708679
f3215bba-3b53-4885-ad1c-c527e568c60e,exlent,5,NEGATIVE,0.9582377672195435
2a1c3c1e-cf89-45ca-a470-35035b7ad1be,thank you,5,POSITIVE,0.9998352527618408
ef4b920e-b95c-46cd-81a9-0403266eea96,super,5,POSITIVE,0.998783528804779
d8e4103b-db2b-47ef-ac45-1b63c60873a6,good,5,POSITIVE,0.9998161196708679
7c8325e2-e5aa-4e76-8d88-785468a21562,good,5,POSITIVE,0.9998161196708679
e3fe7342-4677-400c-ba14-ea61c64d719a,very good,5,POSITIVE,0.9998520612716675
ec8cef6b-0ae9-44a7-864e-a9957cd32e1e,nice,5,POSITIVE,0.9998552799224854
dad92bd9-fac2-4451-910b-4dd5b33e81d7,very nice app,5,POSITIVE,0.9998562335968018
5bf7edd5-c7e8-4815-9902-acd11303b02e,bht good,5,POSITIVE,0.9998515844345093
8817abc7-697a-44e6-ac0c-786f46f66a08,good,4,POSITIVE,0.9998161196708679
0d74b06b-4c68-47e8-b11a-614f70b73289,"the important problem with swiggy instamart and toing is they can't track location they can't read house name area name landmark or nearby places they don't know the street name or cannot ask somebody for the place they need to go so customer has to go to the mainroad to receive the order whether the customer has any problem or not it's not important, and swiggy as a much older food delivery app does not look into the matter they are only looking for the money, again their price for food is high",1,NEGATIVE,0.9984985589981079
a5767d38-4b59-4665-a67a-8d4e7b52750e,baler app,1,NEGATIVE,0.767715573310852
c84a61e1-d8d5-4d98-afa8-3d9c832349ee,one of worst delivery app,1,NEGATIVE,0.9997932314872742
eac310b2-68a6-4633-8d0e-b54182dfe881,too expensive than zepto and others,1,NEGATIVE,0.9984081387519836
13987cdf-22b3-4e67-9518-4c79b13bb5ba,i'm not liking this app because of i tap by mistake order option but this app is not cancelling,1,NEGATIVE,0.6063961386680603
17e4151d-b621-47a5-84ab-0d650351d0a2,good,5,POSITIVE,0.9998161196708679
2c05d554-7a75-4adb-a873-ce67f253d347,"worst experience ever. ordered at 9:05 pm with a promised 45-minute delivery. after 50 min it is still not assigned to any delivery partner, and the restaurant claimed that the food is ready for dispatch but the delivery partner has not arrived yet. i cancelled the order after waiting for 20 more min ( total 70 min). but the cancellation not accepted, but after trying 2 to 3 times the order got cancelled but they have refund the amount which i have payed. never ordering again.",1,NEGATIVE,0.9995243549346924
4de5e2bb-e559-4938-b7ff-5bd46b81ea81,good experience to order the food,5,POSITIVE,0.9998373985290527
3deeb2e4-a6a8-4f97-940b-2c14c5b10e05,superb,5,POSITIVE,0.9998656511306763
984cf3df-5c2b-43f1-bf94-efd25850b05b,good,5,POSITIVE,0.9998161196708679
96dc1a95-2e70-4db0-8455-c534308261f9,other charges to much,1,NEGATIVE,0.8545842170715332
42460f7e-ae5e-41c1-971e-f8846c1057f8,nice,5,POSITIVE,0.9998552799224854
f93d5686-0335-4f01-ae7b-2f5da7cd9551,nice,5,POSITIVE,0.9998552799224854
21412099-ee26-4c0c-b148-e17a4010c68b,good,5,POSITIVE,0.9998161196708679
97ee4b16-de5b-4527-95f7-50a553cf9979,good,3,POSITIVE,0.9998161196708679
b3429729-657c-45ec-9072-cf7f6d51c822,so bad please don't install very bad ...phone got heated very bad it was going to hack my phone very very bad,1,NEGATIVE,0.9997724890708923
ffd4e20a-1895-4611-8b67-881e2705d7d7,superb,5,POSITIVE,0.9998656511306763
bf08ac18-f77c-4ed7-b3d6-f4b0bb21e4dd,good,5,POSITIVE,0.9998161196708679
64403dd9-c168-4ff3-8615-37e5398fc4e6,good,5,POSITIVE,0.9998161196708679
797ef433-1460-46c0-8eeb-ea8a9de2ccb2,had worst experience today. looks like their service is to scam people. uninstalled the app today and won't use it again.,1,NEGATIVE,0.9996769428253174
fac7e216-15df-43d9-9cea-cef10e34778c,good,4,POSITIVE,0.9998161196708679
dc4a7fa8-7797-4a8a-b5b4-3f9c5b8a28c3,ok ok good,2,POSITIVE,0.99983811378479
39a573aa-f752-4d1d-8886-0cfa69cdaffc,very good,5,POSITIVE,0.9998520612716675
509f977c-ec3b-4917-bbc2-d92bd79f225a,good,5,POSITIVE,0.9998161196708679
d76d652e-b601-4542-ae73-32a0e7415e28,customer service,1,POSITIVE,0.9823681712150574
1999fd6b-6be9-4b95-b91a-b157ea1d5052,good,5,POSITIVE,0.9998161196708679
edc5f6ff-f767-4be5-b366-a34bd55c898d,thank you,5,POSITIVE,0.9998352527618408
eb91d109-50a1-47ca-94c3-2f96f68f5906,good,5,POSITIVE,0.9998161196708679
2a3c1457-480d-49ed-a017-4892159f73d1,nice🌹🌹,4,NEGATIVE,0.6970565915107727
619458d6-50fa-473e-92d4-c929d1b40cb4,good,5,POSITIVE,0.9998161196708679
1bc7e550-e6e1-4a44-afe0-7a2d5b95aa81,good,5,POSITIVE,0.9998161196708679
d7779104-913e-4084-8654-4b9cd0c24c02,nice app,5,POSITIVE,0.9998061060905457
6ddb70ea-93c3-47f6-8fbf-cf58c4c61fab,very nice hotel 🥰🥰,5,POSITIVE,0.9998583793640137
5c636a79-5a96-4111-863b-bb6f4940c36d,v good 💯,5,POSITIVE,0.9993855953216553
ebf52c48-2105-4ab7-98de-a36b9d07e420,everything is good just make price little low and add better offers.. students like it it can help you grow more customers over time,5,POSITIVE,0.9988728165626526
b5c2c617-1e56-4a92-ab7c-46917f46f514,good,5,POSITIVE,0.9998161196708679
8ddada66-36fa-428d-8523-5d695e34965b,good service,5,POSITIVE,0.9998499155044556
d90a9af1-9c0a-411d-a586-e37ab2853c30,good,5,POSITIVE,0.9998161196708679
4202f512-d85e-450e-b72c-11a89fe46e43,good,4,POSITIVE,0.9998161196708679
257e4173-6656-4277-83a7-1d2152aadf86,good,5,POSITIVE,0.9998161196708679
ea67315a-3808-4d0c-890a-a86c16ffa640,"swiggy use to be good but now the customer support is such a wadte of time, they will never resolve your issues.",1,NEGATIVE,0.9997921586036682
63d1dced-4b75-45c9-90fa-0fb87d569177,ok app for online food price are high as usual,5,POSITIVE,0.9955742359161377
09110ab1-03b8-4725-905e-672fab5fed31,best,5,POSITIVE,0.9997941851615906
35e28465-6c38-48bd-8722-14c596d43e0f,thank you,5,POSITIVE,0.9998352527618408
5a1d0f9a-6238-41ce-8bcc-dbfffae325af,worst packaging and food quality... waste of money,1,NEGATIVE,0.9997902512550354
2ee6a026-2426-4198-927c-fa79a3f84fcb,delivery charge is too high,4,NEGATIVE,0.9994968175888062
896e35a6-669a-45e9-bca5-50aac3760057,good 👍,5,POSITIVE,0.9998576641082764
2bab26e4-ec1c-43c4-9458-ca7362c9a20c,too much costly orders high taxes on food items high cost delevery charges worst delivery app i have ever seen 😡😡,1,NEGATIVE,0.9997712969779968
2ad43927-4d64-460b-9e34-5dbb0ab7ddf4,goood 👍🏻,4,NEGATIVE,0.9952433705329895
de1087a9-719f-47fe-8834-82e7a66f225c,good,5,POSITIVE,0.9998161196708679
e6acf379-bfae-4f37-b881-21fd5cfd507b,good,4,POSITIVE,0.9998161196708679
f92c2066-5036-4e5a-9b09-cdaac83e83a4,recently i order dal makhani but i received dal fry i called customer care they did not understand poor service,1,NEGATIVE,0.9972025156021118
f88b571e-b61f-4248-a091-ac2512587e52,very nice service,5,POSITIVE,0.9998623132705688
cabd7587-5610-45f1-8b44-9c05f099fc52,good,5,POSITIVE,0.9998161196708679
2caccfe5-fb03-4348-8fd3-43b3d800ff4a,super,5,POSITIVE,0.998783528804779
e338190c-8292-42fa-817d-a13f6501799b,good,5,POSITIVE,0.9998161196708679
eb37882c-65ca-48cc-92a9-ffb0b31c535c,good,5,POSITIVE,0.9998161196708679
0b942897-57d4-4fc1-a43d-a59f06bf00d6,nice 👍🏻,5,POSITIVE,0.9998424053192139
5f2868f9-edbe-4970-99cb-32559716272d,everything it's good,5,POSITIVE,0.999854326248169
3e6d1d81-d3df-4c89-9472-6676c4ca26e9,good,5,POSITIVE,0.9998161196708679
ae0da5f0-2aa2-4b40-b37d-f5d1186ceb06,fast delivery also,5,POSITIVE,0.9995649456977844
0af94206-8ec8-40bc-91d9-d3c640bca2e5,good,5,POSITIVE,0.9998161196708679
b48dfc63-9d71-48cb-96f5-e1af53dd82fb,nice 💯,4,POSITIVE,0.9998424053192139
eea30fa3-645b-41cd-a64c-c4a14291b1dd,this app is a waste of money... they are digital thieves... i ordered 5 quantity biriyani but delivered only 1 quantity and when i raised a complaint they gave me a coupon which i can't apply in that same order ... it spoiled my mother's birthday... 3rd class delivery app and when i asked for my money agent disconnected the call...,1,NEGATIVE,0.9997054934501648
d1279462-f15b-4df7-ad6d-4a13f06a9c38,fast delivery,5,POSITIVE,0.9996138215065002
c8b4f1a7-6e08-401d-8bab-1b90ecb1bd3c,very puntual. goo package. thanks for all,5,POSITIVE,0.9821765422821045
10c4b0ad-9e3b-4615-9da5-d502c6da593e,very pathetic i ordered food and one portion of my food is missing still they charged full and didn't refund me 🤬🤬🤬🤬🤬🤬 if this this issue is not been resolved i am going consumer court,1,NEGATIVE,0.999546229839325
8873bb0c-e186-417d-a7b0-398a595d2944,wait n see,1,NEGATIVE,0.9885089993476868
85329067-0fa2-4032-a172-5e0bbd8f297f,super,5,POSITIVE,0.998783528804779
f48bfb00-fc0b-4e63-993a-5f0789dcd693,waah kya khana tha,5,NEGATIVE,0.5350443124771118
83d5e1ac-1dfe-4951-8a44-34853b4ae993,super,5,POSITIVE,0.998783528804779
3fbf2211-7594-4da0-938a-ccaa6345848c,super 😊,5,POSITIVE,0.9331684112548828
f842ef35-e0cc-4d50-9409-70bff7e39a05,good 👍,5,POSITIVE,0.9998576641082764
e3971149-ff84-4dbe-9eb0-3d7e9175f9df,please make swiggy instamart deliverable at ganguly street hridaypur 700127 kolkata area. it was available at my location earlier . now showing all items are undeliverable. if you make my area deliverable by instamart then i will give 5star 🌟,1,NEGATIVE,0.993854284286499
dd5bd0a3-1d89-41bb-a097-e6df97c89a60,good,5,POSITIVE,0.9998161196708679
c7c399fa-7c2b-4928-ae14-e0727a34f601,"terrible customer support. first they provide service as they like. then there's no way to reach a human and tell your problem. you have to email them and they'll take 48hrs to respond. and when they respond they say they can't do anything. when asked why so, they won't respond and close the ticket. not using this app after this. thanks.",1,NEGATIVE,0.9996874332427979
a1c6cf1e-129f-4954-b489-3588e1df331e,good,4,POSITIVE,0.9998161196708679
7d5d74d0-c6bc-4a67-8a48-5b0541028157,nice swiggy app,5,POSITIVE,0.9990196228027344
1c5904bb-b7e9-4c10-a205-6369b0bc0b79,good 👍,5,POSITIVE,0.9998576641082764
6f6b940e-045e-4844-aaae-4da3b23ad48d,good app,5,POSITIVE,0.9998493194580078
47b3f51b-7e84-4bf6-b360-44ab787dd06f,good,5,POSITIVE,0.9998161196708679
cd327c88-d28c-45dc-84a0-7b0b5a8f8bce,good,5,POSITIVE,0.9998161196708679
d7a2e8f6-fb3e-462a-bb58-f6a379835798,good,3,POSITIVE,0.9998161196708679
5bf84f8e-d1e8-44f0-8fee-5797c1ca535f,"very dissapointed with swiggy support service. we ordred the food around 12:48and recieved aftet one and half hour. thats too the wrong package. we asked support to cancel the order as the delivery guy was waiting out for more than 30 mins for the payment. these.swiggy support people asked us to share the images ,which we did. the person named samir support person from swiggy claimed that it was correct order and even informing him multiple times that we didn't ordered that food. worst service",1,NEGATIVE,0.9996761083602905
a4db96b8-8e70-440e-aad7-2dc2baf911b9,good experience,5,POSITIVE,0.9998599290847778
440939d9-3441-4775-b01c-53281249c79e,the prices on swiggy are much higher compared to zomato for the same items. please look into this price difference and provide a reasonable explanation or correction.,1,NEGATIVE,0.9552828669548035
ec53e4da-88c8-48a3-ae4c-149d71effb05,"⭐ 0/5 — extremely disappointing experience with swiggy absolutely the worst customer support experience i have ever had. swiggy charged me a cancellation fee, but when i contacted customer support, they showed zero willingness to understand or resolve the issue. instead of helping the customer, they simply repeat their policy and close the conversation. if you can’t support your customers when there is a genuine issue, what is the point of having cus",1,NEGATIVE,0.999795138835907
ae6fd5f0-9e25-4c41-9809-6c4c7c4cc420,great,5,POSITIVE,0.9998630285263062
0a1e1f43-8c4b-4892-b011-e155c8748999,oʻmg,5,NEGATIVE,0.6147387623786926
ab09a8c1-00e1-4510-9768-1ed012408476,"dont have time to explain, but 1 star they deserve.",1,POSITIVE,0.8333143591880798
d49c8eae-207d-42a2-ad43-35b3980f82c2,good,5,POSITIVE,0.9998161196708679
6426cbdc-ec5a-421f-8a1e-d28d9ca86d20,earlier delivery 🚚,5,NEGATIVE,0.985304057598114
7cc5396d-f483-4a45-8e9a-14083af62c22,super,5,POSITIVE,0.998783528804779
9d37b4fc-5bae-417d-9e44-012ac58b4973,super 😊,4,POSITIVE,0.9331684112548828
3ad6b83a-eea7-44c7-a4a5-db6296c9752a,nice,5,POSITIVE,0.9998552799224854
344df30b-9fb1-45c1-aa18-847b1203d63a,nice,5,POSITIVE,0.9998552799224854
b6d6b3f4-75ef-47ab-82ee-94462bf60d33,excellent,5,POSITIVE,0.9998434782028198
de30a531-fd77-4a3b-b34e-2eaab626a1c2,good,5,POSITIVE,0.9998161196708679
eb091528-4fab-48ad-baf8-569b58c451b3,👍 good,5,POSITIVE,0.9998576641082764
22656a6a-497e-48f7-abdf-f12226bf9ffc,good,5,POSITIVE,0.9998161196708679
4a35ace8-0d6c-420d-88f5-b5aa7ed19c10,wow🩷😊😊😊😊😊,5,NEGATIVE,0.6970565915107727
a92fc538-9523-490a-88dc-e3f2e6742aa2,good food,5,POSITIVE,0.999862551689148
da19e9b1-c54c-4b47-9e33-fcbb16a9a428,fast delivery,5,POSITIVE,0.9996138215065002
fb5da33e-d9f9-4519-9d9e-80c3938f6073,good,5,POSITIVE,0.9998161196708679
4e72574d-da22-4be1-a5da-9b33e32bbbac,great,4,POSITIVE,0.9998630285263062
d35fccf9-8e17-4b96-8a28-6c98f2f2bf4d,very very pathetic service..,1,NEGATIVE,0.9995348453521729
3c8c7cd3-74b0-428a-a94e-f7bc9136ba93,bahut hi aachha hai,5,POSITIVE,0.9430794715881348
50df94f1-0e5b-4ec7-a4ce-4e703569c160,tummy pamperer and nourisher.😜,5,NEGATIVE,0.931892991065979
94c68085-2bfe-4296-bce8-82496b96580e,"today i placed an order for 1 bread, 2 small bottles of favoured milk, one kg. homogenise standard milk and potatoes for re. 1/- . i placed the order due to one item for re.1-. but when the order was delivered, the potato item for re.1 was missing and the instamart chested me.",1,NEGATIVE,0.9979508519172668
b2ce91bd-4b5e-416b-a601-c368f08c83c0,good 👍🏻😊,5,POSITIVE,0.9998576641082764
949ab877-0ba6-4524-b0f9-28a4a8e400bd,"swiggy insta showed delivery in 21 mins l, but the delivery took 35 mins...big basket is much better, when you are in hurry as their deliveries take no more than 12-15 mins.",1,NEGATIVE,0.982754647731781
f236e0d6-c361-401d-b7bf-dc38f024e5d5,all its partners restaurant return fraud.,1,NEGATIVE,0.9959261417388916
0a7ee383-dc8c-4a28-a790-5218b4daa210,"support is scripted and useless. received food i couldn't eat, then spent days in an email thread going in circles - templated apologies, an unwanted coupon, and zero actual resolution. worst part: the app won't even let me delete my account because ""swiggy money is active,"" with no option to remove it. trapped in, ignored on the way out. 1 star. don't even ask me to send email again. and don't post your usual copy-paste reply asking me to ""share order details"" - ticket #29367612.",1,NEGATIVE,0.9997664093971252
9f6a07d3-9e3b-4fcc-b24b-07e67fa72a9f,scams andscam me back electric fan bajaj,1,NEGATIVE,0.9989094734191895
5fddc27e-2b40-4ff6-9a97-6b1358f906d7,customer support services is very poor,1,NEGATIVE,0.9997850060462952
327c33cb-4a6f-4db6-a11b-2d730ca4a6db,good service,5,POSITIVE,0.9998499155044556
43bd977e-e128-4617-9004-a8d8124b0ed0,fraudsters taken much of rupees and time no resolution order from other applications,1,NEGATIVE,0.9987227320671082
b7d57ec1-d421-499d-b6fe-9cc7aba47f20,good app,5,POSITIVE,0.9998493194580078
64aeef36-19dd-4312-8048-7bd050323f22,"taking more than order gst,taxes, delivery charges etc",2,NEGATIVE,0.969087541103363
85eba3fb-dfdd-472e-b0ce-55aa7c9c675e,ok,5,POSITIVE,0.9997851252555847
615513fe-1904-4d1d-9f15-291a001c0881,"good👍😊job bhaiya night after 11 p.m. and 12 p.m. khane ka price 250 hona chahie vah bhi pet bhar ke okay koi bhi kabhi bhukha nahin sona chahie baki aapka dil, or aapki soch hai",5,NEGATIVE,0.9882869124412537
b582969f-e320-48f2-9653-20b1a6245d65,"worst customer support , totally fraud",1,NEGATIVE,0.9998032450675964
6b3d50a8-9b75-4e35-b554-53bff4499bb2,it is a bad,1,NEGATIVE,0.999811589717865
2ab28781-8e4d-49aa-ba61-21a8ddccf222,always late.. price hike.. no offers,1,NEGATIVE,0.9987825751304626
1f66e739-da3f-4a16-b19b-20d29d5b5b33,best swiggy,5,POSITIVE,0.9957603812217712
e039aa69-cc5c-4bad-9f22-674b3ec0dac4,yes bad,1,NEGATIVE,0.9970489144325256
206aff94-f9d5-43e3-97b0-6a4f4089d4ee,worst service.,1,NEGATIVE,0.9997956156730652
7c6c288c-a367-4afa-b2c1-17431d7265bc,good app,5,POSITIVE,0.9998493194580078
e75b2a74-fc6e-47b6-bcd8-f473114b4501,don't order this application..it's totally scam .. they have no any delivery boy for order.we r waiting almost 2hours they not delivered my order after then they cancel . they r wasting costomer time ...not any responsibility this swiggy delivery application.,1,NEGATIVE,0.9997448325157166
aa86a25b-48f7-48f6-820a-8da5d8d7b8f8,worst customer care absolute rude and so much of inconvenience talking to them!!! all the branches are worst,1,NEGATIVE,0.9998154044151306
62ecbc5d-e5bd-481b-b306-37d785ac0be9,refund should come fast more than 4 to 7 days that should me faster then the 24 hr that will be the best thing,4,NEGATIVE,0.9647972583770752
96a3b756-306e-4862-9253-67f5bd0e9846,jayda thik nahi fir bhi too thik ha,3,NEGATIVE,0.9883125424385071
610ac454-6b3b-41e8-bb0e-beb146d39760,great app,5,POSITIVE,0.999821126461029
b845702f-9c4e-4838-9801-d50526865715,worst service... very pathetic support and response. no one is ready to take any kind of responsibility of wrong order and wrong delivery. even not ready to do refund process. and it happens with me so many times. i would definitely not recommend. better you go with zomato.,1,NEGATIVE,0.9997989535331726
6e7f04b4-feb0-4079-a407-2005650e0a7c,"swiggy is a fraudulent app; i ordered two items but received only one, and swiggy isn't offering any help either. their service is terrible—nobody should order from this app.",1,NEGATIVE,0.9996684789657593
001b7b4b-c120-4310-a229-810229d7b9d6,very bad experience late night orders are the worst behaviour by the delivery partner and service centre also bad experience 😡😡,1,NEGATIVE,0.9998119473457336
00251f7b-da33-4ebc-aab5-e9c56b5d2134,good service,5,POSITIVE,0.9998499155044556
64e8b932-29a6-4552-84e8-dfb316f46bc5,good service,5,POSITIVE,0.9998499155044556
68478934-889c-4f0b-968a-01ae97ac3c80,worst customer care service and worst delivery etas never on time,1,NEGATIVE,0.9997859597206116
ac924a06-e3a6-4e4c-865a-70591be8c68c,totaly bakwaas,1,NEGATIVE,0.9788289070129395
b6041e57-889b-4840-9644-703bbdca3cde,i will order meal a dilevery boy to sacm me please dont download this app,1,NEGATIVE,0.9875608086585999
0872a240-9483-4137-84b3-a1706efb9656,nice price's,5,POSITIVE,0.9998282194137573
7ff06666-d46d-4485-b238-5b13d75a8222,nise varking,5,NEGATIVE,0.833785355091095
0c556e03-2c70-4c95-9f4c-f443fb50caa3,nice,5,POSITIVE,0.9998552799224854
c3befe52-3629-4de8-8a8f-3cb9d3e0979d,bahut bahut acha,5,POSITIVE,0.7547175884246826
a09cce4b-7721-4090-b049-2f7661a608cf,supar,5,POSITIVE,0.8584699034690857
17c1010b-1997-4a12-b722-dad36b77a6ae,mst service hai,5,NEGATIVE,0.8669747710227966
c5d69a13-b5f8-4482-adb5-989fc1f5d82e,very bad app (cheter) app i add five sweet on my chart and paymant and four will come,1,NEGATIVE,0.9993707537651062
4e37e31c-255d-4646-b167-c544739cee48,nice app,5,POSITIVE,0.9998061060905457
3bf9f4bb-9d0b-475a-8e26-05ef13a0434c,"one the recent experiences have been extremely bad. i had ordered food in godhra, the delivery partner was alloted, but food wasn't delivered even after one and half hour though it was supposed to reach within 40 minutes at max. the delivery time was shown as 4-5 minutes from about 30 minutes and delivery partner did not respond at all. this has happened twice. today on 9th aug, good was not delivered at all. total unprofessional attitude from delivery partner named jigar h vanzara, he didn't..",1,NEGATIVE,0.9992315769195557
d1363018-2e8c-4edf-a34c-6885e7f517df,thank u swiggy,5,POSITIVE,0.9992080330848694
f4a6db4f-98bf-44ef-aee4-776eb2b8d2c8,full support,5,POSITIVE,0.9998014569282532
bd328bae-20f1-4c6f-8090-d6869005fac7,good,5,POSITIVE,0.9998161196708679
bcc08052-be95-4464-88d0-4de01531f34a,"maine 11.15ko chicken biryani order kiya 12 baje mereko response araha hai kii delivery boy khana chori kardiya or phone switch off kardiya ye site pe khana order mat karo poor service,and delivery boy to chor hai",1,NEGATIVE,0.9978260397911072
3fde2beb-1b30-46d1-8745-c1de2f0b28f8,charges are compare to other app,3,NEGATIVE,0.7156326770782471
f8d4acf9-92b0-4c40-85ef-deabe87a5004,sweet,5,POSITIVE,0.9998382329940796
49b0a711-e5c9-4fe7-b297-051eb13c3c38,i ordered blue edition kinder joy spider man edition and they delivered me pink edition kinder joy and when i am go for complain at customer care there is no support very bad experience,1,NEGATIVE,0.9940525889396667
aba5950b-2a02-4254-bfd3-ab9252f0a036,very good 👍😊,5,POSITIVE,0.999870777130127
09ac53c7-0356-4977-b66c-1a4e420bf8d3,their dine in cash is cheat,1,NEGATIVE,0.9992130994796753
ca4437ac-bc96-4c67-bab4-4e7886774389,waisted time,1,POSITIVE,0.6582425236701965
c2f8099f-88eb-4c70-a661-5cac2dc2bc10,very good app everyone was use this app good service yar wowww 💃🏻💃🏻,5,POSITIVE,0.9939644932746887
6364bd39-18ca-4315-b1b3-a8651e219bc4,"swiggy service is very bad, i will never order again from swiggy",1,NEGATIVE,0.9996981620788574
2eea9780-7831-4760-84fa-74837d1d8ece,nice food,4,POSITIVE,0.9998700618743896
f355c700-09c5-4ed4-a901-209f5724b674,one of the most unstable pain to use apps ever.,1,NEGATIVE,0.9956678152084351
e73fca95-a68d-44ce-9f69-959373bc32b5,worst delivery,1,NEGATIVE,0.9998063445091248
509dc9e8-a2b5-428f-81b6-bd39e2f6ef0c,good,5,POSITIVE,0.9998161196708679
6ef2b4be-844b-4836-a38a-d571cf010f7e,ok,5,POSITIVE,0.9997851252555847
321b9829-8cfd-4f56-9181-876d65532f77,worst service..,1,NEGATIVE,0.999795138835907
49352a3f-8494-4889-9ed7-72366260fd40,worst delivery time ever,1,NEGATIVE,0.9998020529747009
a1ec719b-5fee-4c2b-aa16-c453b2ad8f2a,vary bad app for costumer dealing,1,NEGATIVE,0.9984822869300842
4ea1ab31-e8bf-49fd-bd09-68ee6ed00324,no coupon offer,3,NEGATIVE,0.9944397211074829
06cae9da-bf6c-4ebc-8f15-cfae0543277a,worst customer care,1,NEGATIVE,0.9998062252998352
69bc9516-a70c-47ec-b0ab-80374ef890ff,good,4,POSITIVE,0.9998161196708679
f243deff-2aab-4333-bdf7-0e10e41e757f,"we placed one order but they delivered in two orders and quantity of food is also bad after payment they are saying that we didn't pay we showed the screenshot also they were not listening and arguing with us they cancelled or order food is bad this app swiggy is not good, be aware of these frauds and spammers de aware of these spammers and swiggy is a waste app they asked for payment twice and cancelled the order",1,NEGATIVE,0.9997832179069519
56a5ddd2-78c1-4bd6-9474-14959568937b,good,5,POSITIVE,0.9998161196708679
f0c7d9a3-79b8-409e-855b-2e73a3f2192e,best,5,POSITIVE,0.9997941851615906
9c200c01-ddbf-4d6b-8b6e-a3629843f476,very nice,5,POSITIVE,0.9998563528060913
fef1985c-7b7c-419f-b415-23b91cdbf137,"kfc's service is very bad and no one is willing to take responsibility for this and this doesn't happen once, this always happens with kfc",1,NEGATIVE,0.9994745850563049
39d3b853-4dc2-4aa2-9806-d99a9aa03317,card payment issue,3,NEGATIVE,0.9518222808837891
f0ff7e31-3dab-4d3d-8be1-564546f9b3b3,good,5,POSITIVE,0.9998161196708679
0e75ad57-39b9-4bd6-9ab7-e9403787db98,good,5,POSITIVE,0.9998161196708679
2956b816-33f5-42eb-81de-016928c27bbb,very good pizza,5,POSITIVE,0.9998663663864136
68014eb1-f1a7-42b4-ad7d-e65dcbc54510,you better your app ui,5,NEGATIVE,0.7079743146896362
ea859388-5715-4b38-9154-06d497131418,"i have a small request for everyone across india: don't place any orders on swiggy. it's the most fraudulent company, and all the deals on it are completely fake. so, please don't place any orders on such platforms. this app is a very fraudulent company. a very fraudulent company, a very fraudulent one!",1,NEGATIVE,0.9995825886726379
80785f24-1961-4308-9a71-a898858ffe3b,good 👍,5,POSITIVE,0.9998576641082764
61cc0604-f422-4a40-9c2f-4202393dc971,good,5,POSITIVE,0.9998161196708679
18e19c20-2095-4ed7-817a-020aee0035b3,"instamart customer service is really very poor. most of the time, items are missing but instamart don't investigate or resolve. the worst part is they do it repeatedly these days.",1,NEGATIVE,0.9997938275337219
570117ec-9695-46be-b886-939f75d1c6c6,swiggy g.o.a.t for food delivery,5,NEGATIVE,0.9990153312683105
7f498b37-0cc2-405c-ac58-6343c62449b9,good,5,POSITIVE,0.9998161196708679
d1ecf56b-65fb-47a2-a815-8c9f08333632,bahut jayda time leta hai,1,NEGATIVE,0.8737292289733887
84ea5a99-0d88-4a07-a8dd-c6fcee109bab,cash back,5,NEGATIVE,0.843791663646698
4b92504e-dce0-43f6-b12a-4b2aa8ccfa40,"we shouldn't use this ,.most of the time fake",1,NEGATIVE,0.999538779258728
e50bcbcd-1044-45dd-bd25-990c33134f08,cash on delivery option hi nhi aata bakwas app h,1,NEGATIVE,0.9895658493041992
09c4b077-6a01-464b-95d2-bfb86674cb6b,worst customer service go for zomato or any other app,1,NEGATIVE,0.9997995495796204
a6d1a05d-324e-41ec-9364-712719e5cade,inflated prices to provide discounts cheaper to dine in,1,NEGATIVE,0.9995498061180115
8fafbe29-3da5-4a77-a845-ac5a59fca1f5,i have a special coupon from you swiggy you give to me,5,NEGATIVE,0.9398856163024902
6e550ace-d4af-4ff3-a718-582e6ca5459e,good,5,POSITIVE,0.9998161196708679
6407a2ab-7770-4e9a-8586-207bfe0e240e,worst,1,NEGATIVE,0.9998016953468323
25cba667-dfef-4457-811e-6d7b92ff785d,"ordered from swiggy, resturant denied pickup to rapido delivery agent. no action on resturant taken. i was waiting for order for 60 min.",1,NEGATIVE,0.9975060820579529
b0c2e3b5-c413-4f0a-b90f-16c3074253bd,good delever app,5,POSITIVE,0.9997679591178894
3c0d4586-0c54-4ea8-8266-66a4025e2e54,very nice delivery service..👍🏻,3,POSITIVE,0.9998216032981873
7520793b-a733-4bf4-98ac-6c6e4d41284a,good,3,POSITIVE,0.9998161196708679
ececfe30-8bb8-48f4-8697-147571c79b2f,swiggy customer support number kya hai apka. worst app.,1,NEGATIVE,0.9998055100440979
97dacab0-5345-4029-92ed-6050c5e10f6a,"worst customer support, when food spilled during delivery, will get 20% refund only, zomato is far superior to this swiggy",1,NEGATIVE,0.9993686079978943
a7b32545-0f58-44c5-bc31-fb8548a78391,customer friendly,5,POSITIVE,0.9975674152374268
607aa9a2-9bc6-44ab-b56d-0274a948e7f6,good and very quick and many offers,3,POSITIVE,0.9998806715011597
01463476-e4d3-499a-90b4-6bbe3ec0425a,good job,5,POSITIVE,0.999835729598999
dee979ff-2361-4ee3-b6a8-d1394f95f364,they are never on time. their delivery agents are not trust worthy. my food got stolen on its way.,1,NEGATIVE,0.9997172951698303
248d22e1-e7d8-498f-aa94-16a24aa8131e,very bad not good delevery on time and items missing,1,NEGATIVE,0.9997794032096863
1a55e83b-d9c7-4446-86cb-86db6e40715e,super,5,POSITIVE,0.998783528804779
fd43fdea-bac0-4ad9-ba06-d70ff0ca41fa,horrible service ... delivery delayed by 2 hours .. and not even refunding the money,1,NEGATIVE,0.99979168176651
e3728dd5-8254-4ffc-8d9f-e1f7c4dba840,super,4,POSITIVE,0.998783528804779
a8b9a401-1553-4e0c-9d6b-d34dbecbc4c9,nice,5,POSITIVE,0.9998552799224854
277cf118-6133-4635-83a1-3caf8ec26231,good service,5,POSITIVE,0.9998499155044556
0bd331c8-8489-4cd5-9087-06c2a8a7d6d9,good,5,POSITIVE,0.9998161196708679
02efd7c7-3626-4a32-8cca-241f7c7fa1b2,very bad experience inse order karo to all time delivery partner natak karta hai kabhi time pe nhi ata h.. or kahiyo baar mera delivery cancel ya late hua h or ab to in logo se bich raste me lene jana padta h kyoki ye log a hi nhi pate to meri request agar aap dur ke order nhi le sakte to aap cancel kar diya kare faltu coustomer ko bethaje mat rakhe very bad swiggy,4,NEGATIVE,0.9997889399528503
6ef6970a-9bef-4eeb-a880-04135779492a,nice,5,POSITIVE,0.9998552799224854
6725bc37-0ded-47ea-892d-e3d892188274,veri good 👍😊,5,POSITIVE,0.9993606209754944
196178f4-1958-4fe8-ae01-a14116c3681a,best app forever ♾️,5,POSITIVE,0.9996713399887085
d163257d-f250-4202-a4e4-2f4c0a21b5a4,fast and secure,5,POSITIVE,0.9998388290405273
9d5633cd-49ec-4eb2-a210-e81fd50141ba,getting order delayed for last 3 orders.,1,NEGATIVE,0.9903573393821716
aba6e4d9-969f-4e0c-bef5-bf80335970cb,very good 💯😊,5,POSITIVE,0.999870777130127
01db614d-0578-412b-b464-845db1d6c245,super,5,POSITIVE,0.998783528804779
90396cfb-3908-4de3-bbbd-38afb2c54be5,best food delivery app. i recently had an issue with an order and swiggy was very helpful with solving the issue as quick as they can. excellent app as well as excellent customer support ❤️,5,POSITIVE,0.9997273087501526
8c9b392d-49bb-4ddc-8bcd-5b4be02cf225,"using swiggy was good in the beginning, but now we get very little quantity of food at high prices. when we buy food from places that charge a lot, we get the quantity we would get from roadside stalls. the truth is that for food that costs around three hundred rupees, there isn't even the quantity of one hundred rupees. because of this, your service is getting very bad. there are many other food services now, and even better services will come, and then all this will backfire. before that happe",1,NEGATIVE,0.9996649026870728
488c8376-6065-4451-a0d3-01f410e3e84e,best one,3,POSITIVE,0.999826967716217
87b86f12-be4a-4a3f-abaa-ef6ae353465d,good 👍,5,POSITIVE,0.9998576641082764
0f457e06-e4fe-4783-9d35-fe6df039e46c,zomato is better than swiggy,1,POSITIVE,0.9946876764297485
ac51a032-a217-43e1-9d64-ddb3ed4a6871,good,5,POSITIVE,0.9998161196708679
a6511837-48e0-4eb6-8581-4503a42e6fb3,thankyou,4,POSITIVE,0.9998428821563721
4d20b16f-c344-4877-ba08-40fe19c75a60,fast delivery,5,POSITIVE,0.9996138215065002
9603d8ca-3d23-4f54-9077-805a694560a6,good 👍,5,POSITIVE,0.9998576641082764
d7356837-0af7-4427-bcea-e3ffb885e0c0,good work,4,POSITIVE,0.9998413324356079
e9ac2ba1-d0f4-4d12-9874-3653dd21c8d9,1 rupee store is awesome i liked it very nice app,5,POSITIVE,0.9998378753662109
ae6f85cb-95df-4273-a2dc-de97b4a1f887,while paying around 200 was added for no reason.,1,NEGATIVE,0.9996236562728882
4679359d-a5d3-4f11-8087-c5a9f23cd01f,so far so good,4,POSITIVE,0.9998385906219482
23fb2af6-ab79-4daf-9e56-4dc37edf8a7e,great,5,POSITIVE,0.9998630285263062
11dbebb9-a5fb-4a1d-84ca-8e4246729702,super,4,POSITIVE,0.998783528804779
e2bc32a5-bac0-4eb3-abbb-64f7066ac9a0,your service very slow very bad,1,NEGATIVE,0.9998080134391785
734b6211-232f-4776-9bd2-22e753218b3d,"very bad experience, not once but so many times. order is always delayed. tales double time than what is displayed. and their customer executives don't take the responsibility for order delays. no refund for delayed delivery. don't use uninstall the app",1,NEGATIVE,0.9991616010665894
4bfb3900-87f5-413f-bedb-1843be4935d8,nice 👍,5,POSITIVE,0.9998424053192139
d4f429ab-d9cf-420a-bcb1-646fc9f98368,nice,4,POSITIVE,0.9998552799224854
76067c3a-2686-43d5-8699-4bd1529e80f6,"worst app, don't download it",1,NEGATIVE,0.9997676014900208
e2dcf03c-8509-4d50-86c5-41121a8d91bb,good,1,POSITIVE,0.9998161196708679
35044eac-3108-479e-b571-6a0ea844f5f9,cash bhut acha h,5,NEGATIVE,0.9006727933883667
d4a24c19-6054-431c-ba74-c72efa6d7230,best,5,POSITIVE,0.9997941851615906
9b91cd60-e879-45b9-a3d3-39cf8dea3c36,very bad,1,NEGATIVE,0.9997884631156921
1e52c764-ff5b-4d49-a070-5222010d4eef,this app is the worst app for delivery my first order takes 1 hr 30 minutes to get ready,1,NEGATIVE,0.999809205532074
72d22121-0a0d-42c7-972d-ac5a22274107,great 👍,5,POSITIVE,0.9997692704200745
87d07e2f-ac55-487f-a140-f745f87c08b2,late delivery bad delivery system.9 mins from past 15 mins over it showing 10 mins only,1,NEGATIVE,0.9994502663612366
ce8823a1-8618-4a1c-b1de-2cbd1cb6695f,nice,5,POSITIVE,0.9998552799224854
cc313a71-49f6-44ea-82fe-d48daab352ce,good,2,POSITIVE,0.9998161196708679
e614f937-4bc1-4d5d-90a3-6a01c3451deb,discount on my sbi platinum card not received,2,NEGATIVE,0.9946244359016418
02eca450-d9aa-46c7-94ce-899ebad748c7,behtareen,5,POSITIVE,0.9932519793510437
8e363c3a-8780-4dfe-a985-92463a21a26b,very good,5,POSITIVE,0.9998520612716675
71063c0b-5ee2-4593-aac4-c9a8dea0728b,day by day the experience is just getting worse like almost waiting period is 1 hour 30 min to get delivery from 2 km far restaurant. they assign delivery partner late and sometimes they have not even assign a delivery partner and cancel my food i have also done call from restaurant they told me that not a single delivery partner has came.,1,NEGATIVE,0.9994205236434937
31bd494e-627a-445b-8090-a63f07c6bbe9,nice,5,POSITIVE,0.9998552799224854
b28bf57e-8272-4931-823d-8a64368ac09d,zaggle card was not working,1,NEGATIVE,0.9997833371162415
a8d478df-c748-4ea0-9255-b0b0c21bb392,nice,4,POSITIVE,0.9998552799224854
8813af9e-f1fa-4ef4-ac86-1df2f47d1773,good 👍🏻,5,POSITIVE,0.9998576641082764
b69aa29e-aa9d-4bc3-a15e-154bea3b74b8,excellent,5,POSITIVE,0.9998434782028198
d84fd85b-d3c4-4744-9bcb-6131936a729b,time consuming very slow,1,NEGATIVE,0.9993090629577637
08c89b03-a28f-44de-9b62-66fcb97d33d0,nice,4,POSITIVE,0.9998552799224854
5e5ccf9e-55af-4cc4-80ec-0ee24ac039cd,good service,4,POSITIVE,0.9998499155044556
37e43c13-7ea7-4027-af65-fd71eb4ecb14,nice,5,POSITIVE,0.9998552799224854
305a3c85-ed07-422b-95bc-25a20b2e46be,ypur service is totally bed or rubbish,1,NEGATIVE,0.999354898929596
2705c4bc-cd4b-4f4c-860c-d84136cae47d,to many ads,1,NEGATIVE,0.9721400141716003
3e49e4cb-3316-419f-85b8-188bce6f19c0,worst app.. it shows 1rs deal on some fixed amount of cart.. but the items are never added to cart .. i have tried with all my numbers. that offer seems misleading only,1,NEGATIVE,0.9996015429496765
290942a9-4b48-4d18-8701-9a3482d327e1,i didn't get the order 😭,1,NEGATIVE,0.9990476965904236
2e64c4ee-1253-4b4a-b1f0-35cedd5b5011,very bad delivery experience and also refund not given by swiggy when cancel order after initiating cancellation ticket just 2 minute after ordering.. also swiggy customer care executive say that please collect order otherwise refund not given.. swiggy app not update cash on delivery order and then after i ordeed pay online,1,NEGATIVE,0.9994217157363892
1aad32bc-2be2-4588-844f-825813154c35,worst app ever they deliver your food late worst customer support,1,NEGATIVE,0.9997956156730652
1f199cc6-e84e-46a6-afa1-32859732dbd4,worst app always tries to fool customers saying on time. reality is completely different.,1,NEGATIVE,0.9928799271583557
ace9d64a-8382-47e7-a0cf-107d7f3067b5,i have pay delevery expanse extra but late delivery .,1,NEGATIVE,0.9953919649124146
bbbfde71-df99-4c6f-9cd8-39192f1ebb53,the charges have burst through the limit. the difference of an order at a restaurant and through swiggy for a single person's meal is now 200+. that makes double the price. even for a group of 4 the diff is about 600. i have stopped using swiggy for months. lots of spare money for that additional sweet now!,1,NEGATIVE,0.9950696229934692
70d4441f-724b-46a3-87ad-0009f1f82cff,"swiggy is fake! nowadays, just a gimmick continuously giving notification about offers and in my city they're showing 70% off upto 120-140rs but when you apply it, it says items are not eligible for this discount even when i'm selecting non-discounted products. clearly that's just a gimmick to attract customers because i've tried it a 10times with alot of restaurants, they call it delulu4food coupon! this is so frustrating that it made me delete my account! also you cant chat with customer care!",1,NEGATIVE,0.9995715022087097
c2dc8ba6-04ea-406f-8309-476c38517329,nice food order app,5,POSITIVE,0.9997847676277161
a8d3c171-dc44-459f-ada3-9ce55cc7ddaa,good,5,POSITIVE,0.9998161196708679
145f602f-0be3-467d-be42-d34cbc55c1dc,good👍,5,NEGATIVE,0.6970565915107727
21048d8b-ed17-4c8d-9cb7-4099e26c0e1f,"worst app, annoying algorithm, worst support. i have thought many times to let go but today finally i am uninstalling this app & that's the best thing i'm gonna do today.",1,NEGATIVE,0.9965634942054749
6be802ef-685c-4f06-8b28-b481e4f6e6b6,good,5,POSITIVE,0.9998161196708679
c8135999-eedd-47cb-aad6-c1dddf219de5,good,4,POSITIVE,0.9998161196708679
c4ee1e85-ad61-405e-9959-737d22ceef1e,delivery time longer than showing @ordering,1,NEGATIVE,0.9967592358589172
ea3cf927-59fe-4d9c-a04c-b167ff471040,"worst app ordered food from a resturant which had housefly in that , and when i tried to report the complaint they said will respond on mail after 6-8 hours , what sort of service is this if the problem with the food is right now , how does it make sense to respond after 6 hours , people are spending money to order food here with trust and this is the type of service they are providing , pathetic!!! and they have taken out customer support number too . better not to order from here",1,NEGATIVE,0.9997370839118958
5f3f75ed-d6de-4f45-a2e5-37941fb5f1cf,nice,5,POSITIVE,0.9998552799224854
1a4d3a2d-20ff-454d-a78b-76a9e673899c,"there are already a lot of extra charges, so reduce the delivery charges",4,NEGATIVE,0.9978031516075134
5250c43d-817f-48dd-9159-ab1ee4f12e7c,nice,5,POSITIVE,0.9998552799224854
fe9145dc-a6dc-4250-ab28-987aaed8954e,good,2,POSITIVE,0.9998161196708679
253389eb-f729-48e0-9726-0a96a9903576,nice 👍,5,POSITIVE,0.9998424053192139
16d32775-5ae0-41d1-9d48-8165c0eebab6,nice,5,POSITIVE,0.9998552799224854
c1b5a320-3168-4a11-ab7a-67b46b6eb7ea,"worst app to be used to tier 3 and 4 cities, worst customer service, they do not know how to talk to a frustrated customer, even swiggy shows 40 min delivery but food arrives after 1hr and 30 mins, even after food artival it wouldnt be packed properly, anything could happen to thefood, delivery agent can add something because we call him asking about food..i would urge people not to use swiggy in tier 3 and 4 cities",1,NEGATIVE,0.9996488094329834
03b97e62-ad36-4dec-b73f-5ffecada6bb9,very good,5,POSITIVE,0.9998520612716675
530f18bc-5d82-48a3-a748-da2502605209,very good,5,POSITIVE,0.9998520612716675
4aa1b33c-6424-43d3-bc80-259e645e90ec,very useful app,5,POSITIVE,0.9995785355567932
c878c419-02e5-4131-93a5-5a0d0c998e03,good,4,POSITIVE,0.9998161196708679
3092148d-7118-4db1-8aef-8430e972ac40,nice,4,POSITIVE,0.9998552799224854
8044e311-a8a1-4f79-9e1f-31d45439dce1,suppeb,5,NEGATIVE,0.9952707886695862
3502ff7b-0566-443b-817b-04866696f40a,bade behaviour delvryboys,2,NEGATIVE,0.9995324611663818
c27abcd3-8cd8-4255-9cae-42e62b5f4ca1,good,5,POSITIVE,0.9998161196708679
28ed27c1-282e-4ac4-80a5-e3a1d8a7cee3,verry nice 👍,5,POSITIVE,0.9995768666267395
9a2fbfd3-6a0c-4789-8e3f-f1baeab177c3,order let time recieve costumer this is biggest problem,1,NEGATIVE,0.9995294809341431
8b9fe795-5321-472f-b362-4dabbf859276,good,5,POSITIVE,0.9998161196708679
e1a1bd11-a030-46fe-a457-212b07277e6e,thankyou,5,POSITIVE,0.9998428821563721
b589383d-92db-45b3-8f78-e80cb1221dbc,very poor experience. they deliver you the bad quality product and if you raise the concern they will offer a 50% refund. means they are selling the bad quality items at 50% discount,1,NEGATIVE,0.9997009038925171
7eac4632-6799-45f5-b8e1-e0788850b38f,great 😸,5,POSITIVE,0.9997692704200745
df84d394-7c67-4bcf-896a-f1428cd513b8,app overall is good but it has always been noticed whenever order something delivery guy never contact me the customer most of the time i personally have to check if order has arrived or not and even when i tried to contact them it always go blank really disappointed with the service,2,NEGATIVE,0.9953422546386719
3f508207-59bc-4b79-a706-d823fdefbf92,time taking,3,NEGATIVE,0.7481459975242615
90bfe793-9715-44fc-96d9-a6751ddfb795,good,4,POSITIVE,0.9998161196708679
e4fec85c-c2fa-4770-a35c-6d793dea19d3,perfect app for suitable food delivery,5,POSITIVE,0.9997130036354065
8ab95f76-ceee-4a92-bb70-256744f1112a,"⭐ 1 star the prices are much higher than the normal market price. the additional charges make the food unnecessarily expensive. i understand that delivery may have extra fees, but the overall pricing feels unreasonable. please review your pricing and charges.",1,NEGATIVE,0.9969301819801331
ca02ac39-b19b-42a7-955e-6f34c3b5a1e8,also good,3,POSITIVE,0.9998500347137451
4194fb7c-8006-445a-8060-4f5a90a12f61,pathetic app after even mishappening by them they don't initiate a refund it's a waste of money.,1,NEGATIVE,0.9994756579399109
16b45ebe-2557-43dd-a53c-1ef528d8d1c6,"the app is very helpfull and i reward all person use this app ,😊😊😊",5,POSITIVE,0.9989438652992249
a16ef866-9c87-4d38-b2e9-4830a1622ab9,super test,1,POSITIVE,0.9239938259124756
fa4fb124-bd72-45da-956d-c451c99fda77,better,1,POSITIVE,0.999264657497406
73b4ee25-7fdc-4607-b21f-0ab164e62b0b,very good,5,POSITIVE,0.9998520612716675
f3bf51a0-9884-4e5a-9f8d-304922938482,best app and best offers,5,POSITIVE,0.999711811542511
d6bf4afc-a0c4-4369-92f5-6797040d3a29,swiggy for easy food orders on your hand any time,5,NEGATIVE,0.9906973838806152
5ddf4aae-8833-47a2-9937-b91f7aa2ac3d,pathetic at handling customer service and complaints,2,NEGATIVE,0.9997785687446594
f28e9d25-f12e-49bc-9ee5-30e672f18834,pathetic! no resolution to my issue and closed the chat.. now i cant even chat again..,1,NEGATIVE,0.999788224697113
0e60f39c-9bed-4743-9e07-4af05ab96838,good,5,POSITIVE,0.9998161196708679
693139bd-8f1a-48fe-9e5e-488c71725e2f,nice,5,POSITIVE,0.9998552799224854
44355bb3-090f-496b-94d2-da80b7c7a4cd,nice pj,5,POSITIVE,0.9998137354850769
c89868d3-07fa-4bdc-a4d5-0a319d18133c,worst app ever...,1,NEGATIVE,0.9997828602790833
e265ac58-27d7-482f-9d97-1b598e57e84b,good,4,POSITIVE,0.9998161196708679
525f3d42-b597-4910-a441-59f51ce4a5cb,good app,5,POSITIVE,0.9998493194580078
da157301-5e65-476c-95a6-abccd614c7de,nice app,4,POSITIVE,0.9998061060905457
7046653b-7967-4268-a49c-7ef229dc0d98,nice service,5,POSITIVE,0.9998397827148438
63575e8a-d5c4-439b-a0fe-bfa80ebd33cd,good,5,POSITIVE,0.9998161196708679
43fb3749-9790-43fc-92a8-a4e551b8d8f7,good 😊,5,POSITIVE,0.9998576641082764
320e0889-e349-481e-aa4b-68a51942cad5,super quality 👌,5,POSITIVE,0.9985858201980591
61b93207-8af5-45d8-9ba1-deb75624a546,"this is an extremely disappointing and unacceptable customer experience with swiggy. i placed an order through swiggy and had already made the full payment. it took approximately one hour for the order to be delivered, and when it finally arrived, i was given a completely different and unrelated order instead of the order i had actually placed. i immediately tried to contact swiggy customer support, but instead of resolving the issue, i was made to wait for almost another hour.",1,NEGATIVE,0.9997989535331726
015b8be1-adbe-4b49-8b5f-ad9be51a43dc,must go for aurevia kitchen..delicious food..quick delievery,5,POSITIVE,0.9995111227035522
ee64cf10-e4fc-4756-afb2-ea6467f492aa,not a good service and bad response by customer care,1,NEGATIVE,0.999737560749054
4ecd55c2-940c-41d3-a480-6e8f9f514e9d,swiggy boy give me half plateparssal and take full plate amount,2,NEGATIVE,0.8685017228126526
a3530891-e8af-40ee-9325-3a5636b9e6f7,very good,5,POSITIVE,0.9998520612716675
8da13a72-f7ea-47d3-8afd-47e4bda77f09,"nice but because all the offers are good and better than zomato because we can't get that much offers there and by having this app, it's very very gooddddd",4,POSITIVE,0.9997037053108215
b68d12ae-b663-4800-91e7-18869d534586,good l,5,POSITIVE,0.9998242259025574
75918e94-566c-4a29-9cb9-2cf6fc282b4f,👍 nice,5,POSITIVE,0.9998304843902588
fb87cd81-7dac-44eb-a51e-9571da0405b8,app gets stuck all the time.,1,NEGATIVE,0.9990469813346863
3ca84fb5-67eb-4826-beb7-12654db68d55,good,4,POSITIVE,0.9998161196708679
0ce1bd12-c52a-49a9-ad3f-c76110b7b016,very good,5,POSITIVE,0.9998520612716675
faaefc11-4ea1-4777-82a1-ead20dfa0594,this is. my 1st order i am happy,5,POSITIVE,0.9998735189437866
5a64857b-538c-4e23-b583-e48718be4b2e,waste app sorry,5,NEGATIVE,0.9997668862342834
10fd70bf-32f1-4c14-9d18-c28e6e79fca2,v good,5,POSITIVE,0.9984826445579529
5305985b-9803-421a-ba04-9ccce8da254e,cash on delivery option is not given very bad 😞😔,1,POSITIVE,0.9904029369354248
41beb027-61d6-4daa-8c10-ba844fb7c645,super,5,POSITIVE,0.998783528804779
e793f411-0d19-45e4-a662-c3641f95136a,good,5,POSITIVE,0.9998161196708679
690d6a97-4133-4220-af84-62b0b28450fa,tasty food,5,POSITIVE,0.9998761415481567
86ce7995-d21c-4378-9ae2-cb4663c2687e,excellent 👍,5,POSITIVE,0.9998458623886108
0a879428-3a27-4ce3-93a4-fd3462155d5f,very good service,5,POSITIVE,0.9998648166656494
84fb0de1-09e9-4ce2-9b77-7fe75348af61,"worst app not showing payment methods, forcing to open its upi 🤮",1,NEGATIVE,0.9997320771217346
69b349bc-dc17-409c-b2a7-350d2f5b2d26,"sbi dc offer can't use. during payment it says your cart value hasbeen updated but during other method of payment it paid. so, offer is only for shows not to use",1,NEGATIVE,0.9862504005432129
9ed3a596-7236-4b5f-9002-855f29864775,very good,5,POSITIVE,0.9998520612716675
ebd5b8bc-bb24-4aec-9408-f2fb09d41a28,to much cost on every item 🤬,1,NEGATIVE,0.9781476855278015
2e14a8a7-66aa-4139-8370-4d613fe6d427,first option always swiggy,5,NEGATIVE,0.9974430799484253
4522791d-223f-43b1-8489-f5f349068aec,"extremely disappointed in swiggy, didn't deliver my product, and when i complained about it, they couldn't proceed with the issue handling as it was too late. i just wonder how my item got missing. thankfully, i will no longer be using this app,there are many better alternatives in the market.",1,NEGATIVE,0.999427318572998
6db6599b-2b62-44da-b6f6-178156c1520a,good,5,POSITIVE,0.9998161196708679
c9263853-7daa-4500-8554-d303fadaa187,very nice sarvice swiggy,5,POSITIVE,0.9991254210472107
9e467dcc-b172-49a1-8151-cd75588376cc,nice,5,POSITIVE,0.9998552799224854
280cbe4c-2bf4-417e-bf4e-64bf7a23c036,rate high,1,POSITIVE,0.9995796084403992
ad4b4c63-1405-4aaf-bc22-a33c407dfa04,nice🤩,5,NEGATIVE,0.6970565915107727
957b83d2-3864-4958-b437-9814251603d0,nice,4,POSITIVE,0.9998552799224854
2a229ff9-2d3d-4e5c-872d-8648f3ccc6c8,very good food partner 🤤,5,POSITIVE,0.9998329877853394
2f8f973f-7742-418a-b8e3-ee10a52eb0ca,nice,5,POSITIVE,0.9998552799224854
05396230-4b23-43f3-9d9f-733ab0622536,good service,5,POSITIVE,0.9998499155044556
f4df2e60-1a6b-4c61-ad7d-a94d47c541a1,delivery and hidden extra charges are a problem,3,NEGATIVE,0.9990363121032715
ad18ce79-dde6-459e-bf2f-575b42d72feb,mast,4,POSITIVE,0.717346727848053
95381824-6bad-46fe-bf1a-bfeea259159a,worest i ordered food amount was deducted but order failed it's been more than 24 hours still i didn't got refund,1,NEGATIVE,0.9959421753883362
29950859-49fc-46fc-84c5-fff1b23101a1,a perfect!!!,5,POSITIVE,0.9998711347579956
79dbcab7-8974-43b9-9a85-304de0bc1daa,very nice,5,POSITIVE,0.9998563528060913
26403f9f-a6dd-447c-baaa-19e0ac5bd58f,super,5,POSITIVE,0.998783528804779
2ba98972-4c1e-4216-8308-0922db737427,this aap is working good 👍,5,POSITIVE,0.9996150732040405
8468213b-bb21-4d7b-bd8c-b932ecc4dedf,nice,5,POSITIVE,0.9998552799224854
0b4b21b1-9252-4737-a8ab-eda7596d81cd,good,5,POSITIVE,0.9998161196708679
f3f3a794-dab2-405f-9aab-d012c330a21e,good,5,POSITIVE,0.9998161196708679
bb082e36-ef48-4595-a646-3feda3ff2e26,good,4,POSITIVE,0.9998161196708679
9d30621a-e00b-4cd1-8cd3-637b0f17faee,very very very good,5,POSITIVE,0.9998657703399658
90288381-fa46-4977-b360-55fc5fcb546f,we get heavy discount we love this app 💖,5,POSITIVE,0.9989245533943176
42213d22-8358-484e-9ffd-40bedd5cc9b9,good,1,POSITIVE,0.9998161196708679
5130d88d-0f30-47b3-a10b-7dd8ddeb5cb7,awesome 👍,5,POSITIVE,0.9998607635498047
0db6688d-e85f-4632-a276-dd67d2150c54,good,5,POSITIVE,0.9998161196708679
e1ddfb86-a540-4f6e-8703-c0f93bfd8b69,good,5,POSITIVE,0.9998161196708679
e793c0f3-085c-4fdd-956e-3809ae312b02,well done,5,POSITIVE,0.9998384714126587
64c03300-d51a-41d8-b773-ccf83210de6f,good,5,POSITIVE,0.9998161196708679
2d00134b-02b4-4336-bbae-070b7d5be68a,best,5,POSITIVE,0.9997941851615906
d69a932a-6826-4b06-91b7-4b201c018409,ok,4,POSITIVE,0.9997851252555847
8b629ed5-ba8b-47ed-942d-cfec1a51dbec,garm dijyega,5,NEGATIVE,0.8374968767166138
9924d531-c166-47e3-b402-84337d762790,i just love this app!!,5,POSITIVE,0.9998805522918701
99d8d7f5-65cb-42e6-b949-c3d026b3d25c,"pathetic support. they send you cake full of ant, after that no response on email, no connectivity on support.",1,NEGATIVE,0.9996856451034546
3a7be52c-b87a-4bab-a920-78c8d9a3c58a,good,4,POSITIVE,0.9998161196708679
b5c7aa1c-a5b5-43ae-b25a-208f54f27e93,"my first ever experience on swiggy, and it was terrible. they don't have an appropriate grievance redressal machenism, they keep assigning an ai assistant which is useless. i made an order which was spoiled and had a foul smell and very bad taste. i tried a lot to seek assistance regarding the issue but it felt useless, i didn't get anything in return. there is no option to review/rate the products we order. there is no refund policy for such experiences from any authority, such a waste of money",1,NEGATIVE,0.9997846484184265
f3d5e172-b5d5-41d8-ab32-85224cb29e5d,worst app... at first they promise you that the food will get delivered on time and then you will receive the order and hour later and on top of that the food will be cold and wet and you won't even get any kind of assistance from them ...,1,NEGATIVE,0.9998183846473694
197dc01e-28e8-443a-bfcd-ca2688cd72a1,very good 😊😊😊,5,POSITIVE,0.999870777130127
8ac2aa62-2849-49a9-8471-5ceed27a16f0,no proper customer support,1,NEGATIVE,0.9997695088386536
8d3974fd-70ca-4bc9-a45b-3a32de557191,very good app,5,POSITIVE,0.9998675584793091
7544b8b7-ec24-4734-b346-6695d2d633bd,super,5,POSITIVE,0.998783528804779
0fc2c4f7-ee8c-4949-b6b9-55ef2582981c,good 👍👍👍👍👍👍,5,POSITIVE,0.9998576641082764
0d2eb43e-3b3d-4adf-94a4-c791ec351e4d,good service,5,POSITIVE,0.9998499155044556
5f7ab19b-0166-47b7-8ce4-b2104287f5f5,very good,5,POSITIVE,0.9998520612716675
ff14af94-9a80-4fb3-99f3-f3f9dcdda237,very bad 😞😞,1,NEGATIVE,0.9998021721839905
3d4f874e-c82a-475e-a5f1-3819261f1b95,my coupon that i got after purchase was removed although its expiry date was not yet passed.,1,NEGATIVE,0.9980873465538025
a7ecc55c-8f98-4994-8a24-11989b346408,"if your order has missing item, then it's customer who has to pay the fine. horrible service from swiggy.",1,NEGATIVE,0.9995852112770081
87c177a5-8691-4a1e-846e-1de4449712ef,"excellent work, and time to time delivery..",5,POSITIVE,0.9998651742935181
a28af6a8-a17d-4412-ae6a-00e99d94bce4,"my cancel order money is not given back. swiggy 4.5 rating is fake rating, 1 star is perfect for you",1,NEGATIVE,0.5738371014595032
b6116b8d-1fac-416f-8aa9-1f944478dc3a,it is so is expensive and very nice,5,POSITIVE,0.9998483657836914
f2511a4d-5e95-4735-a189-e2d05cdeb92e,excellent,5,POSITIVE,0.9998434782028198
797d295c-9e4b-4191-a878-2d487818af72,very good,5,POSITIVE,0.9998520612716675
2cbf7af1-eb4d-4e39-bf19-af3d8e5404be,good,5,POSITIVE,0.9998161196708679
98657dcd-1455-4cbb-920e-925f25be53a0,i was using swiggy from 2 years nowadays they are doing fraudulent activities yesterday i was ordered 4 things but 2 things came they are not giving refund instead that are offering coupon worth of 50 percent of product excluding gst that also valid for 7 days ok i have leaved that issue .today i was selected 3 rolls of 99 per piece but at last bill amount showed 230 rs i was happy i thought yesterday coupon is redeemed but after order deliverd it was only 1 roll and i have checked from the orde,1,NEGATIVE,0.9896480441093445
d8aaa7e5-a88a-4fc1-af9c-6eaad88a4159,very good,5,POSITIVE,0.9998520612716675
dc6b9da0-89dd-4a72-bcd1-70d3f293806a,good,5,POSITIVE,0.9998161196708679
16603f41-f388-4fd3-8f1f-ded3cd074fb8,dekhte h first time h,2,POSITIVE,0.9953179359436035
32b9ef04-257c-4e7f-b99e-28625e35823d,best,5,POSITIVE,0.9997941851615906
04685d56-e6e6-45a2-a6f0-a1bab7b82280,worst,1,NEGATIVE,0.9998016953468323
44abcb2c-e2da-41d9-b3e1-fd1c03d0f7e2,good price,3,POSITIVE,0.9998327493667603
97b7af24-bd06-48aa-addb-e49180dcff3e,better food,4,POSITIVE,0.9994358420372009
254c282a-384c-4903-b1fb-e43b114ea5b4,apply gst,1,NEGATIVE,0.5831733345985413
9f18bbc5-c2b2-47b7-83ce-d5c316487ab9,good,5,POSITIVE,0.9998161196708679
12aabc97-1c68-46dd-b978-2dd374955571,wow,3,POSITIVE,0.999592125415802
c363710a-8893-4915-b7e3-140c9c75730e,bad experience i ordered mango fruit they gave me raw mango 😡 never order again 🤬🤬,1,NEGATIVE,0.9952887296676636
611c639f-cee4-4032-b892-dbb51f9b0121,good,4,POSITIVE,0.9998161196708679
d6c6dc2e-6c19-4c78-8a9f-9bd61a9872d3,best,5,POSITIVE,0.9997941851615906
fdd85b5a-2897-48ef-8b9b-e99e71102c60,wow,5,POSITIVE,0.999592125415802
b65ad117-b366-4296-83b8-2c16ca1018f6,excellent,5,POSITIVE,0.9998434782028198
fe8becb1-4688-4a9f-8106-48449ab6df56,love it 😍,5,POSITIVE,0.9998714923858643
d522a6e1-adf0-47ab-9cd6-6403f362a42a,worst app of food delivery.,2,NEGATIVE,0.9998055100440979
ff5abe66-d984-4283-af6e-7b9389766917,"good quality vegitable, and veg and healthy testey food",4,POSITIVE,0.9996504783630371
108ebde9-e86d-4b35-a7e0-dbb055dc4c57,bast sarvice in swiggy,5,NEGATIVE,0.9539658427238464
37355fb4-92e8-418f-afca-3c2f09d4a478,wow 😳 nice,4,POSITIVE,0.9998292922973633
8748a8a8-85c3-491a-a934-6d126f311a20,absolutely pathetic customer service. the most irritating service is their chat bot and after that they deliver stale food and would say please drop an email and we shall look into it. not the first time as this has been happening quite frequently now. their support is so bad that bot and human both are using standard templates to respond and keep wasting time. pathetic app and horrible customer service,1,NEGATIVE,0.9998010993003845
ceac72a2-d101-42bd-ae14-20d20d7bd64d,"very poor app i ordered 100ml of face wash but i only got 75 ml it's a scam, really it's a scam i never order again anything from this app.",1,NEGATIVE,0.9989022016525269
c661c79f-e76e-4110-b40e-ed90a5319f07,good,5,POSITIVE,0.9998161196708679
621b0f0c-9ec9-4df2-ab4e-80daa869838a,good,4,POSITIVE,0.9998161196708679
bf52f09c-3f1f-4fad-9dc1-8f15d031e8bb,good💯👍,5,NEGATIVE,0.6970565915107727
74b944a5-463a-4ab2-87b4-3de69f265c37,"worst servic.. i didn't get food delivered properly, when i checked no proper response",1,NEGATIVE,0.9998052716255188
96acea29-6923-4406-88d3-d0db7cab9886,very good 👍 service,5,POSITIVE,0.9998301267623901
52ab7bea-0ec1-41a3-afc3-26bf2443267e,you can also tell ous about burger size,4,POSITIVE,0.9243255853652954
d0fca3a4-49f7-4401-b912-7352fcee5950,they are pathetic and a bunch of cheats,1,NEGATIVE,0.9996472597122192
43154b28-87f8-4c88-be92-3911f523ddde,received expired product from insta mart and when u reach out for help tge bot just says wont be able to help now (5th time now i have received expired peoduct),1,NEGATIVE,0.998143196105957
fd1a70b2-d0bc-40f9-9780-aeeb3d997819,good app,4,POSITIVE,0.9998493194580078
de564ad9-28a7-486d-b39f-fd3e49d84ad7,better,5,POSITIVE,0.999264657497406
593da993-1fca-43ce-83de-33161edc3585,they don't take corrective action on wrong delivery and keeps the customer waiting for issue resolve,1,POSITIVE,0.9569365382194519
28336f54-f8b6-496f-b18a-12452196bc52,good service,5,POSITIVE,0.9998499155044556
3c632d5d-8a16-44d7-9688-7a236236b7ea,good,4,POSITIVE,0.9998161196708679
b318ccf2-289a-4437-b1d3-61069e914d65,wonderful service,5,POSITIVE,0.9998819828033447
875ed8aa-803f-4811-802a-95b0bf175918,good,5,POSITIVE,0.9998161196708679
1588f711-c3e1-4929-9312-6750ebddb654,unnecessarily cancelling my order themselves and if i want to cancel any order i can't.,1,NEGATIVE,0.9996758699417114
3d77b13c-dcb3-4cb3-b599-f1caef150ebf,worstest app i ever seen..!!poor quality with zero taste🤮,2,NEGATIVE,0.9997952580451965
b0bd3ea8-650f-4ff9-8e0a-fbf3efe4beda,"zomato is better as this app delays your food, does not have a proper customer service structure, and calling them is ineffective as the people you speak to do not have the authority to resolve issues. you cannot speak to a supervisor as they are not always available. all they want you to do is email them, which is unacceptable.",1,NEGATIVE,0.9998008608818054
a0f7f7c5-3ad0-4b92-ae80-1815c4bdac30,good to use,5,POSITIVE,0.9998455047607422
e21b8b2a-5d81-4505-8427-bf34c36a5586,customer support is pathetic. my order was incorrectly delivered without bill. unfair resolution was provided by customer support that after waiting for a long time.,1,NEGATIVE,0.9997339844703674
386ce6e1-7049-45ea-b2dd-c324346f76aa,excellent,5,POSITIVE,0.9998434782028198
73afd1ed-76e4-4ef9-b848-4833ca87c34a,it have cash on delivery and best offerers,5,POSITIVE,0.9987533092498779
4c0e0396-365d-46fe-9bbd-a4cce75bafdf,after adding an items to the cart apply card coupon it apply but then show error and funnything without coupon with same card goes to payment page what type of fraud you are,1,NEGATIVE,0.9968798160552979
5f92bdd3-705d-4782-a741-60d7edae4f76,good app,4,POSITIVE,0.9998493194580078
5926582a-3308-4e19-8759-3efecbe17dd9,good 👍🏽,5,POSITIVE,0.9998576641082764
ae832f14-28fa-4cbc-b0d9-d92f550ef5a2,good,3,POSITIVE,0.9998161196708679
c947175d-36c2-4935-be50-3e769a76bb14,super ❤️,5,POSITIVE,0.9331684112548828
b2e76d56-0abb-47c3-aafe-b6dc1352c3ac,love it,5,POSITIVE,0.9998753070831299
a045fd8e-89c9-4190-94a9-47d476c126ed,great experience always..,5,POSITIVE,0.9998822212219238
2d3f5a2e-207e-4c3e-aa7d-850bdf4f84a8,good,5,POSITIVE,0.9998161196708679
4dfcca04-3a8a-4e9a-8f69-871fc0ebb0a3,my experience with swiggy is very bad. after many cooking instructions they never take that seriously and do not work on them. i ordered some food from swiggy with no spice instructions it was also called a restaurant and the restaurant regarding this and they never work on this. and charged very much for such spicy food.,1,NEGATIVE,0.9995492100715637
b9f19db3-a736-4129-9f0c-0e685172af03,nice,5,POSITIVE,0.9998552799224854
4ecda922-1953-4c08-8ca8-3654373fddb4,very nice app swiggy zomato not worth,5,NEGATIVE,0.9815975427627563
ad2f404f-abc1-4542-8495-13580d9d7982,ok,5,POSITIVE,0.9997851252555847
85192525-9ed2-4197-9868-448ef8f596d0,awesome,5,POSITIVE,0.9998682737350464
332ff80e-c314-4413-b001-00e358e457d7,worst experience ever had!!! and bunch of scammers i got scammed for like ₹900 yesterday my order got cancelled for no reason and i didn't got any refund yet its been 24-48 hrs also there's not a official phone number to reach out and the bot on the app always closes ticket for no reason. not recommended!!! scammer alert!!! also no response on mail after 48 hrs,1,NEGATIVE,0.9996531009674072
5292b785-4b75-4d09-bd8e-2f406312f64d,more than 80% of the time they show expected time 30min and delivery it so late by 1-2 hr. and they say grouping orders and with their tax how can they be so irresponsible with delivery time.,1,NEGATIVE,0.9973145127296448
963519ad-a112-4726-9d56-50e6f3b54276,great food,5,POSITIVE,0.9998766183853149
2317b162-32a8-4414-8e1f-606bd181a9b5,delivery to be recd,5,NEGATIVE,0.951740562915802
89bc8a67-8c59-45ec-be3f-336dab11e36d,nice,5,POSITIVE,0.9998552799224854
9d612e82-d2ab-42b6-ab5f-b56e95442ef1,very good aap,5,POSITIVE,0.9998631477355957
3d0e8b95-3005-4536-8ad8-4c6fd6253215,good discount,5,POSITIVE,0.99980229139328
31dce726-6fe5-4823-be6d-f84a1d27a746,very good aap and good delivery service,5,POSITIVE,0.9998550415039062
3c3afe1c-499e-403d-aa32-e99c664e1356,very nice,5,POSITIVE,0.9998563528060913
8bdf8ff6-6551-417c-9158-7a12019646f6,very good and happy customer ⚡,5,POSITIVE,0.9998767375946045
71fbef4a-9d7c-4d80-8b42-94d1e86e1887,like,5,POSITIVE,0.9910564422607422
3692da92-ba42-418e-827e-00d898473451,"0 points on customer service , i have faced the same delivery issue 3 times where the delivery partner just never delivers the order and they don't let me cancel my order until 1 hour has passed , disappointed better to order from zomato",1,NEGATIVE,0.9968460202217102
7de2aa28-5786-45ad-b8b7-80b78efeefa6,good,5,POSITIVE,0.9998161196708679
20a2a343-13ce-4629-ac0a-1008eb6ea9bd,let me change my review ...i don't know why it has such a huge platform charges... like i am paying extra for food chains then 110 that too extra for ordering from swiggy .... bro ur platform has raised too much taxes or platform charges ... never going to order from the platform,1,NEGATIVE,0.9995614886283875
3d9d5f38-8649-4c85-abec-2942ee568343,good food,5,POSITIVE,0.999862551689148
ec94c8ea-2c5c-4ec7-b196-76ebd660fc9f,good,5,POSITIVE,0.9998161196708679
3865ed76-999f-4f19-b817-45b64cdfe947,thank you swiggy,5,POSITIVE,0.9996341466903687
300a7209-1a8a-45d0-9a4a-6b171abda2cb,nice,5,POSITIVE,0.9998552799224854
49f749c5-e798-463d-b611-0d5941c87531,good,5,POSITIVE,0.9998161196708679
abd70f50-2401-4544-a897-f4a077b37ead,"this is a highly unprofessional, unethical, and disrespectful scam brand",1,NEGATIVE,0.9996751546859741
05d9b2fa-b859-426b-b80d-645698398db5,instamart facility is getting worse day by day...,2,NEGATIVE,0.9997497200965881
1fd90f8d-adcf-4ff7-a42e-12e37e8acd45,good service,4,POSITIVE,0.9998499155044556
2a63ce30-30a6-46e0-945e-e9c6ab13a2b2,good 😊💯,5,POSITIVE,0.9998576641082764
b765cfaf-668d-4652-b737-81059c62b710,worst service they providing.if we have any issue about order they dont have customer care num also.dont install app,1,NEGATIVE,0.9998063445091248
983d17c3-423e-4487-9933-8af429063000,swiggy's quality has degraded i received an expired product seriously....they gave me the refund but they should also give option of exchange cuz what do i do with the expired product now?? not buying again from swiggy....poor experience has happened twice,1,NEGATIVE,0.9994863271713257
0adec96c-e018-49a1-82cf-9500b1c791f6,to late,1,NEGATIVE,0.9545521140098572
4b630281-1c2e-4fe8-bf1a-111a631edadc,good,3,POSITIVE,0.9998161196708679
bc472d11-a7a2-438e-9804-259ec8e9580d,order is not going to cancel. forcely delivered,1,POSITIVE,0.9989064931869507
f2e21c8f-6546-4fa6-a5f2-5f7ecb744f9d,too much good platform,4,POSITIVE,0.9956693649291992
9635252d-3f02-4cb4-b0b7-e64fa3a03533,better,5,POSITIVE,0.999264657497406
348c7284-cb24-4397-8f8e-5ddfa5dd1acc,too expensive,1,NEGATIVE,0.9994298815727234
39fb47df-887f-4e22-8d4b-5c248e2408d4,lag,1,NEGATIVE,0.9996507167816162
eff43e5a-fbd9-405d-920a-d7c76a42806b,very good service,5,POSITIVE,0.9998648166656494
33edcc5b-b9b4-4387-a58e-2d873dba9a58,super☠️,5,NEGATIVE,0.6970565915107727
aa2ae3be-0415-4ee8-9be3-97d0d5121b75,gud deals,5,POSITIVE,0.5526847243309021
d6fd61d9-afec-484f-b6b9-9cc84863e959,good tinng,5,POSITIVE,0.9998224377632141
92431ee0-fd6b-4fce-8317-e04b157a2971,good,3,POSITIVE,0.9998161196708679
730298cc-08e8-4180-9633-bd770276dbfd,nic,5,POSITIVE,0.9977141618728638
a47334a9-8b95-47ab-8210-42f139074a24,good,5,POSITIVE,0.9998161196708679
f13d76a3-bbe2-4ab9-9b14-272076a1adeb,too buggy,1,NEGATIVE,0.9989907145500183
b8b4528b-07a9-4913-be06-a4a40f1ba501,super delivery,5,POSITIVE,0.9983764886856079
a2354aac-242f-4567-8aba-a603b065f05f,not give refund back after 2 missing item,1,NEGATIVE,0.9961357116699219
108bd572-1bd3-4e44-9550-40d1916da2cc,best,5,POSITIVE,0.9997941851615906
f00bb9db-a776-48f3-9322-1eed1bb2cfc1,good,5,POSITIVE,0.9998161196708679
320648d7-0f45-42ba-a846-037ee1632d17,good 👍 service,5,POSITIVE,0.9997933506965637
0644c994-9a09-436e-b6fc-265fd8cda10a,5 str,5,NEGATIVE,0.9332321286201477
0cc245c5-59a8-435e-a37b-68be4becbda9,very good,4,POSITIVE,0.9998520612716675
9d11a24f-1293-42ab-b168-beaddff151da,helpful and budget friendly app,4,POSITIVE,0.9996758699417114
68bd88a4-f714-4646-8dba-7ae50c021cba,veri good food at the cheap price from this app,5,NEGATIVE,0.9811280965805054
39b06559-b071-4372-ba90-9821341ddbed,this is my first time and i loved it,5,POSITIVE,0.9998732805252075
29eb87da-a728-423d-89ce-42edf28a803b,good job,5,POSITIVE,0.999835729598999
a5862367-0b4e-4b8c-b57d-fb0cbc1322de,excellent,5,POSITIVE,0.9998434782028198
690ba2ee-2ad9-4789-820a-e93bf4ded342,iam happy with this aap and resturant ars good service and tasty food serve 👍,4,POSITIVE,0.9996046423912048
84fd1267-4b82-4748-882e-dc1acce3385e,fast came,5,POSITIVE,0.9981943964958191
e6ad5d75-99f5-4986-90b3-01d18b9eb61f,idk but deserved it,5,POSITIVE,0.9920816421508789
5d49fdd3-36ef-44ca-a8a2-3758eddba26b,very huge amount than hotel,3,POSITIVE,0.9995957016944885
3d2d43e1-ae3c-4d9c-9ed4-c2dff1125c77,nice,5,POSITIVE,0.9998552799224854
ec6a9afb-e510-41e7-89b7-3f73ea637dd6,very nice service,5,POSITIVE,0.9998623132705688
5e943707-ebc1-4665-bcaa-6858f9831e40,very good to order food and essential at home,5,POSITIVE,0.9998226761817932
6182b98b-ae55-476d-8c3e-b6c865e4290f,good,5,POSITIVE,0.9998161196708679
64b1f00b-609f-4020-a72a-a2aff8e741a0,good,5,POSITIVE,0.9998161196708679
5ec3bd69-9150-4bd7-9691-bff08c2b365e,very delay you don't have a delivery person then why taken the order,1,NEGATIVE,0.998457670211792
6d2d716e-44eb-482f-af05-03746d5a3a7b,good,5,POSITIVE,0.9998161196708679
bcf1ef39-e77d-40fa-8b3c-09a3a9b2c642,"a good working app, has many options, many kitchens, price could be a bit lower though, everything else is fine",4,POSITIVE,0.999569833278656
080ccc23-85f6-45d0-82bb-32bfa314703a,good,5,POSITIVE,0.9998161196708679
a4596455-34e6-4f0a-b2d8-b9a8fb98e201,ok,5,POSITIVE,0.9997851252555847
918c6e1f-379e-4c63-befa-fb1aade17898,good,5,POSITIVE,0.9998161196708679
74fbbaea-0be8-46d7-840d-c17555e8a9e0,good 👍🏻,4,POSITIVE,0.9998576641082764
271843c6-7382-48aa-964c-a165c49800f1,ufff,5,NEGATIVE,0.9925014972686768
7ec864d3-8e2d-4f23-bac8-de88f827484e,very super excited,5,POSITIVE,0.999731719493866
8752bf80-4c70-4dc6-ab10-3f0c5ed212d3,good,5,POSITIVE,0.9998161196708679
fb46d7ef-c6cb-4ce4-99a6-f1429a706329,गूड,4,POSITIVE,0.830912709236145
f7e1b95b-0fe2-42da-91f9-6c9b28bce77c,good service,5,POSITIVE,0.9998499155044556
44cd1b29-7985-4ffc-ab56-a2d816d0a548,good,4,POSITIVE,0.9998161196708679
28767a34-9fa3-4f02-9b12-8177f0d90d93,good service,5,POSITIVE,0.9998499155044556
b95eb4c4-26e5-487d-a7f9-6e8a6ccbcf3f,"very bad delivery experience i ordered groceries from swiggy instamart for ₹778, but the delivery partner called me and said that the amount was ₹782. when i questioned him about the difference, he spoke to me very rudely and disrespectfully. he also clearly said that he would not come inside the lane to deliver the order. the ₹4 difference is not the main issue; the real problem is the delivery partner’s rude and unprofessional behaviour towards a customer. this is completely unacceptable. i re",1,NEGATIVE,0.9993577599525452
2e60aa2c-6c10-4767-bcfa-ad602683ace2,nice,1,POSITIVE,0.9998552799224854
05a95a02-3276-476e-96b5-473f416ca907,excellent,5,POSITIVE,0.9998434782028198
78f618d8-abfa-49bf-88a0-46a55676a7b5,very very bad 👎,1,NEGATIVE,0.9998019337654114
575b338c-cb6b-47d8-a86f-1eff5b4d1448,over rate for food,1,NEGATIVE,0.9994435906410217
d32ce538-295f-4922-9721-1829e5510ae3,speed delevery,2,NEGATIVE,0.9865745902061462
2c55326f-caa5-4b83-b8ba-822e1f6eca7a,too much of taxes,3,NEGATIVE,0.9995643496513367
4a3d7f0f-1186-4fb7-9789-9d7b18e7919a,"very greedy app. ordered the same food on swiggy and zomato from same hotel. swiggy - packing charges 40, platform fee with gst 17. again a tax -gst not tax? 65 rs. zomato platform fee 14 gst 29. gold and one active on both platforms . zomato delivered food at 12.20 while swiggy still didn't assign a delivery partner. zomato order placed afterwards already reched me. while this one still on wait. noticed the tax is very high and random. that made me check this. now time is 1.30 placed @12pm.",1,NEGATIVE,0.9972448348999023
8eca3751-58ad-4cb1-ac65-67e26904b1c4,good,5,POSITIVE,0.9998161196708679
15826826-9236-4f70-b321-c1030aae7edc,swiggy is becoming one of the worst food delivery app. i ordered meals from a restaurant with a 20 minutes of eta. now it has been almost 45 mins.. and the worst part is that it's showing a 10 minutes of eta for approximately 20 mins,1,NEGATIVE,0.9998020529747009
3859146e-5806-4e84-8080-407176d86e95,very bad ..😔,1,NEGATIVE,0.9998031258583069
030c383c-af48-4697-9daf-f8580cf9afdf,good,5,POSITIVE,0.9998161196708679
304ece42-877e-46fe-b764-1e67ec7e6b3e,best one,5,POSITIVE,0.999826967716217
68471917-1b2f-422c-bc74-d92ab7698a75,good,1,POSITIVE,0.9998161196708679
32e77155-d311-4c47-9548-046000b5e2f2,"the extra text visible in the image is: bill details item total — ₹275.00 ₹200.00 handling fee — ₹12.53 ₹10.01 delivery partner tip — add a tip one delivery partner fee — ₹16.00 free high demand surge fee — ₹30.00 add items worth ₹199 to avoid surge fee gst and charges — ₹5.40 to pay — ₹338.93 ₹245 see how they are looting, boycott it. why should i waste extra money",2,NEGATIVE,0.9979447722434998
38d2a8d8-076e-4d75-990d-6855087d270e,nowadays the services are worst,1,NEGATIVE,0.9998100399971008
87497eed-471d-4bbf-9c62-74003ee831e5,good 👍 service,5,POSITIVE,0.9997933506965637
50d5b090-aa52-4439-b569-75d413ce76d4,ethu pole oombiya app service bhayanhara mosham,1,NEGATIVE,0.9813410043716431
2e5e4836-cc92-44ea-a97b-1d4bdade3758,"sick of the service, and it stopped too low even after charging handling fee.. installing the app now.. be aware fellow users.. they promise handling fee, quick delivery fee etc etc.. 20 mins promise time and take 1hr.. recorded the conversation, approaching consumer court",1,NEGATIVE,0.999212384223938
84310657-041e-4649-89e4-c34390406291,good,4,POSITIVE,0.9998161196708679
624e38a4-9a7e-496c-a27b-313eb9f8cfad,good,4,POSITIVE,0.9998161196708679
90553bd4-c72d-4d22-bb4d-5ec393a5a31c,very nice app,5,POSITIVE,0.9998562335968018
4b06cb78-97e2-4f81-9f18-ff219fdb34b0,good,5,POSITIVE,0.9998161196708679
c8a27827-11d8-4169-a001-e121cfdad541,very good service service,5,POSITIVE,0.9998552799224854
af14241b-c5c7-455e-b7d2-8631283168bd,good,5,POSITIVE,0.9998161196708679
ff63fa84-06e6-4330-82f0-d611335979ee,super,5,POSITIVE,0.998783528804779
607cd7e8-6b28-44b0-90e9-6966ace46894,super,5,POSITIVE,0.998783528804779
c0afceba-11e2-4715-8515-07e6de684d50,nice service 👍,5,POSITIVE,0.999693751335144
4b4808b1-d2bd-407c-92aa-fa9ea13fccef,good,5,POSITIVE,0.9998161196708679
963a1cda-c18d-4950-9e2c-4c4588037999,nice performance,5,POSITIVE,0.9998712539672852
48523af1-0547-4ab6-98b1-9e967b53b461,super very nice,4,POSITIVE,0.999872088432312
022e7eaf-7fe1-491a-8847-20979e24a12a,nice delevary super,5,POSITIVE,0.9998642206192017
a1ea41bf-8af7-4435-ae74-d7cbc5d1ef21,excellent 👌👍,5,POSITIVE,0.9998458623886108
7011d63d-3227-49f3-940e-ec7cb8dbfcb9,best value for money offer,5,POSITIVE,0.9990434050559998
fdddd119-259f-4a18-b8da-2d9b1df5efbe,nice order,5,POSITIVE,0.999805748462677
7fd6dd24-e100-40b5-97cc-c7b51934eb9f,very useful app. highly recommended. thank you,4,POSITIVE,0.9998668432235718
09ff8415-58da-49fd-b7d1-9c8595e90712,to day also too much late 3 km distance take 1:30 minutes still not delivered,1,NEGATIVE,0.9944086670875549
6833b86f-c382-44d9-a23c-534d9151cab4,over rated and tasteless hotel have high fake reviews near by location is not showing,1,NEGATIVE,0.9994708895683289
2650f9ef-a897-4bf5-8ef4-d305d24574e9,good,5,POSITIVE,0.9998161196708679
df0035df-40d1-412e-8006-cd643ddc9048,good 👍,5,POSITIVE,0.9998576641082764
3e5f6ea0-e618-4778-908f-6ba5cdd79a95,very nice,5,POSITIVE,0.9998563528060913
ddf3af4c-8ca6-41c6-af14-14463dcea960,good service,5,POSITIVE,0.9998499155044556
c2e74367-11ef-490f-8904-c3de2556d2c9,nice,5,POSITIVE,0.9998552799224854
a1934207-519e-40bc-8662-8bad3a0be407,very good,5,POSITIVE,0.9998520612716675
0e0aecf0-0123-4ed4-9d83-141f96726034,v good super,5,POSITIVE,0.9990083575248718
efd90615-236b-4eec-8ccb-4e67a203b84c,"today i wanted to order paneer and price was rs. 101, i got happy as delivery is free above rs. 99. but when i saw my final bill, it was. rs. 110. handling charges was levied rs. 10. this is called dark pattern. just swiggy was chaged by rs. 5 lacs penalty to use this dark pattern. but still this loot is going on.",1,NEGATIVE,0.9923456311225891
b3b2e1ee-a739-46e6-a0c2-ab7ef5be2626,very poor in service and cost is high,1,NEGATIVE,0.9997501969337463
1e731ebb-abe6-410a-a714-fb12dfe43d46,"glitches, threatening support & food waste swiggy double ordered my item due to an app glitch and automatically converted the duplicate to cod without my consent. when i refused the unauthorized food, support rudely threatened to penalize my future orders instead of fixing their technical fault. beyond shifting financial liability to customers, forcing duplicate orders causes zero accountability food wastage. paying platform fees for forced errors and hostile service is unacceptable.",1,NEGATIVE,0.9997206330299377
25b9bc30-eb3e-47a0-8259-fa441a29b8d4,good,5,POSITIVE,0.9998161196708679
961c97d2-cb87-4ebc-aae0-4dee1e4db4ac,very useful app 20 minute no long time,5,POSITIVE,0.9952451586723328
09d88727-acb4-4761-b7bc-63d9950ff8c7,late,3,NEGATIVE,0.9938137531280518
603ba374-6348-44f3-962f-40dda9c6c0d7,good,5,POSITIVE,0.9998161196708679
b966b85a-ab0d-46c1-ab72-4eef6002f8c3,good,5,POSITIVE,0.9998161196708679
5e1ea95c-884e-4559-bf22-5095f172c2ca,biryani is good but lot of potatoes which is lower the real biryani test. one or half is ok.,4,NEGATIVE,0.6310088038444519
abf95197-438d-4b28-b891-59e90e958d18,complete fraud app.there is no proper customer support...11 plates ordered and restaurant provides one plate .entire day goes in arranging for resolution and begging customer support to call back,1,NEGATIVE,0.9989880919456482
8006190f-b056-467a-9aaf-1fcb76b85e14,good 👏🏻,5,POSITIVE,0.9998576641082764
9f931a67-0c29-4897-8a82-49be366a7037,very good useful for hungry 🤠,5,POSITIVE,0.9979780316352844
f051ac01-9fd4-4b2f-bc34-517037a487f4,hidden charges,1,NEGATIVE,0.8929736614227295
1da23d9e-b659-4015-aebe-c84fe5b117fa,very good,4,POSITIVE,0.9998520612716675
ae60469a-ac02-40a0-9cad-78cc922b2d7f,paid extra money for bolt. it took very long for delivery,1,NEGATIVE,0.9987934827804565
b1c6fae9-00d1-4958-b2d9-4de2d437dbbb,"service is decent. though, a multitude of smaller issues can create a dissatisfactory experience, e.g. app bugs, slow customer support, sometimes slightly higher prices as compared to competitors. then again, the primary delivery service itself is rather decent. the ui/ux itself could also be more appealing or at least substantially more immersive.",3,POSITIVE,0.9959425330162048
eeeea720-86c1-4ce1-9312-fc834abbd66b,"terrible experience! zero cancellation options & trapped by useless ai support with no humans. delivery takes a full hour for a restaurant just 20 minutes away. they take your money and leave you completely stranded. uninstalling this garbage app right away. if i could give 0 stars, i would. anti-consumer platform!",1,NEGATIVE,0.9995865225791931
364b8d27-cc56-4311-b897-3d836bb64906,it's good,5,POSITIVE,0.9998360872268677
4ba359bb-3e74-4ca8-a600-60edbd8188a6,the dilavery was very fast and food was tasty,5,POSITIVE,0.9997348189353943
b4279664-beac-4cf5-8f63-114d74599105,awesome food speed delivery,5,POSITIVE,0.999858021736145
9e21fd78-23e7-4694-ada3-d5be04c27c90,good,4,POSITIVE,0.9998161196708679
9ecaead6-1c2a-4861-b496-f5047dd7f873,so bad,5,NEGATIVE,0.999785840511322
595f491e-afac-4401-81d0-8772fec2ad6a,excellent,5,POSITIVE,0.9998434782028198
e7f368f7-641f-4678-b5b4-667489e58e1e,good 👍,4,POSITIVE,0.9998576641082764
10ad7576-59d0-4d16-af6c-70a2aff25548,good 👍,5,POSITIVE,0.9998576641082764
c00c383b-1b27-45bb-8515-1e4742eb21c1,good 👍,4,POSITIVE,0.9998576641082764
aaef7793-ccba-4e8c-9db8-f59cfd10eb2b,nice,5,POSITIVE,0.9998552799224854
435e7b39-9768-4595-bf50-2cbe332627fe,goo and fast service,5,POSITIVE,0.7125828266143799
2a6acbc8-ce6a-49aa-a1b8-03512ffc154e,for some reason after applying a coupon the app says your cart total may have been refreshed and doesn't let me proceed with the payment but the cart total is already updated,1,NEGATIVE,0.989279568195343
bc34bc7e-801e-4add-b391-4d27015ed212,i don't receive parcel but it is showing that the food is delivered. it's happening with me for the 2nd time. please take some action. delivery boy is not receiving call of anyone. please punished the delivery boy otherwise he will do same thing with other people. this app is very fraud. they don't help customers and if we want to contact they don't receive any call. please don't order food from this app.,1,NEGATIVE,0.9971336126327515
d60cab14-5731-43bf-8f62-9edbd5b56c40,"i have given a 0 rating for your support. the customer service experience was very disappointing. despite my efforts to seek assistance, the issue was not resolved satisfactorily. this is the worst customer service support i have experienced. please take this feedback seriously and improve your service. please do not send any further reply emails regarding this concern. i am extremely disappointed with the customer service support provided, as my issue has still not been properly addressed.",1,NEGATIVE,0.9997628331184387
7aaaa41a-3ae9-48f3-8475-9219bf7691a4,nice,4,POSITIVE,0.9998552799224854
651f53cf-f290-4d49-af3b-af8b0220acf7,good,5,POSITIVE,0.9998161196708679
c46940bf-e204-4829-a936-ff384975faad,very good sarvice,5,POSITIVE,0.9998632669448853
9bd5e7b0-4d18-4f9c-a91e-6b8dc038d754,good,4,POSITIVE,0.9998161196708679
b694590c-308a-4767-ac88-e1c92ae46a2e,super tasty,5,POSITIVE,0.9998775720596313
d0e990b5-c031-4d2e-87f9-60c816434205,very good👍,5,POSITIVE,0.8243637681007385
a01b2d2d-9c32-4107-8a1c-9b232a8693cb,very good 😊,5,POSITIVE,0.999870777130127
7dddc636-a6e2-4ce3-8fa8-c62783bb2893,fast sarvice and elegant taste,5,POSITIVE,0.9996716976165771
d72663dd-df87-4242-b6b9-16a4747a623a,"it showed me before checkout that i have got 210 rupees offer on a biriyani, which was for me at 39 rupees, then while checking out, it showed me the bill of 156. then i tried to cancel this order, they said that it can't be cancelled. and then comes the most horrible part, after cancellation i have to pay 156 rupees as a penalty!!! what's the crime, i just believed, what they showed before checking out. this is totally fraud, swiggy, i never expected this from you. shame on you.",1,NEGATIVE,0.9974154233932495
c563768d-85e0-4e8b-87c3-f7e58cf7699d,very good 👍,5,POSITIVE,0.999870777130127
3803d58b-09f6-4d66-80ab-fd762af4e10b,not at all functional,1,NEGATIVE,0.9997656941413879
c4bd6117-e8b3-4a41-bbd6-6bd44b31fcae,good food,4,POSITIVE,0.999862551689148
c89700b7-a2bb-4a1b-8610-fbad8c4fe632,super,5,POSITIVE,0.998783528804779
1c849a96-c8c3-4573-b794-ccc519e5f02e,superb,4,POSITIVE,0.9998656511306763
5b42718a-b6f9-43b2-b487-064acce9c489,good,5,POSITIVE,0.9998161196708679
c505c809-bc95-42eb-ba61-9c5106bfc6ac,i love your first time login offers very good service thank you swiggy,5,POSITIVE,0.9989223480224609
bc7093e9-4a04-458b-89ac-7e997c001b04,too much delivery charges,1,NEGATIVE,0.9996531009674072
af6c9343-1a4b-4f83-9b8d-fe1b23514007,good 👍,5,POSITIVE,0.9998576641082764
581da1aa-3205-4780-9272-73f141fcccdf,nice,4,POSITIVE,0.9998552799224854
97b30cf0-27f3-4b2f-8a06-7d2becceb609,pathetic customer service and pathetic restaurants have been listed,1,NEGATIVE,0.9997768998146057
758cd7b4-be32-4512-b4e5-ae4dd35097c8,super fast,5,POSITIVE,0.9992691874504089
082de0ff-e207-44a9-8998-0a657e503873,3rd class platform show offer but not applied,1,NEGATIVE,0.978379487991333
0f5c38e8-bc2b-4eb5-a332-e52b51bb525a,poor services,1,NEGATIVE,0.9996529817581177
95de10ab-e0f5-4eab-ba9f-37fc18a31227,swiggy is completely waste. it never resolved any consumer complaints. simply time pass they do and waste our time. i strongly recommend not to use swiggy if you have to eat with peace of mind,1,NEGATIVE,0.9998088479042053
2a61be8a-ccae-4cbc-8d6a-c6405fffe15d,very excellent,5,POSITIVE,0.9998615980148315
2de0efac-0e11-40e4-a6e6-9cd085854af2,"they use a dumb ai chatbot for customer support, that can't even comprehend simple instructions and queries.",1,NEGATIVE,0.999813973903656
8432d6c0-fdc7-4e82-bfe4-6d2dad51db52,"order delivered , but delayed most of the time, no proper resolution was provided.",2,NEGATIVE,0.9994839429855347
de341cb6-f56c-4140-9fcb-381870d8c277,worst service.. everytime they ll give you some excuse for refund ..i don't use this app anymore. they thief's,1,NEGATIVE,0.9998080134391785
a0fe4c11-839b-41e2-8650-6539813fb622,super service thank you,4,POSITIVE,0.999819815158844
94950c1c-b2b7-461e-acf6-11622723156f,good 👍,5,POSITIVE,0.9998576641082764
7f59951c-3da4-4581-a758-b8f51ce015e1,nice,5,POSITIVE,0.9998552799224854
19fd26a0-cee7-4633-b530-8aba3d22a241,good,1,POSITIVE,0.9998161196708679
3843a435-ba99-4f14-8588-2d4513db1907,ok,5,POSITIVE,0.9997851252555847
c1c875a6-4001-4d55-839d-944902e414b8,good,5,POSITIVE,0.9998161196708679
091d8efa-f425-4937-bcbf-6eee81d4b1c2,good,2,POSITIVE,0.9998161196708679
af116d63-2cff-432d-8678-136f1e7cec89,good service,5,POSITIVE,0.9998499155044556
9c210512-4f36-4f8b-9415-083c3ade187d,good 👍😊5 star,5,POSITIVE,0.9998586177825928
bf5c99d8-1428-4a2f-a4a9-51be631203d4,bad delivery,1,NEGATIVE,0.999784529209137
845a6e46-166b-4fef-99a0-a3fe3cf9818e,good👍,5,NEGATIVE,0.6970565915107727
3a47f163-bce4-42e7-ae55-7a170d941e43,"🛑🛑🛑🛑very dad experience.,. return policy is frustrating.... partner restaurant like box8 desi meal are horrible.... dont relly on this app ... its been 3 days still food not delivered and no refund and app is showing wait for 2 minutes 🛑🛑🛑🛑",1,NEGATIVE,0.9993972778320312
c0ab9d53-9d54-491b-b20b-ca39bfc21246,absolute cheating company with irresponsible customer support,1,NEGATIVE,0.9994716048240662
58469e5d-4faf-44e1-82de-8b5d09f07661,thank you,5,POSITIVE,0.9998352527618408
551dd0a9-4553-4140-b953-55f665f49cca,has been an year but still can't fix file upload bug on instamart. instamart doesn't upload photos from gallery. keeps crashing,1,NEGATIVE,0.9988999366760254
77dd3599-7ffc-49f2-a594-ca1022be68d0,good,5,POSITIVE,0.9998161196708679
b13a9d8e-fd35-49ca-8a2f-b7b25330029c,good,5,POSITIVE,0.9998161196708679
630d0185-64bd-4729-9197-9b29177bea16,wow,5,POSITIVE,0.999592125415802
6db0d599-d46e-426b-86b1-a0074a5fe792,instamart: don't buy meat in this app all are old product. if you are going to complain about it they are not responding properly the agent does not help,1,NEGATIVE,0.9987395405769348
bbf2a7ad-6f80-4dc5-bcaf-b4722beb4f99,nice,5,POSITIVE,0.9998552799224854
17eba3c1-6c68-4907-9ded-0682648ab052,i wanted to order an item but it cost me a lot of money.why did i have to pay an extra thirty rupees for the item i bought without paying the price?,1,NEGATIVE,0.9983150959014893
d58516af-aa53-4a4c-bab6-a8611d23978d,good one,5,POSITIVE,0.9998288154602051
1c29558c-9201-4f86-aec4-1ca4bc09de66,not bad okay but delivery charges more,1,POSITIVE,0.9205291271209717
43b5a497-2d38-4fe5-b576-bac98e60e99f,fully fraud company and eatfit world record maker in fraud.. no delivered pre paid food.. pathetic horrible customer service,1,NEGATIVE,0.9996089339256287
bd451745-a487-4b04-b797-a788c1965efe,recently this app crashes whenever we try to track the order.,3,NEGATIVE,0.9997381567955017
61608a27-9ff7-4c2d-a4d6-475de0ad3063,it's a good grocery store,4,POSITIVE,0.9998424053192139
1e4d9542-ba25-474c-ae23-8c6b6aba9f49,"first of all the ui is very cluttered nobody can understand anything properly, app asked me my current location it caught it and saved as my current address till this it was good but then this was my 1st order on swiggy and it was a bad experience. i placed an order and realized , swiggy by default took my home address infact it shown on top left my current address at that time . i cancelled it within 2 minutes of payment.it was cash on delivery but still they are now charging us for next order",1,NEGATIVE,0.9995912909507751
eecdb520-024e-43a2-9092-be89a6c459af,super,5,POSITIVE,0.998783528804779
09232ae1-9ae4-4148-a08d-bb0447b5470e,handling fee cost is very high,3,NEGATIVE,0.9592295289039612
3c04cb6d-17f6-40a5-9b6f-36551dab0ca8,not giving correct address.,3,NEGATIVE,0.9998020529747009
1e5d8567-6d09-44ce-8aab-9484a3733418,"i ordered 2 items from a restaurant, and app asked me to edit because one of the item originally listed wasn't available, so i edited and app said no extra charges, but while taking delivery, delivery agent took rs.50 extra from me bcz app was showing rs50 unpaid, and he wouldn't give me my food till i paid 50 extra, editing order was not from my mistake, and when i reached to help centre, they were absolutely of no help, pathetic app, pathetic service, ordered paneer biriyani recd paneer fried.",1,NEGATIVE,0.9979958534240723
58428ff7-28ce-4744-87a6-a12134546151,good 👍🏻,5,POSITIVE,0.9998576641082764
8cbddbc9-7213-4668-905f-6728d7cd0141,sends all spoils item and customer care won't even respond,1,NEGATIVE,0.9993600249290466
eabd76a0-0324-441e-be92-077ae0363c09,better service,4,POSITIVE,0.9982219338417053
18f0cb64-c2f3-4829-9551-de35e6a73e53,"now there is no way to talk to a human when you need them the chatbots straight up reject the request to connect to an agent, but they can connect with you whenever they want to. anyways if you have a problem with your order you either wait indefinitely or you pay the 100% cancellation fee. as a bonus service if you refuse the order they will cancel the order and put the amount as still payable and prevent you from deleting the account, where they have pushed me 4 times in just past 12 months.",1,NEGATIVE,0.9989050626754761
495699f3-f1cf-429f-9ecb-0e055ed5bcbf,good,5,POSITIVE,0.9998161196708679
deb5a646-cd1e-48fa-826f-5888d480609d,super,2,POSITIVE,0.998783528804779
b798130f-2815-4c94-83c8-d20a9ae5c431,not proper service,1,NEGATIVE,0.9997778534889221
47053ea8-6232-4e0e-8d68-9ac0a8c3edc7,worst experience in swiggy every time i order i don't receive the order from swiggy,1,NEGATIVE,0.9997056126594543
13220bb7-545e-45da-bc17-1548eb2c12e7,"i don't know how this swiggy app got 4.5 rating, i was waiting for my food more than 2hrs, had chat on coustomer support they said still we waiting for delivery partner.. so why swiggy accept my food order? if nobody want to do a job as a delivery partner for swiggy, i'm soo disappointed today, at least i got my refund this time",1,NEGATIVE,0.9992350339889526
fb5ec243-efcf-4790-b687-e81d5a1b80cc,good,3,POSITIVE,0.9998161196708679
50cb94fd-2644-4ff7-97e8-1033a5367999,worst service.i placed a order.in the app it shows 45 minutes for the delivery.after their promised time also over still it didn't find me a delivery partner.still in the track screen it showing 15 minutes with no delivery partner assigned.as i am frustrated i want to cancel the order.but that option was not given to me.only food is already prepared it get waste they are saying with an ai bot..with that ai bot i had chat conversation about 1 hr to connect with customer support executive. waste,1,NEGATIVE,0.9994608759880066
6e6a8825-08e1-4467-adad-4785bdc965c2,it's too late to food deliver worst service,1,NEGATIVE,0.9997969269752502
dcb7c435-27f0-499a-b281-69538cf0bcdd,good,1,POSITIVE,0.9998161196708679
c4727b63-58c2-410e-b0af-b41364bbfed4,bahot ho near app . partners are not good,1,NEGATIVE,0.9997757077217102
5a825ea6-fe27-4e74-ae0a-ad87ca3e9017,"actually horrible, been waiting on my order for two hours and i have some ai bot giving me the same message again and again and it can't cancel or refund me, neither can it connect me to a customer support is swiggy about to go bankrupt why can i not get any support??",1,NEGATIVE,0.9990654587745667
f2123aae-a17b-4230-a348-04b737071cb5,"your customer support is pathetic? you guys just go by the book, have zero concerns for individual cases even though if one has orders regularly using your app, this was the last time i am using this app",1,NEGATIVE,0.9996755123138428
843ebe00-b3fb-44d2-8369-8af76d70499f,"my first ever experience on swiggy, and it was terrible. they don't have an appropriate grievance redressal mechanism, they keep assigning an ai assistant which is useless. i made an order which was spoiled and had a foul smell and very bad taste. i tried a lot to place my grievance but it felt useless, i didn't get my money back. there is no option to review/rate the products we order. there is no refund policy for such experiences from any authority , such a waste of money. useless app.",1,NEGATIVE,0.9998019337654114
ddb52050-6e10-44f5-afe7-a0752edc8653,third class application just like froud and customer care only talk with you but can't solve your problem this is worst application ever i have use,1,NEGATIVE,0.9997103810310364
6f8dfd08-4eaf-4003-84d9-926c36a50e26,2 burger 700 ke jis ka praic hai 160 war swiggy,1,NEGATIVE,0.994679868221283
92320d7e-a4f9-4da0-b436-af231df6bb1c,good,5,POSITIVE,0.9998161196708679
a34b05ea-a40f-4403-a281-5e14e08f8fc7,worst app weast bad bad 😔😔😔,1,NEGATIVE,0.9998158812522888
b84cc4c7-1478-47db-855f-81f2a1738ef7,good,5,POSITIVE,0.9998161196708679
c788c1b5-6a80-4551-b36c-1463b5ccfc7b,nice,5,POSITIVE,0.9998552799224854
dbd19c63-c35e-4823-a6fa-0c292e467dcd,good 👍,5,POSITIVE,0.9998576641082764
d799311f-6fc8-4cdc-a9b1-43546fe21874,very bad supping staff,1,NEGATIVE,0.9998130202293396
4a64e3ec-b678-4879-b58a-ef55f1311b88,average,3,POSITIVE,0.7222246527671814
8fc5064e-c457-4489-8bdd-69c521a44279,nice,5,POSITIVE,0.9998552799224854
920f35a7-278c-46a1-a6b4-3e5d596cf363,"i placed an order for kfc at midnight. the order was placed successfully and i got confirmation. but after an hour, i got no response when calling the outlet. the number was not valid. i tried reaching the outlet number from google maps, where it shows that the outlet is closed. it too didn't work. now, i am trying to cancel the order, but i can't. and i am being informed that cancelling the order will cost me. i have used swiggy before, and this has never happened before.",2,NEGATIVE,0.9996720552444458
69bd70d5-e7a8-4044-acb0-419c4d7288ef,waste app they dint even have inof delivery partner they taking longer time then zomato so plz shift to zomato,1,NEGATIVE,0.9995183944702148
47531b8a-9043-49e5-9aa0-0d5b984030ed,excellent,5,POSITIVE,0.9998434782028198
4c96b998-0f7b-4692-b774-1548e3496730,nise,3,NEGATIVE,0.7907947301864624
2ce9c85c-67bf-446c-8377-f3f4c04926a2,"has anyone else noticed how u never get hot or even warm food from swiggy anymore?. every order gets late and it's not the delivery partner's fault as they are waiting for multiple orders. even when u pay extra for priority order, the delivery partner still needs to collect multiple orders from a single store.",1,NEGATIVE,0.9944394826889038
4ab78081-10d9-420d-860c-d7a026a423f0,by the way i am new customer i am try again fast delivery thank you,4,POSITIVE,0.9872724413871765
2641db66-2c7c-4783-b728-55d64eb7de85,good,5,POSITIVE,0.9998161196708679
6e45d0e9-0ff8-42af-beff-4b189f00725a,third class service and very bad support team disgusting experience,1,NEGATIVE,0.9997808337211609
793e0e92-99da-44c0-801d-4af604af88bd,"very disappointing experience with swiggy. i ordered a pizza, and within 5 minutes i noticed there was an offer available, so i placed another order using the offer. unfortunately, the first order was not cancellable. when both orders arrived, i refused the first order, but the delivery partner told me that i had to accept both orders. i then contacted swiggy customer support, and the executive clearly told me to accept both orders and assured me that a refund would be processed",1,NEGATIVE,0.9849971532821655
92202f6c-76f5-4524-b0c1-f4d4d12c8797,nice,5,POSITIVE,0.9998552799224854
f3a2a148-e0db-4b96-a1e5-b9c13ff194e1,very nice,5,POSITIVE,0.9998563528060913
51701d62-0d8b-4391-b5db-e854cac7dbc7,super,5,POSITIVE,0.998783528804779
08f1638b-3090-4113-b0d9-a9db384f8d27,excellent 👍,5,POSITIVE,0.9998458623886108
0562df80-c462-4dad-84ee-23889fb54272,taking too much time,1,NEGATIVE,0.9993996620178223
fb64ec16-abb1-4dbb-bc17-5afcda5402b0,okay 👍🏻,4,POSITIVE,0.998088538646698
d652031f-f053-4fb3-9f6c-505f5f2d5ec2,good,3,POSITIVE,0.9998161196708679
0aa2e524-c239-462a-9e92-5246b8b53565,better go for other app atleast they deliver on time,4,NEGATIVE,0.9936908483505249
203f6708-722e-47b4-b525-451679ee359c,pathetic customer service,1,NEGATIVE,0.9996974468231201
55bd8897-b0cb-4afb-8cc7-634d4f8d7d49,you cancelled my order i hate you,1,NEGATIVE,0.9996582269668579
bebcacd6-0943-4c41-8aa8-d60a028e8d81,good 👍,4,POSITIVE,0.9998576641082764
ed6bb834-e53e-41e6-853e-6108e1ad3d57,good,5,POSITIVE,0.9998161196708679
9a2c8740-941d-41e1-aa1b-19011a063734,good work 💯,5,POSITIVE,0.9998606443405151
7a3c409a-c667-4a13-84ea-bf503edf234f,best quality,5,POSITIVE,0.9998157620429993
822c45e3-13db-40a9-8829-176b1fef057a,good 👍,5,POSITIVE,0.9998576641082764
52e67e86-88d0-4782-beb8-60830600566d,nice 🙂,5,POSITIVE,0.9998424053192139
9ae9c775-26b4-4317-a05d-c2f0525b745c,fast,1,POSITIVE,0.9989494681358337
c54fd867-5cf0-4a80-839e-1791cb83b45f,okay 👍 thanks,5,POSITIVE,0.9996823072433472
c613124b-9a6a-4eae-af5a-924d3cdc341a,worst service,1,NEGATIVE,0.999795138835907
a18d4daf-822e-42ed-933f-1cc56e48bc68,good,1,POSITIVE,0.9998161196708679
9b0000f8-30eb-4f19-a2ab-c53d9f211719,for 1 km distance they are taking 1hr 30 min delivery... worst experience,1,NEGATIVE,0.9997987151145935
23ddee0b-3c9a-4003-9d8d-3135f78f9433,waste of time and money 😔 please don't buy be safe ur money 💰,1,NEGATIVE,0.9997995495796204
38d08781-d71b-4383-bfad-590855fcf595,nice,5,POSITIVE,0.9998552799224854
ca8d90a5-15de-4978-a222-1ea90ecfc53d,good,5,POSITIVE,0.9998161196708679
465bec43-c3ec-48c7-bd80-2a4e8644fd8b,good food,5,POSITIVE,0.999862551689148
5a23c1fa-ce4c-44d4-9e2b-5ffc6eec5097,good,3,POSITIVE,0.9998161196708679
4cfeeb1b-3667-493a-87e9-b5acd2611d7a,order 3 meals and got only 1 meal after 1 hour and they told me they will refund me but they didn't and then they told me they will order the food again after waiting for another the order came with same meal missing again and it was 11 in the night so i can't order food from elsewhere and the customer team answered take 70 ruppes coupon,1,NEGATIVE,0.9969868063926697
29745dde-f33f-435a-9a55-6d0af65edc6c,charj bhut leti he swwiggy,3,NEGATIVE,0.9910808205604553
e85d0c23-24c1-491d-85a9-91e4028b729a,please prepare at your home... swiggy is worst,1,NEGATIVE,0.9997996687889099
880ac9da-78dc-4e26-9776-b1d3e6e11338,"let me help you guys with something. swiggy will scam you by saying they are giving swiggy birthday sales flat 50% off on pre booking dine out. but at the time of bill payment it won't be applied. and the ultimate truth about their customer support, they will act like they don't know anything, u made standard booking and asked for offer proof and bills. waste your time by delayed response. they won't give you money and waste your time.",1,NEGATIVE,0.9995156526565552
df1115f7-8c56-45f9-9a75-f6f1a3fea603,nice,5,POSITIVE,0.9998552799224854
4e944e4d-74c3-420f-a051-fe75d07651e2,"ordered mcdonald's worth ₹950 for my colleagues and me. multiple items were missing, including fries and an apple pie. we only received burgers and drinks. reported the issue immediately through the help section, but no proper resolution was provided. mistakes can happen, but poor customer support is unacceptable. very disappointed with how this issue was handled.",1,NEGATIVE,0.9996993541717529
bdd5e858-bfcf-4a50-8cf7-cf5c924698b1,ok,3,POSITIVE,0.9997851252555847
4f066109-fdda-47eb-8543-d1a280452153,xlent,5,NEGATIVE,0.7106163501739502
57fdf643-6639-4cc9-bbf8-bd4421a98398,good,5,POSITIVE,0.9998161196708679
75fe499a-6879-4189-95ac-c66672cdba5b,this is a fraud app only loot money and will not resolve i have order through this even after paying money items are missing customer care will not resolve just they will say sorry but what about my money and product i order no one came about it,1,NEGATIVE,0.9996163845062256
318c0c15-ce71-4be3-8e84-d953710feb62,excellent app for food delivery,5,POSITIVE,0.9997978806495667
a3bd94b3-669d-44bb-a261-509192285183,"i ordered thali, resturent provided very bad nad poor quality food. swiggy refuse to return money. cuatomer support told to send mail where they never resolved the issues. very bad experience with swiggy. and customer suppoet is very rude. withkit rwsolving the issue they closed the ticket",1,NEGATIVE,0.9997426867485046
30578dca-7635-4a62-a753-e7128cbcfc79,good,5,POSITIVE,0.9998161196708679
3e86f953-0c2f-4d87-97e6-8d339713e4f8,very late 😞,1,NEGATIVE,0.9971574544906616
e5dba7c2-ec90-49e7-b416-62a6ef8b5437,good,5,POSITIVE,0.9998161196708679
86838649-69bc-42fa-b2e9-4113247a7bea,super,5,POSITIVE,0.998783528804779
7733e1e5-130d-42e2-9164-66018392913a,good,5,POSITIVE,0.9998161196708679
12fd470e-2bfc-470b-9270-58f0083ae3f7,verry happy,5,POSITIVE,0.9998395442962646
0fb15e4f-7b15-46a8-88d6-4ef6e45596f6,good 👍,3,POSITIVE,0.9998576641082764
9a339e4c-7369-4a6b-9f64-b9654ac7f70e,nice 🙂 mjm,5,POSITIVE,0.9995729327201843
0343d92f-d91a-42f8-b3ca-0e508530a14b,"i downloaded this app for the first time and ordered a combo thali, it was cancelled. is this your response to the people who are in need of food.",1,NEGATIVE,0.999560534954071
4263ed09-daed-43aa-96a1-7c3223b1ec29,good 👍👍😊😊,5,POSITIVE,0.9998576641082764
d1e7b8a9-4c98-4762-bf40-674edcb44782,malicious practices identified... any restaurant related to eatclub generally delays order to max 20-30 minutes and some times even hours and timer never updates.it's bad experience.. you guys should look into this.,2,NEGATIVE,0.998485267162323
4128ad64-a3b7-47e6-8c1b-432f494da88b,good,5,POSITIVE,0.9998161196708679
e0b03985-6e0b-4a85-af14-8715eeedf6b2,worst app says on time even though order is delayed,1,NEGATIVE,0.9995336532592773
7b13c5c1-102d-4e11-9c7a-0b7aababdb2a,very zook app,5,POSITIVE,0.9921630024909973
60901b69-adae-48de-96c9-9af2d4719ec4,lovely 😍,5,POSITIVE,0.9998557567596436
fb62799d-45bc-4a5b-919c-c7c38ead8b5c,price well be high and properly coupon not applying,2,NEGATIVE,0.9989026784896851
f2b0477f-cf54-4c45-a6c3-d12c4d3c0ff3,nice 👍,5,POSITIVE,0.9998424053192139
78060b1b-f74f-4000-9d13-25727011aeef,so good 👍,5,POSITIVE,0.9998756647109985
c3cfb7b7-e922-4a04-a9ab-bc621c1853ff,nice,5,POSITIVE,0.9998552799224854
b4fd1bc5-4713-4f54-aeb0-ff7863e3333d,thanks good👍,5,POSITIVE,0.9997145533561707
124dc9cb-1625-42f7-a9f3-fb776a7511a5,it is the best delivery app ever used by me and thank u @swiggy for making my friday nights better!!!!,5,POSITIVE,0.9995110034942627
152d1f5d-cdbc-406f-ad34-6cd037e95ad5,ok,1,POSITIVE,0.9997851252555847
12c73a35-f034-40ff-8502-2fe55e192b4e,delivery is always late and swiggy have cheated for 350rs of mine. they made me use an coupon voucher of 350rs and then cancel order and never return me my money back. my fight is still going on with them. worst customer service and no 1 fraud company.,1,NEGATIVE,0.9995418787002563
923a6763-cfac-44bf-9214-0fd14d2e6000,sab kuch theek hai but prise high hai,4,NEGATIVE,0.9135390520095825
08ba99e3-f22d-4775-ac14-77f746dda0dc,good quality food,5,POSITIVE,0.9998670816421509
5e88bfb7-f37e-407c-acbb-ee5d21f5a02e,best,5,POSITIVE,0.9997941851615906
01e369d5-e338-4733-855f-7b70a7e296d1,good,5,POSITIVE,0.9998161196708679
2e712927-531d-4cb6-8a63-8a906cdc0cd8,very good,5,POSITIVE,0.9998520612716675
76d513b7-123b-4c54-bd6e-f945978948f5,i am happy 😊,5,POSITIVE,0.9998821020126343
0fabb1b7-b465-4f6d-9d58-eea69f337280,worst app,1,NEGATIVE,0.9997863173484802
e57cd5a0-0969-4f44-a33e-d2bc4485c4c1,good food in swiggy,5,POSITIVE,0.9997889399528503
a391c8ef-2ef7-4f82-8608-82429931a12a,uninstalling this app for extra charges you are putting on delivery partners,1,NEGATIVE,0.9960656762123108
06b6b8c5-5fd3-4455-8fc8-9c337b1c06b0,good,5,POSITIVE,0.9998161196708679
f2a185a6-4268-41bd-833b-408e751a74de,good,5,POSITIVE,0.9998161196708679
016b69dd-48fc-4fc8-9db4-9d2e3e293f46,"the policy of swiggy is biased. if the order is not fulfilled in any manner ,they ask the customer to complain about the restaurant. they don't take responsibility and action towards it. i ordered a food which i was delivered about 1 hour 45 above the time delivery. when i denied the food to accept they charged me for cancellation.😠 is this the way you do business? instead of taking action and apologize you scam customers.",1,NEGATIVE,0.9990606904029846
fd4daca8-154f-4bfa-bae9-5157955b0768,good,5,POSITIVE,0.9998161196708679
e2828364-57c5-4f8b-b3b5-a6d6d51b1f15,nice 👍,5,POSITIVE,0.9998424053192139
0a1e061b-c7ee-4cae-96f3-688d8ffacf04,don't connect any prepaid wallet to swiggy. if amount debited by mistake you will not get refunds. beware of this frauds by swiggy.,1,NEGATIVE,0.9988829493522644
f3848639-4f0e-4e8f-af33-3e338ae7fca0,greatful service,5,POSITIVE,0.9998455047607422
cc418084-29fd-4ae1-b692-8b8006d8ad83,good,5,POSITIVE,0.9998161196708679
bf03f567-501b-4e90-9ac8-daeef88d3af6,good,5,POSITIVE,0.9998161196708679
93a71dbe-6511-4a8a-a626-f1828eb06714,very good app and good dishes,5,POSITIVE,0.9998708963394165
7b45c597-600d-40d2-9e83-6dcbce9610b3,yoooooo,5,POSITIVE,0.6985225677490234
4478b66d-18b2-4b2d-acab-7fd3ad2eb018,"very bad experience. service is fake and support is useless. been using it for long but never again. do not recommend.""",1,NEGATIVE,0.9996920824050903
c3d4ea40-cf80-464a-95cb-61fb238060bd,ek dum bakwaas h... delivery partner h nhi inke pass aur order le rhe h... im going to uninstall it🤬...going on zomato,1,NEGATIVE,0.9994390606880188
611317ce-1b42-4d73-91c8-8ffba0b6ef3c,good,5,POSITIVE,0.9998161196708679
9f7e3000-a254-48c1-86d6-62c77466d3c9,good 👍,4,POSITIVE,0.9998576641082764
2fba1a71-bdd3-4cde-93ad-8eec70526dc0,swiggy delivery partner ठीक से बात नही करते और complain करने पर swiggy भी सही से problem को resolve नही करते। swiggy से बहुत बेहतर zomato है customer support में। मैं अपने जान पेहचान में सबसे swiggy uninstall करवाता हूँ।,1,NEGATIVE,0.995662271976471
d61a4aab-2b9e-41d1-b8c4-e7ac9fa7033b,"it's a pretty good app for ordering food and with nice offers , the only downside is there are too many miscellaneous charges",4,POSITIVE,0.9439104795455933
742c3a5d-bbea-49f6-b5ce-fa2a7143d155,good,5,POSITIVE,0.9998161196708679
46fbbc02-ce54-42b2-9d4c-51f6a22352ba,good,5,POSITIVE,0.9998161196708679
2055a736-8d00-47be-80c0-9db28309616c,good 👍,1,POSITIVE,0.9998576641082764
97c1c5a9-0357-444f-b03d-6872f56ebd54,good,5,POSITIVE,0.9998161196708679
e766bda0-a254-469f-9546-321f58c974b3,best,4,POSITIVE,0.9997941851615906
fe39a482-cdfd-4b5d-a089-2d208bf3bd03,apne grahak ka dhyan rakhiyega,5,NEGATIVE,0.7585058808326721
e807c0be-e608-4253-ab3b-6a582417c98b,"absolutely pathetic service. constant delivery delays, unnecessary multiple deliveries, and terrible customer support. the ai chatbot is completely useless—it keeps repeating scripted replies instead of solving the problem or connecting you to a real person. swiggy seems more interested in avoiding customers than helping them. extremely frustrating and disappointing.",1,NEGATIVE,0.9998252987861633
645d7b60-6e21-4bc1-95fe-48b46f725e57,poor service. do not deliver food on time. also help feature is not par,1,NEGATIVE,0.9996891021728516
5c697da3-d9d9-48e4-9d77-38a3535e93ab,nice 👍🏻🙂,5,POSITIVE,0.9998424053192139
c0f4ad6c-148a-4a8f-9c4c-a476f4c67935,again today support is useless in swiggy my money my order they cancel it as they are king then they'll say sorry .. now they will reply here sorry do mail .. i dont have time for this i can do zomato,1,NEGATIVE,0.9997311234474182
d24da15e-9c46-49c5-84e2-b5e5ae4fed90,very nice,5,POSITIVE,0.9998563528060913
c926917d-491e-4ce2-8cf8-79b04ff4cb05,super,5,POSITIVE,0.998783528804779
e77cbc26-2e0f-4a6d-a6c0-4bcdc2ba3429,good 👍,5,POSITIVE,0.9998576641082764
23e58933-4c1d-436b-a2e1-4cb9bfe16429,v good exllent,5,POSITIVE,0.9654968976974487
19a8a3d3-0a83-4ef1-92e9-07efd2fede42,super,5,POSITIVE,0.998783528804779
66b7a14b-79d5-4494-96df-bfaed941f1e9,"finally deleted the account of swiggy and uninstalled the app. never gonna use again. even after applying the coupon, they charged me full amount. the resturant packing charges were hidden until the payment was made. gonna delete the account from these people. when tried to reach customer support the bot closes ticket in 2 steps. if you bot inefficient then you can display a mgs saying mail to customer service instead of doing all dramas of customer support",1,NEGATIVE,0.9992220401763916
e21e883d-8c88-41e5-8b65-1c24f4b3225b,goo delivery,3,NEGATIVE,0.9690038561820984
21e77f65-a9ce-446f-acf4-ab5f574b1a52,excellent service,5,POSITIVE,0.9998576641082764
6142db48-6684-443d-a4e6-49795b8359eb,.always on top in food delivery apps.,5,POSITIVE,0.9974732995033264
2d804e2e-5ee3-4c3b-a8d7-ff06edfdff2b,"swiggy is very very bad. if you call customer care, they talk very badly. please do not order from anyone on swiggy. please.",1,NEGATIVE,0.9997996687889099
67f5f5dc-4959-46f7-bdeb-fea2a1a7d0dc,yay way,5,POSITIVE,0.9783604145050049
c2d545e2-1492-4edd-8331-0a4e7fe0aa80,worst,1,NEGATIVE,0.9998016953468323
f83705cc-c404-442f-b37a-60d87317ae7f,poor service. long waiting time.,1,NEGATIVE,0.9998005032539368
e550610f-3fec-4177-81ca-0b3699eaef2b,please 🙏,3,POSITIVE,0.99272221326828
e59c69c2-fae2-4c13-94cb-7a189065cc77,nice,5,POSITIVE,0.9998552799224854
a6d03652-1c3d-412f-aa98-f4ab506ce4cb,only ai answers the queries and that too is not helpful. i ordered a 6-in-1 pizza but received 4-in-1 instead. and when i tried connecting to customer support they asked to investigate and that they will reply. after 24 hours they just mailed that they will take care of it in future. that too totally robotic. i just wanted to ask for a replacement of my order or the refund but i didn't even reach to that stage as everything is totally ai based.,1,NEGATIVE,0.9995848536491394
74f68350-6f05-4f8a-9afc-ec32940b8066,tq swiggy,5,NEGATIVE,0.9939050078392029
32fef2cf-b8e3-46e7-adf4-96f91f2889b1,so good,5,POSITIVE,0.999841570854187
8c45a06f-eb74-4989-b94b-1da072325304,"more than 1 and a half hours and the order is still not here. support is not helping either. this is not a one time thing, this has been happening every other time with swiggy. i would suggest you to not use this app. just drive to the restaurant yourself if you can",1,NEGATIVE,0.999432384967804
a1e26d33-7f0e-4d92-a419-9a623f9ee98c,ok,4,POSITIVE,0.9997851252555847
339de3f0-d41d-4788-815d-cd37986a357f,"do they use a different kind of clock? because one normal hour passes, but on their side it somehow shows only 1–2 minutes. and yet, the order is still marked as “on time”! 😂",1,NEGATIVE,0.9962867498397827
3899642f-d55b-488a-b57f-008c55b58503,good,4,POSITIVE,0.9998161196708679
b69e1cd3-2131-45aa-88c9-1b321f58bd24,हमेशा ऑर्डर में गड़बड़ी होती है जॉर्डन करते हैं उसका अलग ही आता है क्वालिटी घटिया आज के बाद कभी भी स्विग्गी पर आर्डर नहीं करूंगा अरे सपोर्ट और हेल्प के नाम पर भी कोई भी सुविधा नहीं है सिर्फ फालतू के मैसेज करके कंप्लेंट क्लोज करती जाती है वेरी पुअरसर्विस,1,NEGATIVE,0.8912949562072754
b13106b4-5189-4a20-9993-06799743940f,very poor response overcharge lots of delay poor response by help team,1,NEGATIVE,0.9987648725509644
ce650a88-1cdd-4508-a2fe-4764fff85aec,good platform,5,POSITIVE,0.9998637437820435
25bc542b-88a4-4eb5-8e7d-fff4b322537b,absolutely hopeless. frequency of order delivery delays are extremely high. very difficult to approach customer care. swiggy's ceo shriharsha on telephone assured me that they will improve the service in my location however it's same hopeless 😔,1,NEGATIVE,0.9994605183601379
6dc10878-f87b-47b7-b205-29610c08bbc7,no offer,2,NEGATIVE,0.9946507811546326
58815310-ad01-4a78-9b37-d93c4341789e,vet ni ce,5,POSITIVE,0.5311341881752014
b72b5cf2-0aef-4b0f-a8ae-43afff53fe59,worst became,1,NEGATIVE,0.9998136162757874
30be35e9-ab9d-47dd-99fe-62a764929998,very delicious,5,POSITIVE,0.999880313873291
4c8fac36-c236-49f2-857c-d2fd4f5c8dc8,zomato is better than this app no a single coupon will apply during order and if price is 120 during order last pay will be 200 above use some other apps guys,1,NEGATIVE,0.9750704169273376
1221872c-b8f3-4bbe-8b00-6d2d5c4fb71d,worst app ever. always delay in time,1,NEGATIVE,0.9998101592063904
6bf7c042-c34c-42e0-a99b-7a5e81d72f68,the food is very nice,5,POSITIVE,0.9998711347579956
d12bf10a-826f-4de8-93d3-dfc11ddba7ad,good,5,POSITIVE,0.9998161196708679
2364588f-d2e4-4779-a8f4-4a046bace5f3,good,5,POSITIVE,0.9998161196708679
76911501-b5ef-48c4-bc85-b4e3e9374ec3,good app,5,POSITIVE,0.9998493194580078
a0b59f92-fa5f-45fe-af02-9696f42bb23d,good,3,POSITIVE,0.9998161196708679
983c03d9-ac37-4f12-9408-b35d3e7cb401,great,5,POSITIVE,0.9998630285263062
10ada3d9-38c5-441c-99a9-740a5afa0dc5,best,4,POSITIVE,0.9997941851615906
07811083-43a0-4916-8757-04b37d690a2f,why high demand surge fee ???,1,NEGATIVE,0.9932030439376831
5d437d80-ec1e-41c6-b6ee-5f00bdf8182d,was good,5,POSITIVE,0.9998307228088379
2179cc0f-0a8b-40d8-8459-3797510496f0,the delivery system is just pathetic. it just spoils the whole experience when these delivery people do not give doorstep delivery. even though i had tipped him during checkout and requested him 3 times to bring the food to the door he still didn't come up. how stubborn? i had to send the building security to collect my food and tip him also. can you add doorstep delivery option at payment time? i would pay extra to have the food delivered to the door.,1,NEGATIVE,0.9994127750396729
d051b6dd-1e91-4f87-821b-1debc1834540,ok,5,POSITIVE,0.9997851252555847
10613487-24e6-42a1-8677-d123f30cc9c5,best in pizza category,5,POSITIVE,0.9992995262145996
b8e50fa1-341d-40e3-abc8-4405ce1e74e7,please do not use swiggy i ordered a meal at 12:30 am and order was cancelled by after 1 hour due to delivery partner mistake/frod my payment was stuck and after that day they turn off my cod option and now there is no way to communicate customer support to ask why my cod option lock even it was not my mistake there so called delivery agent cheat me in middle of the night btw i pay for the delivery before. so please do not use swiggy until they fix their support system. i unsubscribed swiggy,1,NEGATIVE,0.9996761083602905
b2000d47-0f0b-4cf9-9e97-ff251a6f213a,nice,5,POSITIVE,0.9998552799224854
ac7359a9-329d-4f2d-aad5-75bbdc30f970,zomato has better offers,2,NEGATIVE,0.9740342497825623
803dd553-632e-49aa-a2ef-9acce9d7dea1,best app for all time,5,POSITIVE,0.9996614456176758
fdb66d36-8887-486b-bea3-166a900f1562,good,4,POSITIVE,0.9998161196708679
b95e7184-19bd-4696-8ed2-62582bbf8763,wow,5,POSITIVE,0.999592125415802
62ff15a3-9237-41ca-b27f-1061f7014226,good 👍,5,POSITIVE,0.9998576641082764
66cd376b-16ff-4103-8d4e-d2920ceae388,best food delivery app in india,4,POSITIVE,0.9997705817222595
c0e5d18a-c503-455f-9cf1-741346125199,app is mid but the food is the g.o.a.t,5,NEGATIVE,0.9840848445892334
cbd8a55d-41b1-4160-823f-865ceff543a6,excellent,5,POSITIVE,0.9998434782028198
a24e3c7b-21ec-4846-bcee-ada8a317fa3c,ye website achi hai par mahngi hai 😭,3,NEGATIVE,0.5357793569564819
4923383b-6811-4e27-b313-fc82bdda7e96,good,5,POSITIVE,0.9998161196708679
2a6712d7-bd68-4bb3-9fa7-ad08c4b68df9,good,5,POSITIVE,0.9998161196708679
dee2db79-76ae-48f0-b9db-d9d44cb5c4dd,nice 👍🏽,5,POSITIVE,0.9998424053192139
c5152190-1b9b-4b59-aee3-de43752e180a,"the worst experience was swiggy delivery and delivered cold french fries to kid, i am complaining about the same before delivery but they ensured the food will be delivered warm. you failed. i have uninstalled my app due to my son crying after seeing the food. my son hates swiggy now. you losers",1,NEGATIVE,0.9962373971939087
5fc34d32-4529-4055-8188-15265d613243,over all it's fine but recently i'm facing issue of app getting crashed where it shows map and delivery partner details,2,NEGATIVE,0.9975651502609253
374c8349-fd23-47a6-9c2d-1c9bb03df278,"worst experience ever. do not trust this app. they can cancel your order at any moment, make you wait for nearly an hour, and then conveniently play the victim card. you sit there waiting for your order like a fool, only to have it cancelled after wasting your time. absolutely pathetic customer experience and zero accountability. worst app, worst experience. uninstalling it for good.",1,NEGATIVE,0.9998142123222351
4295a15c-6c4f-4416-ac75-f4bb8453cdb9,nice,4,POSITIVE,0.9998552799224854
22e74b61-8b0c-4c08-a5f1-c37a982c0279,good,5,POSITIVE,0.9998161196708679
2d09beda-a5c6-4537-a569-274772ddcb72,good,5,POSITIVE,0.9998161196708679
1e6e6fd0-c02b-47d8-9e2c-721bd7539e8c,good,5,POSITIVE,0.9998161196708679
b7add96d-b9b6-440e-a47d-870cf8dbe400,late delivery,1,NEGATIVE,0.9944546818733215
bfbdd7c6-3c52-4082-b3eb-0c5aab27254b,"pathetic service, even on complaining about delivery person many times purposely diverting food and being late. not registering complaint online. for their being late even they charge 100 percentage if you cancel order! so u can't complaint or cancel for their error!",1,NEGATIVE,0.9992555975914001
2329016f-1eda-45d1-8fc9-d6cfecd4ebda,"this is highly disappointing and honestly unacceptable. today, i noticed that the actual price of a full grilled chicken at the restaurant is ₹450, whereas swiggy is charging ₹744 for the same item. that is a huge difference and feels extremely unfair to customers. you should respect your customers and their trust in your service. customer loyalty should not be taken advantage of by adding such excessive charges. i request you to look into this pricing difference and provide a proper explanat",1,NEGATIVE,0.9990193843841553
2cf47ff9-3749-4ceb-b0f8-15bd78cf5eae,nice,5,POSITIVE,0.9998552799224854
425fa204-204a-41ac-ae1f-b44d572a2462,"worst service no care at all, ordered pizza for family, expected to be delivered at 6.30pm and after 20 minutes it started showing 8 minutes to arrive, but it never moved, delivery partner didn't respond to my messages and calls i made more than 5 long calls and many messages, then i called swiggy customer care, she told me we will use another partner to deliver your order quickly within next few minutes order will be delivered, guess what?? swiggy cancelled my order in the next 30min i.e. 8:30p",1,NEGATIVE,0.9997232556343079
51fbdeca-116a-48a5-b188-a62c0747b9ea,nice,5,POSITIVE,0.9998552799224854
c2bff27d-f6b0-477d-ac0c-6f7654d53eb8,good,5,POSITIVE,0.9998161196708679
94902d84-00f5-4521-aba2-04fc92f73346,toppp🔝🤝,1,NEGATIVE,0.6970565915107727
62015411-b4e9-43dc-ba3f-fd647aac6a90,awesome 👍,5,POSITIVE,0.9998607635498047
f7ea8f6d-2d33-49d2-b0cf-70784e4fbeca,good,5,POSITIVE,0.9998161196708679
494ae505-bbe0-4b1d-a9db-f65857f01317,there is no offer on frist delivery,1,NEGATIVE,0.9986588954925537
0980a03a-5083-4b57-ae15-b3c70b571f94,nice,4,POSITIVE,0.9998552799224854
47a246ca-68a9-4441-a39c-8f937dffaa15,worst experience after installing for the first time..... asking for name multiple times without any reason,1,NEGATIVE,0.9998133778572083
b540618e-a751-42e1-8e95-ba50fbd8b106,i didn't cancel order and i even recieved the order and i got a notification about my order cancellation and they are telling they they will charge a cancellation fees on next order don't download this stupid app,1,NEGATIVE,0.9953430891036987
5b877f00-38ff-405a-b979-bf9bc659c71c,worker bad behaviour not use app and swiggy store,1,NEGATIVE,0.9975952506065369
fb3f7974-48b2-4c4c-a192-c67534bf35c9,good,5,POSITIVE,0.9998161196708679
bbaa07c8-662a-4a4a-8444-c5b4a9141439,good,5,POSITIVE,0.9998161196708679
001a3884-86a1-45f5-92e8-2b515b3ac3f3,good,2,POSITIVE,0.9998161196708679
710e7aed-9c2a-4e56-8196-b56d03cc787a,good offer today,5,POSITIVE,0.9998375177383423
980ea9f2-2172-4332-9b5c-dc263c01c147,takes too much time,3,NEGATIVE,0.9994827508926392
a60af452-fd91-4307-ae49-556b303d0dff,nice,5,POSITIVE,0.9998552799224854
fea6ced0-0dd2-4bb3-a989-d4fae4ed528e,very good offer today,5,POSITIVE,0.9998639822006226
6bb20fdf-3763-499c-873a-c45dc610630c,osm,5,NEGATIVE,0.9950666427612305
c5abede6-bd1c-474b-879c-54e5a0fb3656,just wow,4,POSITIVE,0.999775230884552
dc60785c-de95-4bd2-ac70-fae1e5b35a3e,excellent,5,POSITIVE,0.9998434782028198
b79dfaff-c57e-489c-932a-6c120ec5a20e,amazing n fast app service,4,POSITIVE,0.9996684789657593
830148a5-5957-46bc-939c-3ce0d60dbb0f,right ordar,5,POSITIVE,0.9987591505050659
0fd8b3c7-fadb-45c1-859c-307a3082f4d6,their support is running by scammer.,1,NEGATIVE,0.9993770718574524
c293a098-f19b-4fda-913f-e31093257f18,good app but you are taking high gst charges lower it,5,NEGATIVE,0.9847657680511475
62eac408-c66d-45a0-9f6b-2c32732e2dcf,good,5,POSITIVE,0.9998161196708679
644d6362-5562-420e-839e-ced2d5c68df5,super,5,POSITIVE,0.998783528804779
74fe76a4-c96d-42d3-8bf0-1ebe6fe05858,good,5,POSITIVE,0.9998161196708679
38d2fe6e-fd99-4eee-a7f5-502fa6c69ed1,such an worst app ever... i ordered the food but i got incorrect items i even complained but the bot not accepting the clear reasons i gave and i even sent photos of incorrect items and when i place order it takes nearly 1 hr to reach and i couldnot able to cancel not solving the issues... till now i didn't get refund such an worst app... i don't understand how it got 4.5 ratings felt very disappointed i even mail the issue but didn't resolve this is not first time.. i recommend not to download,1,NEGATIVE,0.9994971752166748
5c2af039-c17f-473f-96a8-2d97df566971,best,5,POSITIVE,0.9997941851615906
a39946d3-f6c6-4152-b391-0ef3d0ea45bd,good,5,POSITIVE,0.9998161196708679
e0577d0a-d10b-4493-9ac2-26807e59131a,bohat acha h,5,POSITIVE,0.8710677623748779
ae493459-e39b-4991-96b9-f6d59ee25458,good,5,POSITIVE,0.9998161196708679
819ea212-b382-4e25-8d9f-272aad64499a,"good, excellent",5,POSITIVE,0.9998524188995361
97371307-dda4-44cb-b8a0-9311f9722605,good,5,POSITIVE,0.9998161196708679
37862b78-d914-4345-b5eb-179705d7b7a7,good,3,POSITIVE,0.9998161196708679
2c3dc33e-316f-4f46-a379-2a71c53ecc93,the app crashes every time i want to check my order status.,2,NEGATIVE,0.9995012283325195
650f2092-9cc9-479b-b882-c2e881c48f02,good,5,POSITIVE,0.9998161196708679
337a41bd-65ea-46bd-a0db-2f7873e7ade5,best,5,POSITIVE,0.9997941851615906
39c4009d-4283-4a78-8d61-5d57b6da9916,it's too good,4,POSITIVE,0.999834418296814
830f819f-656f-4257-9ac9-591eb615fa9e,excellent job bro,5,POSITIVE,0.9998431205749512
a6aa49d8-a7c2-4b1e-b41b-65dc52dffec2,it's a good,3,POSITIVE,0.9998506307601929
19983dce-c80b-4e43-8483-a3e4e394d4f6,mast hai,4,POSITIVE,0.8656030893325806
6a56d38f-4ec8-4909-9e60-e681a4aac5e9,worst & bad food delivering app ever 🫩 used charging fine without deliverying and cancellation of the order placed totally waste food delivery app ever used‼️,1,NEGATIVE,0.9996026158332825
df47366f-78f8-48be-b8f0-3c27cbe60cd6,nice and perfect for me..,5,POSITIVE,0.9998643398284912
3d63ccce-34a7-4e68-9c23-da66477f315c,nice,3,POSITIVE,0.9998552799224854
a849077c-f484-4d1e-986b-3fb931ebd1d2,good,5,POSITIVE,0.9998161196708679
c23ab8d6-4bf7-4b1e-b723-6cc781288a7a,i orederd food from this app but the delivery partner wasn't able to deliver my order and the customer care told me that ma'am delivery person doesn't want to deliver your order after that they cancelled my order...and text me that you will be charged a cancellation fee on your next order....dude it's your fault not mine so don't fraud your customer....fraud app,1,NEGATIVE,0.998297393321991
8b9a377b-99eb-4139-b4bb-1d9e38ac6cfe,its quite good,4,POSITIVE,0.9998549222946167
7f5096de-9ef2-49eb-ae0d-90d420a84063,good,5,POSITIVE,0.9998161196708679
40e1cf44-38a4-4efb-8828-e5fcb21292c5,great,5,POSITIVE,0.9998630285263062
76755384-43ff-4c72-a7a0-2979b4340362,good benifits good app 👍,5,POSITIVE,0.999664306640625
13e606c3-c4a0-40fc-9496-c937046968c6,super,5,POSITIVE,0.998783528804779
229de4c9-e0f1-49a3-a1ea-c03cd3ef6f4c,it's a complete loot. i don't know how this app is getting a 4.5 rating. atleast zomato is little better than swiggy. if i had a negative rating option i would have voted for that.,1,NEGATIVE,0.9992730021476746
c715fa6b-3746-434b-bc9d-20ba94ee984b,taxes prices are more than the food price..... delivery charges and gst delivery charges....useless app now.,1,NEGATIVE,0.9996743202209473
3ce3a2e4-8bf6-4c58-af88-ba6bd08a028d,very good,5,POSITIVE,0.9998520612716675
3f321a2b-b32d-43e8-a027-044f0830abaf,such a worst app,1,NEGATIVE,0.9998027682304382
663e4927-a1b3-4f50-bb7e-089dfc8ae3ce,thank you,2,POSITIVE,0.9998352527618408
96e4c02a-32b9-44e7-a93b-1ef1bed606cd,very good service,5,POSITIVE,0.9998648166656494
cab93c65-3b6e-45e9-89f2-5c23a5e0ae51,good 👍,5,POSITIVE,0.9998576641082764
25a67f9a-c2c5-448e-bb82-032eca670b50,very bad app the website is very poor give fake offers. zomato is better...,1,NEGATIVE,0.9997697472572327
25994378-3c9f-438c-99c4-9eb8a9867cf6,super 💯,5,POSITIVE,0.9331684112548828
a033e900-804c-435f-abd7-ca326a541337,the food gets delivered in a long period of time . time shown on the app is incorrect and the order is often delayed.,3,NEGATIVE,0.9974779486656189
f852ef1f-bca5-410b-a3af-3bc07d645194,good 👍😊,5,POSITIVE,0.9998576641082764
572c7e15-20c9-461d-9f0a-0bebd419b283,satisfy,1,POSITIVE,0.9997739195823669
736ce4ef-1934-4904-9b5c-2e21622453a5,good,5,POSITIVE,0.9998161196708679
5be3360a-af44-44f7-a045-b731b0e0e525,good,5,POSITIVE,0.9998161196708679
5ba71832-118d-4462-b4e2-acb0c2584b4c,swiggy and its derivative toing are waste of time and money. its better to use zomato or even magic pin they are better than this.,1,NEGATIVE,0.9997772574424744
94c22f54-aca7-48e7-b039-3c3b1e216ee7,good product quality and good service 👍 👌 👏 😀 🙌 😎 👍 👌 👏 😀 🙌 i am very happy to kfc chicken 🐔 😀 😋 😄 😊 😍 🐔 😀 😋 😄 😊 😍 🐔 😀 😋 😄 😊 😍 🐔 😀 😋 😄 😊,5,POSITIVE,0.9992521405220032
6c8dc187-4bbd-4244-97ce-d6e8115b1834,what a pathetic app i order 3 times in a week but everytime time my order get cancelled and also the help and contact number in the app is not working at all .....they just waste our time,1,NEGATIVE,0.9998206496238708
7b6e54ba-73b4-47f7-8442-e17e22269521,excellent,5,POSITIVE,0.9998434782028198
c98c8132-8811-45a5-826e-e06eccc8ae9e,its work fast,4,POSITIVE,0.9996739625930786
296b7c2a-329a-4905-b04e-dda23a732b5b,awesome,5,POSITIVE,0.9998682737350464
426b8936-953f-41a2-b661-dd26cf64fa0c,i order food and the swings app automatically detect my wrong location and when delivery agent reached there he said that you put wrong location so he can not come to my home for delivery and he cancelled the order and i even didn't receive my refund although they put cancellation fees,2,NEGATIVE,0.9994309544563293
bc07683d-f733-4b69-8578-5db54a358774,"fasle offers , checked many times some mrp is not similar with local market products",1,NEGATIVE,0.9961103796958923
f49b2c42-5f27-42c6-9cec-b735246f882b,worst customer service support ever. uninstalling the app right away. would not recommend to anyone.,1,NEGATIVE,0.9998143315315247
35718e42-796b-4288-a374-52bbac8f82de,pluxee card is showing invalid to buy sweets in swiggy food app 😄,1,NEGATIVE,0.9966530203819275
642ccdf9-99c3-4f37-b428-ed857c833f33,"after 10 years of using swiggy, and spending more than 15 lacs on food order. i finally uninstalled the app, due to the series of food scam which restaurants are running and swiggy just tries to play dumb. and take no action. it is worth less to be here anymore. no point for loyalty.",1,NEGATIVE,0.9995965361595154
edca2012-7a31-425a-9fe1-368e65b7db56,"now days instamart and swiggy becoming worst. their store providing wrong item damaged leaked, incorrect size and when trying to connecting with customer support for help they are denying and not helping and becoming scammers day by day. i thought it is one time but no it is 4th time in a week. they are also bullying their delivery agents and making them in trouble. i have multiple screenshot and photos as well.",1,NEGATIVE,0.9997813105583191
51884bd4-a170-4d8a-88f2-9b4c1965fb05,good 👍,5,POSITIVE,0.9998576641082764
cb678fe9-a18f-436a-b01f-e71432bbc0cb,"i had a very bad experience with swiggy i ordered food at 3 :23 pm but it was still 5:45 i did not receive my order, always saying it will take more than 15 minutes so i called swiggy and initiated a refund and when i asked for a complementary for wasting my time and moment of my child so he said we can give you a coupon of 47 rs, so requesting you all do not order any food from swiggy especially when any guests are at home, kabhi bhi tang denge swiggy wale.",1,NEGATIVE,0.9993674159049988
f920fd56-1a6c-4d9c-be56-5012a5add527,ಸೂಪರ್,4,NEGATIVE,0.6970565915107727
5e706b46-1365-4035-8b1d-39d5ee8884b8,"swiggy is cheating.i have ordered some food and the order was divided into two.i paid the money online.first order was delivered second one was not delivered but app showing that it is delivered.i lost a huge money.i requested for refund but they rejected it.swiggy is the worst and bad app for food delivery.very very bad service.doesn't know the value of money.service is very poor,bad",1,NEGATIVE,0.9997828602790833
ffb07c7d-c8c1-46fb-bcdd-777eeffa9185,super,5,POSITIVE,0.998783528804779
b491a771-949d-44d3-bd91-a6483c3a7ca3,nice,5,POSITIVE,0.9998552799224854
4378139c-fea3-4464-9134-645a57a9b86b,👍👍👍👍 nice,5,POSITIVE,0.9998304843902588
b9611e23-f69f-4cb8-b931-41ffa1111973,good service for home delivery,5,POSITIVE,0.999767005443573
ad4d1fb9-6b9b-42c0-9a88-545a47a3e86e,ok good,3,POSITIVE,0.9998414516448975
381a7248-efd6-4daf-a5ff-1440b9b829e9,good,5,POSITIVE,0.9998161196708679
1f11ff49-77e2-4989-8b48-31f803061262,nice,5,POSITIVE,0.9998552799224854
7cde167c-c3e5-4617-9360-c340287b3138,nice 👍🏻,5,POSITIVE,0.9998424053192139
d0fea467-162d-4f9e-9599-cc197b4fb2b7,very poor customer support options.,1,NEGATIVE,0.9998109936714172
f4f0a3f2-2488-4f97-bf06-44785e3eed09,good,5,POSITIVE,0.9998161196708679
292168af-5e03-4747-872a-9c3ab644e02a,not giving offer to regular customer,1,NEGATIVE,0.9948689937591553
96f82c02-01fd-4ab0-91b4-51aa6286df55,👍 nice,5,POSITIVE,0.9998304843902588
f6b69813-9349-412b-bf0d-6c0d54bcc908,good service,5,POSITIVE,0.9998499155044556
2b5fc22e-7b80-41b6-80e3-788587dc97d3,"the burger the chicken inside the burger was completely burnt and had a very bad, charred taste. the burnt flavor was so strong that the burger was almost impossible to eat. very disappointing experience. i want new burger or refund u r support team sucks 😞",1,NEGATIVE,0.9956134557723999
5019ae0a-e1f5-4193-b56f-ed618be7a2e5,"""banswiggy instamart"" selling one month before expired product today ordered suji rava safe harvest company don't buy anything in that company which was expired one month before raised complaint saying unable to refund or replacedropped mail also no use here after i will not place order in swiggy instamart ""especially safe harvest"" product people who place order see these reviews once no one will place order here l am going to complaint in food safety department and going to drop mail",1,NEGATIVE,0.999065101146698
4d7966cd-ceb8-4d9a-86db-360807ef311f,best,5,POSITIVE,0.9997941851615906
4bf37ecc-3aa3-417f-8036-2cc934f7bfd7,always delay because rider getting two or three delivery at a time,1,NEGATIVE,0.9937477111816406
42f026a6-5afc-4650-8b2d-8b544b8d5a7d,nice delivery experience,5,POSITIVE,0.9998619556427002
692b07ab-2ed6-4eba-96ea-1d89f0a19053,good service.,5,POSITIVE,0.9998533725738525
5268c266-825b-4424-9dc5-6c65dfa72cde,good,5,POSITIVE,0.9998161196708679
fec3475d-cf4a-458a-8857-2de51b1367f2,good very good,5,POSITIVE,0.9998477697372437
fe79dcfe-c102-4815-b3df-053b9a664fcd,very nice,4,POSITIVE,0.9998563528060913
f4f1e356-fc34-455d-a444-47353a1bdae6,thanky for your survices,5,POSITIVE,0.9998382329940796
c891a797-d88c-4d5a-8202-d491d4276a06,service is good but dilevery partner sahi nhi hai,5,POSITIVE,0.9962980151176453
c46b2747-f6cb-4f14-b075-374dd35a13d0,late sirvice,1,POSITIVE,0.9252130389213562
97423712-e60c-43b0-9c74-ba3c3b3d2897,cash on delivery 👌,5,NEGATIVE,0.9178761839866638
04f41062-bc6d-47fb-ab1c-70f65129dc75,"it is very good, it is a very fast app in tapovan.",5,POSITIVE,0.9998524188995361
aa23d5a5-b8fb-49ad-a751-0d7474b0b3a3,the help services sucks they don't solve the problems with food and shrug off the responsibility,1,NEGATIVE,0.9981114864349365
02bef44c-2882-411d-b551-d680b97a999c,good,5,POSITIVE,0.9998161196708679
cdaaf030-73d5-472e-bc79-cfbf8f7f31a0,"poor , very bad experience , sometimes delivery service is very bad , uninstalled the app , refund policy is confusing if delivery person is responsible for cancellation then also refund is refused by swiggy service . misbehaviors by delivery person is passed on to customer . grievances is still pathetic . finally uninstalled the app.",1,NEGATIVE,0.9996336698532104
3b726c32-58bb-4ea0-b454-4bfa2f94a8d2,best offer provide,5,POSITIVE,0.9995415210723877
ffc027a6-17ad-4a5b-84c7-1f4b7630dd3d,super,5,POSITIVE,0.998783528804779
557dc541-7a6b-43a4-ab91-43e66fffecd1,very good on time delivery,5,POSITIVE,0.9998538494110107
f5c303be-5cdd-49ac-a7b0-ae36fd8229cd,super 👌,3,POSITIVE,0.9331684112548828
ca776aed-bc9d-424b-8637-76d49016007f,amount scam not refunded,1,NEGATIVE,0.9979755282402039
6d5237b8-47cf-4bee-8a09-8ca4754914a1,"shameless swiggy charging rain fee and gst on rain. fee ye app apne पिछवाड़े में डाल लो, i am uninstalling it.",1,NEGATIVE,0.9937460422515869
74f712c0-be9c-4c1e-a46e-191090b323d4,good .. .. .,3,POSITIVE,0.9998461008071899
57bba49a-180e-4990-b1d3-be3c4f088188,verry good,5,POSITIVE,0.9998464584350586
ace31682-86cf-46ff-8bf8-8d2db0b02f62,"this is a fraud company, fraud delivery partners.no customer service. use zomato instead.",1,NEGATIVE,0.999382495880127
7bede7b7-bfb8-4fb0-a986-e75c8e5ecb56,good,4,POSITIVE,0.9998161196708679
aa354077-9064-4b84-90a1-3d6fc3c6d2a2,👌👌👌👌 super,5,POSITIVE,0.9951052665710449
d2792363-3535-4660-a1b1-dc7853354353,rate kum hota he oder karo to badh jata he,1,NEGATIVE,0.9961552023887634
98262fea-e65c-45d8-82f6-210c3b05098c,nice,5,POSITIVE,0.9998552799224854
2050ad24-d191-45a1-886e-72a973f0e40a,"very expensive app seriously, they add about 50% additional amount on the food 😳, pls don't use these kind of apps , pls visit food outlet directly and take your food",1,NEGATIVE,0.9553428888320923
c507a4ed-8068-4bbc-a435-3b4f37f472d6,good,4,POSITIVE,0.9998161196708679
0c1614af-d2da-49cd-aa8c-caedbcf7d1a3,quick & fast delivery,5,POSITIVE,0.9996367692947388
f909ed76-7316-408a-acaf-14c4f1c10ed5,so nice,3,POSITIVE,0.9998610019683838
408fe836-e5bb-402e-bd3a-7dbbfb415ed0,verry happy,5,POSITIVE,0.9998395442962646
d7c517b3-6bb4-474b-96f6-1c993b1f539b,ok,5,POSITIVE,0.9997851252555847
c4ce8176-33b9-44dc-a2f6-15cd50863754,good,4,POSITIVE,0.9998161196708679
2bd99f8e-602a-4f87-ab1a-bfbfaee7ed6f,ok,4,POSITIVE,0.9997851252555847
dc309855-5f03-41e1-904a-4b175e24b99e,good 👍,5,POSITIVE,0.9998576641082764
2d9b53bf-174f-478f-88aa-5bd9f5943cb1,nice 👍👍👍👍,5,POSITIVE,0.9998424053192139
1a57f29f-f853-48ea-b936-2d0b4d111e5e,okl,3,NEGATIVE,0.6773086190223694
ff46490c-4d5f-4d92-a78a-3c75792b0a53,their service is third class.. from 30 minutes it is showing 10 minutes more and help us is not working..broken link always showing,1,NEGATIVE,0.9992326498031616
09ad7792-6a8e-4a92-abd2-a34b544e0eaa,these people are fraud,1,NEGATIVE,0.9988282322883606
abdc3d85-4c79-4598-b161-184e468607c8,great food delivery app,5,POSITIVE,0.9998428821563721
46042744-f245-4f5d-9eac-da09fccf015f,good,5,POSITIVE,0.9998161196708679
5fe22c47-5c6c-42ee-9fc7-aea8129642d0,good service,5,POSITIVE,0.9998499155044556
0514e176-8fec-4061-899b-7dd59faac07a,delivery on time and food is too much lovable i love it literally very nice,5,POSITIVE,0.9993094205856323
2e3efe8d-3024-4eeb-9365-77e7204a7616,vsggsuds you are god 🙌 namaste namaste namaste namaste,4,NEGATIVE,0.970693051815033
a107cda5-6624-4093-a5e3-1e4cf3e98f1d,such a worst app!!! mera galti se order ho gaya then maine 2 min ke andar cancel ka request bheja toh bol rahe hai unka delivery agent nikal chuka hai... bro woh log robot thodi hai jo 1-2 min ke andar poora ready ho gaya... main toh order receive nhi karne wali bro,1,NEGATIVE,0.9997817873954773
a9fd2c29-6cd8-404f-b845-b3523764a61c,awesome,4,POSITIVE,0.9998682737350464
3c17538d-d321-4a60-8b4b-3aa503ab99d6,fast delivery and tasty food,5,POSITIVE,0.9998639822006226
f7348841-1df2-485f-83da-f418e4cf6a83,very good,5,POSITIVE,0.9998520612716675
a45b90cb-0837-437f-9ec2-bd4594753ca2,need to improve offers,3,NEGATIVE,0.9911186099052429
fc900eff-edec-4c4b-b925-f7b6153be91c,cash on delivery is not available for every,2,NEGATIVE,0.9996905326843262
2999481a-06b2-45ea-8d6c-fd432c5231fd,nice,5,POSITIVE,0.9998552799224854
ec2e0596-d862-4cb9-ba26-da6c230e7b81,koi response nhi hain nahi query solve nhi ho rahi,1,NEGATIVE,0.9907050728797913
bb73b9c4-79b2-45df-966e-cb78c0d530a9,good 👍,3,POSITIVE,0.9998576641082764
7fa8c17a-1f91-44e0-88a0-f1f8b12bcc3a,excellent,5,POSITIVE,0.9998434782028198
06534731-da08-49bb-8801-c154295acad6,v good,4,POSITIVE,0.9984826445579529
53fd72f1-6db8-439e-b5d2-13182186d68a,good job💯,5,POSITIVE,0.9998576641082764
4302fbde-2a35-4f35-bf69-c46710784e0f,nicee,5,POSITIVE,0.9997127652168274
a6218c1f-06f4-4f96-8fc1-f7e40715d7ee,very bad experience with app. i have ordered food from app ordered 4 items while restaurant sent 3 items. when i raised conplaint swiggy denied refund and did not tell denial reason and suggested to rate restaurant. if you order food from this app for customer only resolution is rate restaurant that's it. if you email to customer service you will get fixed ai generated response.,1,NEGATIVE,0.999049723148346
8b3aa9f5-f3f8-4b4d-98cb-e596e8e1d919,very prompt service. decent delivery person.,5,POSITIVE,0.9996461868286133
99cc7a73-5b89-4e47-850d-53f7c43fb9ef,nice,5,POSITIVE,0.9998552799224854
8c221370-ffbe-43dd-ae3f-2047b6fc008f,very good,4,POSITIVE,0.9998520612716675
ee1850c7-fb37-44e7-888c-b1fe02b96d28,good interaction,5,POSITIVE,0.9998636245727539
62d2f725-4a60-4104-945c-7666a5e3ed37,very good,5,POSITIVE,0.9998520612716675
9a421fac-509c-4639-86bb-03c82ea14a0d,best,5,POSITIVE,0.9997941851615906
34ea3cc6-09e7-4044-ae79-378c030f1a7c,very bad,1,NEGATIVE,0.9997884631156921
77f409a7-93e8-4c79-87d0-1a9039247d4e,the delivery is not what they promise. misleading information to customers,1,NEGATIVE,0.9997735619544983
515ecbc3-8311-45ef-9687-5059ebbde8d6,very good food,1,POSITIVE,0.999876856803894
80d4b0f9-6e05-45e0-a6a0-796d3a62a213,"please don't order this app when you have special occasion to celebrate the customer care won't respond , and you will not the get the item which you order",1,NEGATIVE,0.9987658262252808
49dcf266-6dfa-4638-9543-277e3dfa2fca,vary nice,5,POSITIVE,0.9998236298561096
7e2fcb93-2f8a-4cbf-8f64-3fa9d62beb38,awesome,5,POSITIVE,0.9998682737350464
23a80420-0b2b-4821-8d09-866cc99f4b42,propmt service,5,NEGATIVE,0.9632892608642578
84d8a86e-c9db-48ec-a80e-444e248afa6d,good,5,POSITIVE,0.9998161196708679
e1cf3ddf-84db-4e63-8143-5c9dfecc2a2e,good,5,POSITIVE,0.9998161196708679
5f9b9788-502f-4c1d-a78a-76ddcb1e6695,good,5,POSITIVE,0.9998161196708679
ae8e3974-48f5-4f0b-a1f3-32a46bedcdae,good,5,POSITIVE,0.9998161196708679
79793e82-9ee0-4f44-99e6-0d3b55ad0ed3,very good 👍,5,POSITIVE,0.999870777130127
f150b8d2-de39-4c7f-9f0a-9075f1e6aefe,best offers more then zomato,5,NEGATIVE,0.7721412181854248
fa38668c-32fa-4db7-aeba-1123ee2f1597,late order,2,NEGATIVE,0.9988998174667358
48e5e4e7-381b-4c87-b76a-337cf86a1234,fastest ever,5,POSITIVE,0.9995842576026917
21cc7df2-e906-4564-a2dd-64614b742f1e,super,5,POSITIVE,0.998783528804779
e69ea861-9736-4139-80ab-188ddeb92a49,iam not satisfied 😔,1,NEGATIVE,0.999743640422821
0b26f94b-cad5-41de-b5e1-936e89568090,"horrible experience. ordered 4 items, only one came and even the bill was misprinted. first of all, it was a promised 30 min delivery but it took over an hour and the order was wrong too. then the help service completely denied and ignored our voice of concern and denied us any help. we were not even refunded after we mailed them and so on. uninstalling and never using again.",1,NEGATIVE,0.999724805355072
3c6044cc-bdbd-42c1-86bd-ff86c1d7d1c1,good,5,POSITIVE,0.9998161196708679
5fd95e58-a558-45dc-b62c-ea0099bf1848,good service.,4,POSITIVE,0.9998533725738525
5c2064f8-f1b1-4ade-b49d-ce45d67b2593,supar,5,POSITIVE,0.8584699034690857
c4c6ae14-2eba-464c-a669-75f26e1706f7,good,3,POSITIVE,0.9998161196708679
9e19fb61-b847-4ed4-80ae-752687f4ba4e,very good service,5,POSITIVE,0.9998648166656494
cf820722-bc8b-4d98-ad4a-6dc4028430c3,very good 👍,5,POSITIVE,0.999870777130127
bf285aec-7157-4d22-97c5-32bf77d1398e,total amount should 920 but while paying it was 935 .,5,NEGATIVE,0.9808623194694519
87650d22-1b28-4b62-a734-faab43fb60e0,nice,5,POSITIVE,0.9998552799224854
99d667dd-20f0-45fb-90cd-d7d6a74a66b7,"it's been a bad experience for me today , have to wait for my food items reason order time 11.50 am came by 1.28 pm the rider busy delivering another order , why i should suffer for this , a rider should take one delivery at a time so no food order from swiggy from today",1,NEGATIVE,0.9994139671325684
13db9cb8-82a7-44aa-b552-9ff8835752a9,good 💯😊,3,POSITIVE,0.9998576641082764
2dc2cff4-631e-4c37-b4bc-dd582e51703b,super,5,POSITIVE,0.998783528804779
04c4eeb0-3250-4492-9ca6-fca5134b9928,excellent work,5,POSITIVE,0.9998515844345093
bec13374-5e4e-4edf-b734-edc001cb9c8c,nice food taste,5,POSITIVE,0.9998652935028076
5f71ab8c-5044-405f-a170-8790a260e842,"i had a good experience earlier, but the payment process needs serious improvement. if a upi payment fails, it’s difficult to change the payment method, and the option is hard to locate. the payment flow is not user-friendly at all. on top of that, ads and promotional content are everywhere, making the app feel cluttered. i’ve used swiggy 4–5 times, but this experience was disappointing. please focus on making the basic user experience simple, clear and convenient.",2,NEGATIVE,0.9986245632171631
dc7a4e0e-e35c-40e6-baf5-2eb2d7cba7a4,good,4,POSITIVE,0.9998161196708679
8051932c-ff2d-4e11-93cf-a6e32c3496ac,absolute goons are running swiggy now.,1,NEGATIVE,0.998552143573761
62f54c05-2adc-4a15-8457-e0eac3b93076,nice,5,POSITIVE,0.9998552799224854
4e898bc3-ed65-49cf-9cf5-42ff588ef34c,good,5,POSITIVE,0.9998161196708679
7c1b08d7-9a96-40c9-b8b3-9aa05e495778,super,5,POSITIVE,0.998783528804779
0823afaa-998a-4b9a-9aa1-554e2e52f179,nice ok,5,POSITIVE,0.9998459815979004
2fd70203-d2cf-428c-bf5b-dc01c182d927,nise,2,NEGATIVE,0.7907947301864624
36b81ab3-d0dd-4db0-8961-58242290d9e9,always adds disturbance,1,NEGATIVE,0.9690206050872803
6c3e4979-3add-463d-a079-cf4be7bb08b3,good,5,POSITIVE,0.9998161196708679
2f952c77-adf4-4644-bc9d-16b85b742ee2,good service,5,POSITIVE,0.9998499155044556
2a734802-7743-4036-b2a4-e2caf9a795ec,"great experience with swiggy. we will be able to order without payment mode selection, the order will be placed automatically. once order is placed even within 30 seconds we won't be cancel order, since restaurant immediately start cooking. great app. even by mistake we choose wrong address want to cancel no option. great application loved it",1,POSITIVE,0.9981393814086914
ffc16ace-3e19-443e-b9ff-ead251da2cd5,very bad app do fraud . price is 70 and bill total is 240,5,NEGATIVE,0.9995498061180115
bc1a6dd3-5351-4b80-b1df-303d648f4b7f,please reduce your rates,4,NEGATIVE,0.9991822838783264
b07a842d-f8a9-4611-95ee-30207653051d,its nice,4,POSITIVE,0.999854326248169
d12ed2ad-e75d-49f3-90d9-b81586b85ff9,good,4,POSITIVE,0.9998161196708679
7562fdb2-c046-4328-baca-630f29472a19,this is the first time i joined with swiggy and toing. i will give detail review after receiving my food order. anyhow thanks to swiggy for best offers.,5,POSITIVE,0.9994986057281494
e70ce180-20dc-4824-9bf9-d0a89827e0d6,"worst customer service and worst products 😡, waste of time and money. better don't install the application.",1,NEGATIVE,0.999810516834259
f14585ec-b887-4e9e-aa8a-52c3b34019b0,the worst food delivery app 🤬. in every order it charges an extra amount and pretends that they are giving a discount. 😏😑 really this is not for students even for the middle-class guy . 😢 👉🏻in their calculation (200+43)-24= 270 rs and they got me discount of 24 rs according to this app. 🫥🤬,1,NEGATIVE,0.9996902942657471
5cee2010-0f4f-4215-b38d-0e322edbf056,aacha,5,POSITIVE,0.9910032749176025
4e8c8c17-1aee-4ab7-8445-835bd4f34f47,superb,5,POSITIVE,0.9998656511306763
c095de61-5341-45b1-8591-c45dbce68154,always best 👌,4,POSITIVE,0.9996912479400635
6260f477-495e-4499-bf18-7fce38be7fe9,awesome,5,POSITIVE,0.9998682737350464
751f94eb-a345-473d-ba8a-901020eba083,good service 💯,4,POSITIVE,0.9997857213020325
3b7de3b5-a58f-4026-84b6-7c8ea78db48a,good,5,POSITIVE,0.9998161196708679
415dee32-38f6-4ceb-b642-f88b9e067c9a,i didn't like the way they deliver their goods they arrive very late,2,NEGATIVE,0.9986727237701416
cdc8ed7b-eabc-4522-b63a-468ad50c086c,worst experience i want to cancel my order within one minute but they are not cancelling it and charged me full amount of my order worst worst worst app i m removing it from my phone and approach all my friends to remove it from their phone,1,NEGATIVE,0.9995322227478027
7679d95f-04cb-438d-8cf8-9a909003a978,super,4,POSITIVE,0.998783528804779
f738f667-b184-4be4-a5be-57d320bbd18d,good,5,POSITIVE,0.9998161196708679
e5dda3a7-3652-4d30-97c2-27e6b07a18fb,my favourite food app,5,POSITIVE,0.9987174272537231
48021ea8-a440-4d65-869e-1967c3de2eaf,good responding app,5,POSITIVE,0.9998306035995483
ffe27614-dd56-4d47-ba3a-a78b1603b5d1,price is too high,4,NEGATIVE,0.9990707039833069
402da33e-67b6-4734-8189-d98fe717f35e,bahut achhh food,5,POSITIVE,0.8707187175750732
12bad427-f450-49aa-b399-0584148d878f,very high price,4,POSITIVE,0.9991305470466614
f1fd9ab6-fc1c-443a-a8bf-d8139fb6b8a1,good app cash on delivery available and good rate,5,POSITIVE,0.9996522665023804
8849000b-e43a-472a-8a5d-2b9b41d660af,writing a review to bring it to notice that the live tracking is not working at all. previously had the pip map for tracking on android phones...but there is no longer a setting for this. please fix this,4,NEGATIVE,0.9993435740470886
8ddb30d0-41bd-4e7d-8ccc-d941165db08b,"everything is perfect but too much late,",3,NEGATIVE,0.9764602780342102
43c304ea-6f2c-421e-839b-deb6041354e0,good,4,POSITIVE,0.9998161196708679
51355bcb-a2e0-4606-9fc3-da96edc00898,aug 8 2026 : happy birthday swiggy and happy swiggying it 👏🥳🎊🎉,1,POSITIVE,0.9994945526123047
06d1f94c-c0f7-4665-9b97-0b7113171775,very good service,5,POSITIVE,0.9998648166656494
a0c01d03-a45a-454e-bbcf-f0b373683509,nice app good perfomance,5,POSITIVE,0.9998069405555725
b445cd64-d36b-4359-ac49-276672bb99a8,ha bhai srs che roj roj pachi su star mangvana😆,5,NEGATIVE,0.8733913898468018
436f8b52-6d8f-422c-81e2-1907a58de65e,"not letting me change delivery phone no. i ordered for a friend once to his place, and now i m stuck getting delivery calls on his number",1,NEGATIVE,0.9996145963668823
ab4da99d-9360-47fb-8269-1970a30c5343,timeing is late,5,NEGATIVE,0.9987397789955139
b3c83adf-0126-47ee-ac79-09b7905b2d8f,wonderful app,5,POSITIVE,0.9998787641525269
e4c7de4d-21f3-4d61-af27-3370c6fe1b22,to much late oder bad exp-ns staf is very rude,1,NEGATIVE,0.9997950196266174
72d9513e-3165-44eb-ae8b-a8e944dd122b,mast,5,POSITIVE,0.717346727848053
387b27a4-22e5-4352-bab3-8568d3a223dc,very nice aop,5,POSITIVE,0.9998639822006226
6ac8cd6b-88f8-4aff-9abc-efe6d983f1b9,good,4,POSITIVE,0.9998161196708679
3a580f37-0369-4f54-a0b3-35184854969a,if looting people is an art then swiggy is the greatest artist of it.,1,POSITIVE,0.9894921779632568
99ebbbc7-bf74-44ad-9db8-34d60c43454b,good,5,POSITIVE,0.9998161196708679
b9019b39-197b-4941-95a7-db9069a403d9,good,5,POSITIVE,0.9998161196708679
9b55cea2-66b6-4d0c-bb26-701507d28b3b,"as a very old member, i'm very disappointed in swiggy nowadays. it's not only very over priced, but the delivery person stayed at a location for 10 minutes without moving even though i had ordered in bolt because i needed the dessert urgently. the worst part is the bag seal was tampered little bit and when i asked the delivery person the reason for delay, he shrugged and said it got delayed",1,NEGATIVE,0.999697208404541
e893706a-6aa3-49be-bc89-f9a6fec49dd1,good experience,4,POSITIVE,0.9998599290847778
e06c799a-60ef-4620-b90c-1217eebbe43c,good,5,POSITIVE,0.9998161196708679
e6561e83-012d-42ef-8e20-c295175dff81,good,2,POSITIVE,0.9998161196708679
83533b68-8d86-4886-b36e-bbefa8b9c3ba,good 😊,4,POSITIVE,0.9998576641082764
49ef1f3a-4235-4733-876e-e48f460a5e6b,waste of time,1,NEGATIVE,0.9997943043708801
1ca5d439-778b-4f32-8e48-77bd9d4b1a26,"my order has not arrived yet, give me my money back",1,NEGATIVE,0.9980102181434631
1ea19547-fb6b-4f2a-8730-42d551dd4274,in swiggy food the delivery charges inc taxes are high,4,NEGATIVE,0.9926332831382751
1d91d201-10ba-46e6-abef-ba2e1f83d2d8,nice good,4,POSITIVE,0.9998525381088257
6239a21b-22ad-4c27-8e2c-38c7bba77ad8,good,5,POSITIVE,0.9998161196708679
6bc8f600-62b0-4afa-ae11-2431ce03bee9,"⚠️ i had a very bad scam fruad 👍 don't buy anything this scam y. i feel that i was not treated fairly, and my issue was not handled properly. this experience was extremely disappointing. i request swiggy to take customer complaints seriously and provide proper solutions. #swiggy #customerservice #badexperience bye full ok",1,NEGATIVE,0.9996352195739746
8bd5a5e4-37e0-4197-a9d1-b2648da605a3,just ok for food. when you hungry and stuck helpless situation you can use it . otherwise it's cost too much for every food. its eat your time also... worst app,1,NEGATIVE,0.996900200843811
0111c022-216b-4c16-b95b-b28192383980,nice💫💫,5,NEGATIVE,0.6970565915107727
aa356d55-955f-42cc-bdb0-236a70bd8026,nice,5,POSITIVE,0.9998552799224854
160d8b04-9106-46fe-adcf-2af29ecbf231,good,5,POSITIVE,0.9998161196708679
710c1c5e-5cd8-4d8a-aa27-4ade9794e2d5,good enough,4,POSITIVE,0.9998137354850769
95367e01-a474-4175-abfd-a7d7631017d8,excellent,5,POSITIVE,0.9998434782028198
592d1931-04b1-4f6f-9156-435ce897134b,swiggy refund policy is the worst,1,NEGATIVE,0.9998186230659485
9cbf7e22-fcdf-49d2-b75c-daf6be94652d,swiggy is looting. the food lootera app,1,NEGATIVE,0.9997373223304749
c87a7004-db9f-4a2e-ae64-cb9e1f0e65a4,nice,5,POSITIVE,0.9998552799224854
96e25dcd-433b-49a5-8f60-de98fc3499b8,only show the offer and never applied,1,NEGATIVE,0.9984265565872192
baa8ef22-2cca-434b-8f7f-4a99cc096a7a,its ok but for 10 rs item they are charging more 38 rs,4,NEGATIVE,0.9289197325706482
314a45aa-c2b9-4c7f-b2c3-ccd6c3e5c060,good product,4,POSITIVE,0.9998588562011719
cab3a09b-a860-4399-baf6-21ad2d7981d5,"wrost app i have experienced multiple instances where my food was not delivered, and i was completely unable to contact the delivery partner. furthermore, i have not received refunds for these unfulfilled orders on several occasions.",1,NEGATIVE,0.9996335506439209
b7a0369d-ca06-4721-b91a-b6ce1de09bfb,"this swiggy app is absolutely useless, do not order any food from it, they say it will deliver in 1 hour instead of 5 minutes, my order has not arrived yet and when i asked to cancel it, they are refusing to give refund",1,NEGATIVE,0.999755322933197
ab78dcb2-cae1-444e-b394-8886ba3fb9a4,worst app,1,NEGATIVE,0.9997863173484802
d67f7f6b-4126-4093-9e2d-8a9843376f2d,"extremely disappointing customer service – 1 star absolutely pathetic customer service. this is one of the worst experiences i have ever had with a food delivery app. the customer care team was completely unhelpful, showed no responsibility, and failed to resolve a genuine issue. customers spend their hard-earned money trusting your platform, but when there is a problem, your support team simply wastes the customer’s time instead of providing a proper solution. this kind of careless attitude",1,NEGATIVE,0.999815046787262
c0d00182-744d-4a80-818e-349d0e347f1b,worst app ever! food cost 75 rupees and gst and other charges 55 rupees + 34 rupees delivery charges...what rubbish!!! just going to delete this app and i'll never use it again!,1,NEGATIVE,0.9997679591178894
a00ce0d6-eda8-43de-9dc9-3db98f4b6c5b,👍 nice,3,POSITIVE,0.9998304843902588
548cf337-8aeb-4f49-a53f-788de8a620b1,"multiple orders were cancelled their service is pathetic, customer support sucks, no actions are taken against delivery agent",1,NEGATIVE,0.9991248250007629
b3067dd6-16a2-410d-b128-cb1a16d32cf3,thank you 👍,5,POSITIVE,0.9998127818107605
612c162b-c392-40ac-b830-c8434ad14f2f,worst service..,1,NEGATIVE,0.999795138835907
1963ab8b-f0ed-4575-aa0d-29a393d016f0,scam complete scam. i wish i had the option to post the screenshot of the scam made,1,NEGATIVE,0.9996238946914673
ab114cb7-c645-449f-b459-82d32452c61f,good,5,POSITIVE,0.9998161196708679
2ae6623f-560a-4204-aecf-8823499051e2,nice ☺️🙂,5,POSITIVE,0.9998424053192139
8c2dad57-5401-4a0e-b7a4-8deeef6b3e3b,more offer,5,POSITIVE,0.9925538897514343
a3271b6c-92aa-40a2-a07c-f4ba0501e323,excellent,5,POSITIVE,0.9998434782028198
d1d5d993-afd5-480c-9e3e-67a22391731a,abhi review chal raha hai,3,POSITIVE,0.949235737323761
581fa0ab-a5b4-46d6-8296-e51e030a44ef,good,2,POSITIVE,0.9998161196708679
7fc8fca8-86ec-4a28-92f0-89c99e6af550,good,5,POSITIVE,0.9998161196708679
af46a3de-1ea6-4ae6-a422-4ffffb0f0aea,thankyou for the offer 😁,5,POSITIVE,0.9992616772651672
73ab4e59-3f69-4b11-9626-650af6bd8b6e,it is worsrt app..i ordered from pizza hut..after 35 min...i canceled the order when there was no response from swiggy...still they charged me..full amount...,1,NEGATIVE,0.9995575547218323
e1ae3db7-9ddf-4511-943e-54d6e6b87217,"king chicken burger was good, but king veg burger was not as per expectation.",3,POSITIVE,0.691674530506134
3e34e224-324e-47aa-8ffc-6d7e802d24c0,orders delivery is late,1,NEGATIVE,0.9995126724243164
b2215ff9-6a68-43d6-92f4-e3b37e0a060c,flyswiggy good 👍 po,5,POSITIVE,0.998306393623352
0831b52a-e7ac-417e-a039-252cf5121c2f,super and satisfying experience,5,POSITIVE,0.9998849630355835
0cf80dbb-623c-4424-b39e-d88280d97748,too complicated a step to make the order,1,NEGATIVE,0.9994645714759827
d7d7a4f7-574c-4a09-b837-82074cf18437,great,5,POSITIVE,0.9998630285263062
a0cf5333-97b4-4028-8f7b-9ddee602d2c9,good,5,POSITIVE,0.9998161196708679
fdd30f71-f06f-4e32-b51d-8a02e024b025,"worst experience of my life, i ordered on 9pm ist even after waiting for 3 hrs, i couldn't get my order in the end i had to sleep without having food.",1,NEGATIVE,0.9973523616790771
3f0f8eb8-b384-4024-8940-6c4809de37e2,"very bad of this app they hire restaurant but not giving any response to customer, so don't be get waste of time and money restaurant is 1881 dum house lucknow legacy restaurant",1,NEGATIVE,0.9960731267929077
4782acaa-facd-4972-9107-cbca7082c275,good,3,POSITIVE,0.9998161196708679
3d0c1aa0-1a69-44a2-a128-b5acb48dc652,first time order,1,POSITIVE,0.9969744682312012
08968cc5-280d-4cd2-94b3-a21bad8fc225,nice,5,POSITIVE,0.9998552799224854
ba9c588f-1b5c-4ec8-bb5a-ff63e42c04bd,good,5,POSITIVE,0.9998161196708679
665705c1-7e3d-4a36-af0d-4db9cc58ea37,good,4,POSITIVE,0.9998161196708679
009fc15f-7f48-44cf-affc-b2381ddb4158,mid night cash delivery is super non gpay users 💀,5,NEGATIVE,0.986214816570282
3423f0c8-e2a6-41f7-a0c7-bbba68c389dd,very nice 🙂👍🏼,5,POSITIVE,0.9998577833175659
8f69533c-cc9e-4892-a02b-662d8401d3d4,third class se bhi battar,1,NEGATIVE,0.7656533718109131
d78aa894-6d5b-4507-8fa2-2bb6b66af907,try farst,2,NEGATIVE,0.9890996813774109
922ff5d4-5078-414e-baa7-72c062885836,good,5,POSITIVE,0.9998161196708679
aeaa6770-6082-40d0-a1ab-16f8f5f5646b,order delay,1,NEGATIVE,0.9968032836914062
c0cded0e-d2e3-4194-ab9d-6d751a965451,don't book any orders when you need. it's completely a waste app. the delivery partners are not trusted. swiggy is not following any policy for delivery partners. the partners are not delivering the orders instead they are eating it. swiggy customer team is a joke.,1,NEGATIVE,0.999809205532074
0f9b51ad-131a-44a4-82f5-9649eefb03df,harsh kailas u from pune asked me for otp and then ran away with my food. no help from call helpline either.,1,NEGATIVE,0.9994751811027527
ebdec2cd-71c6-411b-8bf8-b9b923b5197b,very very highest food rate and delivery amount,3,POSITIVE,0.9996789693832397
d734e78f-6dc2-41b5-8e63-47ee3151beca,fthere delivery parner do play froud game and not reliable. they without delivery the food say already delivered.,1,NEGATIVE,0.9997197985649109
d015ead6-9bb7-442e-84cf-80e454106025,use full,5,POSITIVE,0.9933939576148987
6e0d380c-2aae-4472-b17b-ea9ee753cca1,time over kar dete h,1,NEGATIVE,0.9887114763259888
5ef3e6d9-998c-4353-b34a-7da593ac7d14,good service,5,POSITIVE,0.9998499155044556
059acd1d-1fc5-4df6-9229-751e4b4b5256,sodexo card addition was not simple and no clarity why it is not accepted,1,NEGATIVE,0.9997157454490662
33dcaeb7-f833-40fe-8401-0f1454863879,nice,5,POSITIVE,0.9998552799224854
891fed6d-7336-444a-a4f8-5f740dc95587,hopeless customer service,1,NEGATIVE,0.9997949004173279
4aaab9c7-aa90-45b1-868a-a0cb769d0472,average,3,POSITIVE,0.7222246527671814
e42a442b-51ed-4ffc-acc3-82fb33d2cc26,good wark,5,POSITIVE,0.9998306035995483
31b8f1a4-9426-4bc5-9692-97b6b5184ec1,"swiggy's service has become extremely disappointing. the delivery experience and customer support have gone downhill, and many restaurant partners seem careless about quality and order accuracy. customers end up paying premium prices but don't receive the service they expect. it feels like customers are being taken for granted. unless swiggy improves its service standards and holds restaurant partners accountable, it will continue to lose customer trust.",1,NEGATIVE,0.9997617602348328
db4e4847-b569-4bd6-a41b-2c0062b3d9eb,good,5,POSITIVE,0.9998161196708679
a157de4f-a1e1-4789-a321-c44ffe822442,i bought a coupons from my credit card.. i am not able to add it in the swiggy app. there is no where i can connect with the customer care for the redemption or to take the assistance.. day by day the service is poor and i lost 1200 bugs trusting this useless app.. please be careful from the swiggy..,1,NEGATIVE,0.9998177886009216
5940c6f0-2212-401b-8f79-72490898215c,the best last minute app,5,POSITIVE,0.9998118281364441
35c3d9b7-b48e-41d1-b42d-da67800e2fc4,please close this app. money saved .,1,NEGATIVE,0.9936018586158752
6f076392-8764-408d-9519-0c2ce1891c29,it says too many account detected how can i login guide me,1,NEGATIVE,0.9997609257698059
09f86efb-65de-4e62-a0d3-7bfe46527e1a,gud,3,NEGATIVE,0.8956558704376221
aff5fdf6-64bb-4b09-b9e6-9e7386ad0a5f,good,4,POSITIVE,0.9998161196708679
522bd26d-6dde-4ad1-8477-da0297b73360,nice,3,POSITIVE,0.9998552799224854
aaa96481-7e14-499e-909d-b9daf643de11,love it when it comes on time and feels your tummy with 😁,5,POSITIVE,0.9998481273651123
f6f0dfbb-4007-4cba-a57a-e7f9898f2096,good app,5,POSITIVE,0.9998493194580078
c1491240-a298-4ea0-91b5-2bce7bfc674f,i don't order anything from swiggy they are not providing good services it was my first order on swiggy and the food was full cold i couldn't eat and i threw everything...,1,NEGATIVE,0.9997511506080627
92175566-9b24-4771-b521-2f78dea203d0,at this point this app is pure scam support bot is literally built to not help but keep you engaged. i hope cei gets fired and eventually this app goes out of playstore.,1,NEGATIVE,0.998636782169342
4175a914-3199-43c5-b782-c0319917086b,good 😊,5,POSITIVE,0.9998576641082764
17d89356-8cc1-4973-8b76-43be012eb2ab,very helpful,5,POSITIVE,0.9997938275337219
9f6eec67-48c9-4710-88f5-767e40451ece,not as fast as blinkit plus one of the items i ordered was missing,2,NEGATIVE,0.999754011631012
fad1ae55-5610-4aa3-8369-123b4522c05f,super,5,POSITIVE,0.998783528804779
808bc939-df3e-4372-a7fd-ab134a09b541,good,4,POSITIVE,0.9998161196708679
63fd75bb-7e2d-47b2-b2a3-f814aaff1c23,not well,2,NEGATIVE,0.9997451901435852
dcefbc2b-a0c1-41de-8c9b-03649bce8feb,very bad experience no coustomer care number.swiggy talking always lie,1,NEGATIVE,0.9995526671409607
f854afe5-64b8-4884-84ea-f6b57d558580,worst app i ordered 1+1 1+1 offer i get only 2 biryani customer service too bad not responding worst app i every use never use this app it's my opinion,1,NEGATIVE,0.9996230602264404
7eac9128-6fc8-4339-88a3-f43fc49f0d44,good,5,POSITIVE,0.9998161196708679
5c4f4d89-cd53-4843-aae4-98b7ddfc197c,nice,2,POSITIVE,0.9998552799224854
0aa58c84-f20e-486f-b999-31971eb30e71,haz h issues cheyava itnaa,1,NEGATIVE,0.9870017766952515
87a4ba13-58ce-4cb0-822e-8fb384e15450,worst services. bad experience they are delivering expired stale food in indirapuram outlet. everyone should complain about them. they are fraud every customer should check expiry of products. we demand fssai should do audit of their stores. your family kids life is in danger.,1,NEGATIVE,0.9997020363807678
5fcc3941-7f4c-4ddd-9104-dc9a9cd15459,supar,5,POSITIVE,0.8584699034690857
9f30305f-2596-4e99-a08e-1d5a8449b472,nice,4,POSITIVE,0.9998552799224854
92c78f71-a77e-4776-8962-be54c7a01da1,superb,1,POSITIVE,0.9998656511306763
8d32dc28-b2ff-4286-a60d-d262d43d5c40,very good taste and elegant sevisers,5,POSITIVE,0.9998717308044434
0db1f388-5e1e-4eb4-b11f-dd0783cfa9b2,all food good,5,POSITIVE,0.9998519420623779
3e82d659-c796-450b-aef8-f38e91b89664,late but still good,4,POSITIVE,0.9998158812522888
1cc233b2-0662-4b72-8b0c-ab0ee92f7777,all good,5,POSITIVE,0.9998400211334229
f6d7f086-50e2-4a4f-8f30-f6548354f2f0,"worst service from swiggy. i have placed many orders previously using the same address without any issue. recently, i ordered one item, and after waiting for more than an hour, the delivery person did not call me at all. however, the order was cancelled from swiggy’s side, and i was charged a cancellation fee. this is completely unfair.",1,NEGATIVE,0.9997826218605042
f0055760-b166-45c0-a4a7-232fe94be9b2,nice,5,POSITIVE,0.9998552799224854
e69fec0e-08a2-4793-9a39-cbb4c8a31128,nice 🙂🙂🙂🙂🙂🙂🙂🙂🙂🙂🙂,5,POSITIVE,0.9998424053192139
2d860930-dd9a-46ac-9b67-4eb6efbb9a41,good,5,POSITIVE,0.9998161196708679
f9fe0821-bae9-461e-8c81-cdfe435e33b2,haven't placed any order under amazon pay later. it was deliberately placed by swiggy. and i'm gonna sue swiggy for it big time. everywhere.,1,NEGATIVE,0.9991870522499084
aff3f397-31ad-49a4-9ef8-4ca6c0d71623,fast delivery,4,POSITIVE,0.9996138215065002
c0ab3948-0548-409e-b5bf-09905dcc8f6f,good 👍😊,5,POSITIVE,0.9998576641082764
142bf73f-944f-40a8-a204-d9d50eb3d052,good night,4,POSITIVE,0.999847412109375
17975c27-6581-4cf6-a959-bb4cf4f66fc6,nice,5,POSITIVE,0.9998552799224854
6d6e8b63-cd09-4bca-aeaf-9700cec145af,exillent,5,POSITIVE,0.6042001247406006
ba7e9956-6238-4786-97ac-b07cda81822c,in my entire life i don't use this app it's my promise.,1,NEGATIVE,0.6900455951690674
ad78cd1b-2ed4-43c0-b4f2-e7e7a1bc065a,"this very good app , my favourite food delivery app ❤️❤️",5,POSITIVE,0.9998482465744019
a9e04919-f13f-4c44-b345-71d99283380f,good,5,POSITIVE,0.9998161196708679
4d06ed00-5481-4594-8de5-9ce7ee3a5533,nice,5,POSITIVE,0.9998552799224854
e02cbd01-2925-4874-b324-7de0de1fd5cf,"very disappointing experience. i ordered from the kfc aluva outlet through swiggy but received the wrong items. when i contacted customer support, they simply said they couldn't help. a platform that refuses to take responsibility for delivery mistakes has failed its customers. poor service, zero accountability, and a complete waste of time. i've lost my trust in swiggy.",1,NEGATIVE,0.9998226761817932
a44a2b67-33c8-416a-bfc1-79ea8b429acc,"bahut halki kaxa ki app hai, yaha pe 6 km ke ₹.5 ke hisab se ₹.30 hi dete hai.",1,NEGATIVE,0.984429121017456
d0d2b50f-ef70-4694-a58f-72f3396768ec,nice 🙂👍🏼,5,POSITIVE,0.9998424053192139
c6c55b4f-7b24-4017-a275-da45962d548c,worst app worst service,1,NEGATIVE,0.9997835755348206
8250a570-ba65-4d98-922a-c4b63753f4b4,swiggy app is usually slow and unresponsive and poorly built. the latest version /update is even worse! level up folks!,2,NEGATIVE,0.9998242259025574
33481195-a253-4e17-9bcf-d32061d8e863,nice app,5,POSITIVE,0.9998061060905457
19d0f897-de78-4b7d-ad9b-13f658f99082,nice,4,POSITIVE,0.9998552799224854
8843689a-2c07-4004-bc6f-d6a8e034276e,good,5,POSITIVE,0.9998161196708679
29b719fc-4c8e-4a41-b038-cc40fb950c66,taste good n tasty ......!!,5,POSITIVE,0.9998642206192017
0f266b92-b34e-4ee1-aafe-3bb40e3089e2,"absolutely pathetic service from swiggy. making a customer wait 3 hours for a food order is beyond unacceptable. the delivery time kept getting pushed back, there was no accountability, no proper communication, and no genuine effort to resolve the issue. what's the point of paying delivery charges and trusting your platform if you can't deliver the most basic service? three hours is not a ""delay""—it's complete incompetence. this has been one of the worst delivery experiences i've ever had.",1,NEGATIVE,0.999809205532074
f556f845-4585-4f47-b973-0aa72bc9ddbd,best food,5,POSITIVE,0.9998595714569092
f6ec78f5-0696-41e5-9e13-a97f715d90d0,best swiggy,4,POSITIVE,0.9957603812217712
dd03e736-c32a-44e9-bbef-6494a0c17740,nice ☺️,5,POSITIVE,0.9998424053192139
0bdd47d0-e477-46d9-abc1-31733c85c132,good,5,POSITIVE,0.9998161196708679
2d7329e8-b256-4483-90ad-43bbca46d232,very nice 👍,5,POSITIVE,0.9998577833175659
c5de46ea-8489-4054-be07-cbb1447a8f21,supper,5,POSITIVE,0.9822134971618652
bf7530dd-06d3-472e-86c2-58d09f88e08f,horrible app got my order after 1.5 hours despite it being just a sandwich from a place that's not even 3km from my home and it's a small city not bangalore or anything.,1,NEGATIVE,0.9990286827087402
b0c1e17c-1b7a-4c14-b1b2-f605e30777a8,poor customer service,1,NEGATIVE,0.9998013377189636
ce813ac0-c5b9-42c1-8853-d14a7a0a3f1c,my order was cancelled by swiggy with no refund. this company did not deliver order and also not refunding the amount. it cheated me. pathetic.,1,NEGATIVE,0.9997534155845642
ae9fa385-a106-4733-9dc7-7f88a7b0fd67,i just yummy 😋 food receiving very fast to this one,5,POSITIVE,0.599132776260376
56fa9147-8cb7-4e52-9e41-a2579f395592,worst service and support experience,1,NEGATIVE,0.9998053908348083
e29dfb59-4318-44b6-9fcf-73dab7742c24,all hotel/restaurant menu prices are hiked by swiggy. uninstalling app. why i have to pay rain tax and what is rain tax ?,1,NEGATIVE,0.9989694356918335
f1ccae9b-8098-447a-87fb-16a72b613195,good,4,POSITIVE,0.9998161196708679
6c31eedc-eb3f-4d25-b3e4-96b0c6ba1c98,pathetic service,1,NEGATIVE,0.9993935823440552
388a1e78-a00a-415f-8337-868bf974e9fb,best,5,POSITIVE,0.9997941851615906
308863ba-fb85-4119-b83a-de56a3768011,good,5,POSITIVE,0.9998161196708679
ba9069ec-d970-4354-9351-f5f7a3cb6bcf,good💯,5,NEGATIVE,0.6970565915107727
50521e52-c764-4522-8d13-5ec9d58cccbf,because swiggy don't know how much given given by restuarant,1,NEGATIVE,0.9995926022529602
ad373a17-3457-4786-bcdd-ef0dedc7bf62,good,5,POSITIVE,0.9998161196708679
eed410bd-1ec6-4ff7-bf02-af477dba6f69,very good,4,POSITIVE,0.9998520612716675
40da9cf3-453b-4180-b3de-d89d4e05c81b,consistently late delivery,1,NEGATIVE,0.9958240985870361
347549a8-f4dc-4fda-aa3e-9a51c7806207,its really good app for quick delivery and provide benefits like if the order is wrong they try to replace or refund the amount,5,POSITIVE,0.9991436004638672
1e580615-eb01-4cc2-a51c-45b9329a37a6,good,5,POSITIVE,0.9998161196708679
884e01c4-b826-4a5b-9ead-2e1fbd3e12e4,good 👍,4,POSITIVE,0.9998576641082764
d8b67198-3c65-4454-b1cb-80550ba0bfde,good,5,POSITIVE,0.9998161196708679
f7547d7c-1d06-4f70-94f2-605e10e800c1,very good,5,POSITIVE,0.9998520612716675
bfc2d6e8-bf41-4f8e-856b-507103ce79cf,good,5,POSITIVE,0.9998161196708679
6b3152b0-b9dd-45bd-8ed1-8ba41205c6e3,order not received,1,NEGATIVE,0.9973391890525818
d6c60cd8-4bbd-48eb-a1d6-f5a382fedc2c,service late,5,NEGATIVE,0.973219633102417
68c13124-1520-4df2-9188-9b180f9e6f3f,good and delivered on time,4,POSITIVE,0.9998505115509033
98cc6ce0-8405-425d-b0c4-f35c3526ed94,good 👍,4,POSITIVE,0.9998576641082764
8787f570-9aca-43d3-a352-905b5a8af883,super 👌 👍,5,POSITIVE,0.8836358785629272
92ef97b2-4157-45b4-b3b7-d1a790abc178,"worst experience and worst customer service ,they are using ai for customer service,more than one hour waited for order food ,and still not getting ,if you want support also ,no humans is available very poor support andwaste of time and money",1,NEGATIVE,0.9997925162315369
e9cc061d-97fd-414c-812c-b511e45ee50f,best application in the world,4,POSITIVE,0.9997926354408264
e6bd3353-91a5-4053-b656-53fe80f99457,good 👍,5,POSITIVE,0.9998576641082764
71c0cf98-9dfb-4316-b9ed-61e818fd8125,not good service,1,NEGATIVE,0.9996967315673828
382f657d-828d-4c66-925c-549e0f6bbb65,i have given 1star rating because one day a boy came from swiggy and he was fraud firstly he said that he it is not your home address and given us fraud number and then he came to my house and then gone again and never came back calling and saying to cancel the order,1,NEGATIVE,0.9975860118865967
5862e5bc-32f1-42b6-b9c9-b3c1464f795c,good,5,POSITIVE,0.9998161196708679
3f2d8ba3-1c4b-44f7-94a2-554a5f604341,good,3,POSITIVE,0.9998161196708679
980320be-c838-4b6a-b061-1366466d571a,good,5,POSITIVE,0.9998161196708679
7207e73f-5401-4bbf-8ca6-45f2ecae9bf0,good 👍😊,5,POSITIVE,0.9998576641082764
a7f59d8e-5559-40fe-bca2-9d466fc2e7f4,good 👍,5,POSITIVE,0.9998576641082764
cb907e35-a963-4032-a989-fc831bfe85eb,thik thak,2,POSITIVE,0.9262705445289612
a67f698e-d485-4b4a-8921-c2a9f5232120,bad services pls india boycot swiggy always late u are wasting ur timevin this third class app,1,NEGATIVE,0.9996721744537354
e986f519-91e6-4dc2-86cc-5721ca193195,"i ordered food on my seat in train. i didn't even receive the order and it instantly showed ""delivered"" on the app. the delivery guy literally called me and said that he couldn't deliver the food. not to mention he literally called me after the train departed. and when i tried to report this situation all i got was "" you can email us on support"" which i did and it didn't do anything. my money was lost. i was hungry for my entire journey as it was supposed to be my dinner. shame on you swiggy",1,NEGATIVE,0.9996826648712158
8e6db635-3940-4704-bf3c-a998b0fc1976,very bad 👎🏻 service for swiggy 🙏🏻,1,NEGATIVE,0.9997865557670593
bbd0b3f2-1437-4833-82ed-845ff791aacb,nice,3,POSITIVE,0.9998552799224854
0e9ff206-bf96-4624-9735-3054bf745d0c,extra charge add p,4,POSITIVE,0.9811298251152039
1185d245-7500-406f-8ca5-546b44f184ee,good,5,POSITIVE,0.9998161196708679
a4fe932a-3c65-4a3a-a15d-1edff5244901,good service,4,POSITIVE,0.9998499155044556
b83841d4-d990-4e09-8281-6fdd1af37b49,your delivery driver is late delivering the order.,3,NEGATIVE,0.9995355606079102
a2d003ab-b8c0-47b9-af24-c57e95aa57be,nice offers,5,POSITIVE,0.9998055100440979
4146f8cf-035a-4bc9-8be4-6d274bb976df,so late,1,NEGATIVE,0.9984527826309204
c95deb9a-da15-44f9-bf77-e3fe7acfb63d,very good,5,POSITIVE,0.9998520612716675
4aa3c103-1ab5-4884-8c24-a10b8550aadf,thank you swiggy,4,POSITIVE,0.9996341466903687
356ca81a-f7d6-4f11-be3a-3925bc92883a,swiggy is becoming very worse now a days. not even getting proper customer support while facing the issues,1,NEGATIVE,0.9997648596763611
f82f5f87-8c75-428a-86f8-eacb8c5e437d,super,4,POSITIVE,0.998783528804779
123d0ca7-2c2e-4d46-aa2f-0760e92aba33,this is ridiculous if a person cancels a single order in so many years of ordering food from your platform you chanrges a hefty cancellation fee equal or more than the amount of food i mean i didn't ever do like not giving payment always give online and just one payment i didn't do online and by chance it got canceled due to my emergency and you do this with your customer i mean you can't understand with which emotions the person is ordering just shame on yourself !!! just shame on you !!!!!!,1,NEGATIVE,0.9995477795600891
94e8729d-9059-4297-b5a4-f735d731a571,unable to see the price worst update 😕😕😕😭😭😭😭😤😤😤,1,NEGATIVE,0.9996585845947266
6d8a6c3f-358f-4d28-94a5-629539e72b4c,good option to order food at home or everywhere,4,POSITIVE,0.9990118741989136
05724ba0-cf64-40ab-88b6-e71be29d6a0e,good,5,POSITIVE,0.9998161196708679
4aecc067-bc2b-4899-80a6-5ecb00e007f4,so good 👍,5,POSITIVE,0.9998756647109985
c7941af5-371b-437f-999c-1b98244588cf,"nice, highly recommend, always happy",5,POSITIVE,0.9998817443847656
f4731f49-c790-4115-bfff-ddd213d1bc23,your reflection time is wrong,1,NEGATIVE,0.9995656609535217
f2f81195-e946-40c2-8349-c1c0c0ee0280,"app is crashing when i try to open the delivery tracking page with the live map. this is not specific to one order, any order i am doing it is crashing",2,NEGATIVE,0.9997188448905945
cd7641c7-0b3c-43e8-a605-8bb062115b12,i was said to pay extra saying that my address was incorrect. even though i just logged in to swiggy they claim that the address was from before and said that they could not refund the order and also if i want the order i have to pay extra,1,NEGATIVE,0.9993565678596497
449fd8cf-25d3-4cb1-9b38-001ae0e83dbc,சூப்பர் 🫰,5,NEGATIVE,0.7850592136383057
eaa58c03-1ea1-4c7e-bc87-f0683b1a7892,good app,4,POSITIVE,0.9998493194580078
b510d517-e107-4985-9234-483d3a9a008c,very trustworthy app never disappoint us with their offers 💌,5,POSITIVE,0.9995704293251038
41c43710-3eca-478b-938d-dc0543453a4f,good,5,POSITIVE,0.9998161196708679
b187ee80-a1be-40e6-a0d1-124d409b2c9c,terrible customer care and in the name of customer care they would respond you with terms and conditions which is looting money from you in one or another way,1,NEGATIVE,0.9994785189628601
ba342ce0-6405-4381-8986-d2f852d4a890,don't deliver on time and give false tracking times,1,NEGATIVE,0.9996520280838013
36d2e2c2-83cb-42c3-96d3-e5c6319878db,good,3,POSITIVE,0.9998161196708679
5a77ac74-1c88-4141-bbce-0fa3afa52c56,good,5,POSITIVE,0.9998161196708679
215fdf7e-3d03-4833-858b-d9e3f2fbb76d,good,5,POSITIVE,0.9998161196708679
ac3684b0-2bdf-47d2-914f-8d5bd29ff07c,very nice,5,POSITIVE,0.9998563528060913
2a087482-bb1a-407d-b1d5-21528f655aee,good,3,POSITIVE,0.9998161196708679
fb704e26-ce43-4c03-9881-94bd3e1d8874,ok,1,POSITIVE,0.9997851252555847
06630365-cce3-4b10-832c-d43eabe766f0,super 💯,5,POSITIVE,0.9331684112548828
6f83a243-3d75-48c4-ace9-0ecef15e4dd9,okay,4,POSITIVE,0.9997709393501282
5ab80d94-728e-4d1f-b01a-3d1fd43c54a3,"absolutely terrible customer support. i ordered from wow! china through swiggy, and part of my order was missing. i contacted support immediately and followed up multiple times, but all i got were generic replies with no actual resolution. eventually, they completely stopped responding and ghosted my emails. it's frustrating to pay for food you never receive and then be ignored when asking for help. if something goes wrong with your order, don't expect swiggy to take responsibility.",1,NEGATIVE,0.9996325969696045
d15f28b4-2297-4c1a-a11c-22ec5479d1b7,excellent,5,POSITIVE,0.9998434782028198
4bf56161-4a53-47b9-a84e-c57581016997,good service,5,POSITIVE,0.9998499155044556
256eb9a1-189e-4f53-b457-e065f8f9d72c,mast aap hai,5,NEGATIVE,0.7962915301322937
bab94a4c-a008-454e-9b64-e7738fe3f4f9,good service,5,POSITIVE,0.9998499155044556
51d8e25b-89ba-4352-bdc3-51cc995c6174,costly,2,NEGATIVE,0.9997482895851135
7db4b4ff-5a7e-4ee2-8c0a-9d9f157a89ba,gst and others charges is too much,2,NEGATIVE,0.9996168613433838
f1a3b708-c0de-4284-ae86-dcc25fdb5f33,very good 👍,5,POSITIVE,0.999870777130127
1c64d9e8-7ebd-4f43-a3eb-8fc62cf3f6ca,pravina ben pandya quickly carried the order surprisingly,5,POSITIVE,0.9990266561508179
1269e901-57c3-425f-9d4f-f39c8728cb6c,good,3,POSITIVE,0.9998161196708679
78456496-5589-4f54-a42d-60738a0c6178,food is 👍😊,5,POSITIVE,0.9972122311592102
8d00b61e-292f-4195-84c1-210d8e33db4f,rahul debnath delivery boy is so bad,1,NEGATIVE,0.9998099207878113
86b6d2c0-c72f-4a67-8196-6b40577c8ac0,"i never thought swiggy would act this cheap. i placed an order with the correct address, but the app showed the wrong location to the driver. the driver said it was too far and asked me to cancel. when i called swiggy, they told me to cancel and charged a 100% cancellation fee. it wasn't my fault or the driver's—it was swiggy's app glitch. they are not even accepting their faults.",1,NEGATIVE,0.9996926784515381
a31f65a9-ff1f-4595-9baa-4387d60096ab,good 👍,4,POSITIVE,0.9998576641082764
94efd94f-5e4b-4c3f-acaa-8cee240453ef,super 💯,5,POSITIVE,0.9331684112548828
e34fb3c8-0117-47b2-92db-a0bdc41aef93,niceeeeeeeee,4,NEGATIVE,0.9282251000404358
27880c02-8826-43c9-94b3-fee992a7fdc8,good,4,POSITIVE,0.9998161196708679
97128d06-f6ec-4136-9de3-84c9fc4f04f3,good app for marts and food delivery,5,POSITIVE,0.9997230172157288
4771e0b5-310e-4bd4-82a4-eaf3deb43055,took too much time and time does not reduce for 5-10 min . just very late delivery. 😪,2,NEGATIVE,0.9939331412315369
1fcf9890-7990-4dc1-a162-10e4a5fdb7e9,good 💯,5,POSITIVE,0.9998576641082764
5475918d-f259-4ead-b744-cfeac0b6f904,good,5,POSITIVE,0.9998161196708679
070129ba-3388-4a87-8d2b-5793e2572ff7,good service,5,POSITIVE,0.9998499155044556
bc90d537-56e9-43f1-9c30-7791e2e0e278,charged heavy on every order,1,NEGATIVE,0.7257448434829712
29dbfd92-8385-4eb8-ae70-77dee5fb209c,osm,5,NEGATIVE,0.9950666427612305
f2adf25f-fe9c-4b2a-a1c3-e9d4740f8142,the app doesn't open. technically it opens but i can't open food screen,1,NEGATIVE,0.9973472356796265
b9c226b6-2d52-4820-aa8d-0fed7711ef64,good,5,POSITIVE,0.9998161196708679
9773783e-cd24-49e1-b62f-7fcf4e79a046,very nice,5,POSITIVE,0.9998563528060913
b64571d1-6350-4547-aea3-bf2cb5d16923,worst experience i had after being a loyal customer for so long for ordering food.....they wouldn't even give me my money back or a coupon of equal value after delivering wrong order....done with swiggy switching to zomato,1,NEGATIVE,0.999806821346283
83ff126e-f577-4f85-adc4-ac5e81d31b1a,now day this application don't have on time delivery food get cold best go walk and buy im uninstall this application now better go out side resturant more the discount on this application i suggest you don't food order this application take one hour delivery one pizza weast of money no refund replacement order this application be carefully.....,1,NEGATIVE,0.9978489875793457
380f309e-4179-43be-a2f3-c365a10fae07,good,5,POSITIVE,0.9998161196708679
83b0dabd-443e-4977-8c80-53a2b4bbaab6,your refund policy is bad.,1,NEGATIVE,0.9998064637184143
d0245bf1-42ec-43c9-b9ab-4ad8bd834caf,super 🥰,5,POSITIVE,0.9331684112548828
c8caa58e-2f75-48ef-8438-b58c3d2c2e18,bekaar hai,1,POSITIVE,0.9948871731758118
b4647fbd-f9a7-4911-b47b-95a35fb45bed,good,5,POSITIVE,0.9998161196708679
82e9485a-00ce-4d3d-b044-7d92d9ffa9a0,"the chicken rice bowl was amazing! it tasted just like the homemade chicken curry and rice we make at home fresh, comforting,and full of flavor.the portion was satisfying, and it's a perfect budget- friendly meal .great quality at an affordable price.",5,POSITIVE,0.999873161315918
8c84ddc3-e770-4a4b-a28f-afba692b2eaa,super,5,POSITIVE,0.998783528804779
edbe6d5e-d660-46a1-a5fb-a5a480f3b038,good,3,POSITIVE,0.9998161196708679
c6b6448b-8ab0-4d6d-b142-0c6984feac16,good,5,POSITIVE,0.9998161196708679
ba251426-67ff-4b96-b2d8-4fbaa20f3e39,"even with rains, order taking more than 2 hours even for pick up from the restaurant is meaningless, when i have already paid that too!",1,NEGATIVE,0.9997934699058533
22d20e3a-870f-416b-b466-c78832ea3fab,"i ordered extra spicy rice, but i recieved non spicy rice. i have been a loyal coustomer of swiggy, never complained anything, but this time i recieved non spicy food. friday comes once in a week, my friday was runed because of you 😭 .please resolve this issue, if you don't then i'll swear to god i will never order from swiggy again, i will delete the app",1,NEGATIVE,0.994201123714447
a21d82bf-279f-4dde-9a77-5a01613c18c9,good,4,POSITIVE,0.9998161196708679
23a9385d-c879-4378-9704-804dc45949de,for the the best app site for food at anytime that' why i love this,5,POSITIVE,0.999850869178772
08a3b805-7392-4b15-9144-5686ac3744f2,poor,1,NEGATIVE,0.9997912049293518
f73697cd-8e47-420a-bda4-0c317493ad9a,very nice,5,POSITIVE,0.9998563528060913
24e8debb-ef51-4544-932a-146b83dbe350,ordered dtes from instamart which had infestation on opening. the bot closed the cht without assistance from a agent. quite disappointed.,1,NEGATIVE,0.999750554561615
77b78d7a-fc7c-4c7d-8776-28a31ad17721,solid💗 jai mata di,5,NEGATIVE,0.979955792427063
a5dbf0e6-07a0-4d54-b074-f5aeeeb44d46,good,1,POSITIVE,0.9998161196708679
8816d199-92a3-43a3-9000-5a0d5cc716db,"fraud swiggy app. worst app. customer care, delivery agents all frauds",1,NEGATIVE,0.9997723698616028
cc36fdc2-b4fb-4c96-949d-5c9976040dea,"very bad service, no responsibility to solve the issues where the customer and no proper contact or communication system to complain or inquiry...... very bad experience..... be alert in the busy time with bulk order and same repeated orders",1,NEGATIVE,0.9996511936187744
2f0fcb98-15db-48fb-9a8e-61b3023b8bc3,food delivery works quiet good but sometimes few guys particularly from one community try to steal your food,1,NEGATIVE,0.5639432668685913
56b176ff-ea44-4d17-8d6b-5a92122a5265,"fraudulent service. no product delivered and no refund!absolute worst experience with swiggy instamart. i paid for my order, but i did not receive my items. to make things worse, they completely refused to give me a refund. their customer support is just an automated bot that closes the chat without solving the issue. they are literally taking customers' money and giving nothing in return",1,NEGATIVE,0.9997424483299255
dc3e5f7f-e986-4a00-b2cc-520c45234fc2,upi not working had to pay cod every single time...,1,NEGATIVE,0.9990624785423279
81150bbf-2355-4209-81f1-c9da708bb379,"useless service , delivered a cheaper product and fooled me , no value for customer money they dont value customers and loyalty.",3,NEGATIVE,0.9997765421867371
96d266fd-fb13-48df-937c-318a401c3d17,very good,5,POSITIVE,0.9998520612716675
25ee2b74-c7dc-46ad-8e75-beaead004a9d,good,5,POSITIVE,0.9998161196708679
e359be38-c2fa-4058-87bb-ea65fc0d6859,rain time this delivery and nice delivery,5,POSITIVE,0.9997902512550354
64aafcdd-bbde-44da-86ac-009b9fd021f4,nice,4,POSITIVE,0.9998552799224854
2d0090f0-2d87-4012-96f1-a2154b299b46,good 👍👍,5,POSITIVE,0.9998576641082764
c12b2d52-1bad-45eb-ae73-ab4ab663e3fc,late delivery every time and fixed your delivery time means you display 6 minite but 6 minite is hold its self 15 minites so don't be make a fool,1,NEGATIVE,0.9837771654129028
b4c8e31e-2c77-4379-864a-2aaf81ac2c40,i love 💕😘😘 swiggy,5,POSITIVE,0.9991992115974426
ff8589ca-6374-4e54-9042-ac4c111b0cde,super,5,POSITIVE,0.998783528804779
7856570b-f63b-4228-9233-0840f6b55373,very nice,5,POSITIVE,0.9998563528060913
e18d08d5-aa9f-4d8d-87d9-06ffdd7d634c,good,5,POSITIVE,0.9998161196708679
d96bd851-df27-4cdf-87c3-13c60a2ea0b0,fabulous app,5,POSITIVE,0.9998637437820435
2bd3693c-06ec-4338-a576-de694e3818b7,dilevery boy is lie and take payment before dilevery in gwalior the best of blinkit as more,1,NEGATIVE,0.978559672832489
e22c6fcb-ab38-4142-907d-2613e72bb5fa,super,5,POSITIVE,0.998783528804779
f9d2f72e-ce7b-46bd-8fd7-06b51d828366,nice for food and fast delivery,5,POSITIVE,0.9998408555984497
0c05507d-f989-46ab-a12d-a3c9cf2b2d80,best,5,POSITIVE,0.9997941851615906
9b2a123a-b1a2-4ec6-8f96-ea4500dc5eaa,appreciated,5,POSITIVE,0.9998258948326111
c82beeb8-4af4-41c8-89f5-df8b4162afa2,"rating 1 for customer support experience. over the years, i never had a single instance of good customer behaviour, be it instamart or swiggy food.",1,NEGATIVE,0.9992290735244751
bfab73c3-7213-4456-9436-3be9e6ecf29c,fantastic 😍,5,POSITIVE,0.999853253364563
580c2528-92d2-46b5-9990-a9bb371e66d2,nice,5,POSITIVE,0.9998552799224854
a56523d3-824e-427a-b376-2296c7ace47c,one of the worst food delivered app,1,NEGATIVE,0.9997826218605042
ac1a618d-1d74-442d-a14f-67feffa6eb55,best,5,POSITIVE,0.9997941851615906
141b2d35-4bf9-4253-a6e5-916f0482d6b3,the orders are given somewhere else and money is not refunded,1,NEGATIVE,0.9990494847297668
69f4259c-2b20-45d2-9249-9cddd4c36ac9,good service,5,POSITIVE,0.9998499155044556
56962054-94f6-4188-8da1-231a782ac0f4,no.1 food app,5,POSITIVE,0.9978081583976746
bbbf8737-52db-4b94-98a5-890ddc8fa421,best,5,POSITIVE,0.9997941851615906
f1598507-92d2-4258-8bef-b2eab478813d,good,4,POSITIVE,0.9998161196708679
c224acd3-d559-4b7c-8311-db8be0b696a7,"food delivery apps are supposed to be convenient, not charge a ridiculous price for every meal that we consume, i rather walk to the nearest hotel instead of paying 50 for delivery, 20 for packaging and 50 for gst. plus coupons that you can never use cuz they also have their own terms and conditions, a serious waste of time, energy, effort and money using this app.",1,NEGATIVE,0.9997382760047913
a82504c7-4a40-48cc-873f-fccada75312d,good,5,POSITIVE,0.9998161196708679
04e49a7b-002d-47de-86d9-2d79abae1039,great 👍,5,POSITIVE,0.9997692704200745
536f3f93-afe0-42bb-85e1-52bf21589081,nice 👍,5,POSITIVE,0.9998424053192139
49b17636-2f39-42fa-8d61-e0e7c39d6f1e,good,5,POSITIVE,0.9998161196708679
2f32c5ce-8adf-4998-a95b-205cd3f079ef,good,5,POSITIVE,0.9998161196708679
028ba298-5640-4daa-accd-f6bc9575479d,"the app interface is so bad, it's hard to even find a cancel button. i accidentally ordered a kfc dip for 28 rupees, and with processing and delivery fees, it came to 154 rupees. i can't even find my order to cancel it, and i was charged 154 rupees for it. suggestion: please make a user-friendly interface.",1,NEGATIVE,0.9996745586395264
c99f2092-bf2b-4c9b-a7eb-e37d106d9f93,"too much charges included with food items instead of zomato! hate swiggy, love zomato. everyone uninstalled this app and are installing zomato.",1,NEGATIVE,0.9977478384971619
1e05e353-c397-4fc3-aacc-22c6c2cf3105,very nice,5,POSITIVE,0.9998563528060913
100610c1-b74b-47ca-9446-3e7cc5347de0,best,3,POSITIVE,0.9997941851615906
0c3fbc8c-8491-4133-9ca7-579a0d60ccd2,👌👌👌super,4,NEGATIVE,0.6970565915107727
da2a8bd4-ea0c-496b-9709-c3f1c91db185,very good 💯💯 apps,5,POSITIVE,0.9998514652252197
a7a72e24-ee04-441f-849b-08c9c329d846,good,5,POSITIVE,0.9998161196708679
e83b2dca-c85d-40b6-99e9-9b99a440972e,yas,5,POSITIVE,0.8573847413063049
24a89efc-d804-489b-ac84-fa6e63751815,not solved my problem,1,NEGATIVE,0.9997625946998596
03397ee1-d573-4c7b-ba69-06c3540b6c3e,"i ordered food from swiggy today; it arrived two hours late, and i received neither compensation nor a refund—a total waste of food and money.",1,NEGATIVE,0.999783456325531
0f48f262-0279-4762-91ae-7182ee43f09e,good 👍,4,POSITIVE,0.9998576641082764
28c7de63-e8e7-49b0-bddc-0def867b5907,nice......,4,POSITIVE,0.9998127818107605
1faf0838-ac1e-4d94-a95e-39d1e164c054,wow nice food,5,POSITIVE,0.9998754262924194
f75242c8-050c-4734-81a9-3bb399de99b5,good service,5,POSITIVE,0.9998499155044556
8eb6b080-467f-40f5-832b-fdbbac442d12,good 👍,5,POSITIVE,0.9998576641082764
7107c560-3344-4f8d-be52-a72e69fe2255,best app,4,POSITIVE,0.999686598777771
bc8fb3cc-1cff-41ce-84ee-066931449569,third grade service it show 40 min to dilever the order and take more than 1 hour the manipulate the time by there own,1,NEGATIVE,0.9962891340255737
8fd0771d-fb57-44fe-ba39-13da30c5c919,ok,4,POSITIVE,0.9997851252555847
41517365-f093-4e09-9286-b6363067fccb,good application.,5,POSITIVE,0.9998588562011719
e1c7ebd9-25fb-445a-8d0b-d58fbcca5771,good,5,POSITIVE,0.9998161196708679
7e96c2f5-f24b-41a5-b789-c4b56e7dfeed,very good,5,POSITIVE,0.9998520612716675
75df8119-a55a-486b-93aa-f7f3d1cc7fc0,good,5,POSITIVE,0.9998161196708679
f8b51045-b1e5-4366-b182-0825994f87bc,better than other food partners,5,POSITIVE,0.9997158646583557
9ee039a0-eaa4-41f1-9a66-2eb262daae29,i love swiggy,5,POSITIVE,0.9994305968284607
c8cbb7b9-c41d-4b4b-ac7f-ba55727a5d38,abi tk ni aaya,1,POSITIVE,0.7515935897827148
d1219760-2f03-4e97-bb3a-25bf205cb47f,thank you 😍,5,POSITIVE,0.9998127818107605
0f3301b8-43a4-4f6d-96d3-32ac1af96433,nice coupon offers,5,POSITIVE,0.9974320530891418
db8545ff-23f7-4f84-89bc-88a436ec73d7,best performance,5,POSITIVE,0.9997922778129578
38786366-f1cc-4fff-b133-0e6ed6d28778,good,5,POSITIVE,0.9998161196708679
a4d6d980-c5a0-4487-82fc-cb05ccb36e90,bekar app,1,POSITIVE,0.9195109009742737
f451d44a-6269-4b13-b3d8-5244fdd3056f,good,5,POSITIVE,0.9998161196708679
4ba0663e-29ed-4715-a41b-5cc191d64436,great aap for best quality food,5,POSITIVE,0.9998527765274048
0cf6a430-7080-4184-87ce-d72aee304b90,very good 💯,5,POSITIVE,0.999870777130127
8d7ad1f5-a9ed-4685-b44d-5e39952a1adf,thank you,5,POSITIVE,0.9998352527618408
92ecdd45-b566-470c-a6fd-43c328cada20,very good,5,POSITIVE,0.9998520612716675
ef210551-05ce-450c-a2ef-3ddf72e2424c,super app,5,POSITIVE,0.9932268261909485
b1e6130f-509d-4407-a359-c29148142216,good,4,POSITIVE,0.9998161196708679
e79a7626-ad9f-4b30-b008-8cd8a6fae530,excellent,5,POSITIVE,0.9998434782028198
96fddaf6-515d-4e36-a147-b6e2d1186669,good,5,POSITIVE,0.9998161196708679
e9f0c8f4-f0de-4c8b-9dd6-4c3d0374a1d8,great experience,5,POSITIVE,0.9998718500137329
e86d1a05-6c36-4728-a09f-82ff80a7da96,good 😊,5,POSITIVE,0.9998576641082764
3df8a6cc-4f25-4e20-b530-e2c66d4c55c7,nice app,5,POSITIVE,0.9998061060905457
879725d2-4b5f-4cd8-be4e-13844127c0b2,awesome,5,POSITIVE,0.9998682737350464
e0914233-01de-4ee9-ab0d-58993fc0c170,good service,4,POSITIVE,0.9998499155044556
108a291f-ff6b-4cbb-b138-7cbce0e1ba1f,very good 😊,3,POSITIVE,0.999870777130127
b7fd2a63-4902-4b51-a24b-93db3a814d80,super,5,POSITIVE,0.998783528804779
29da6aad-fc41-43db-a727-d93a512b92d9,okay,5,POSITIVE,0.9997709393501282
f66a0741-8832-4751-8d49-8b0ca27b0ec4,good,5,POSITIVE,0.9998161196708679
62c2f63f-ede4-4782-8e58-3905341bc3d4,i have ordered veet strips 8 pack but i received only 4 strips inside the pack which was not sealed. the customer care said it is not our responsibility or concern to be taken care of. poor quality poor customer support poor response i have ordered eggs which are already broken. they have lowered their standards for the products. no service is provided no solution is given,1,NEGATIVE,0.9996464252471924
21c29bbe-d827-4a5f-9b05-1da944b537eb,the best ever🤤,5,POSITIVE,0.9998503923416138
359e924e-2cb1-4b58-98b2-3ab348ce46cf,nice,5,POSITIVE,0.9998552799224854
56516313-dda8-460c-86ae-6b8dbc7727b4,good,5,POSITIVE,0.9998161196708679
1941ff98-7d78-414f-a84d-4fd982cc3b63,after placing order...within 1 min if i requested cancellation. there was zero refund. there should be a time where can still cancel the order. and get refund.,1,NEGATIVE,0.9992104768753052
a3bde630-ef7d-40e3-aae9-a2a462be0abe,amazing 😍,5,POSITIVE,0.9998632669448853
24c20113-a64a-4025-b064-bca288b6d7e1,nice,5,POSITIVE,0.9998552799224854
ca6bdd5f-5d7d-453f-8f59-20faee2a8763,offers in swiggy app is very usefull,4,POSITIVE,0.9905952215194702
cc89732f-4667-4c7c-b942-35b226010611,good,5,POSITIVE,0.9998161196708679
c0558692-19d2-47d7-a2dd-61c648878c3a,👍 nice,4,POSITIVE,0.9998304843902588
fa44064d-fbc8-4140-842a-413cb8820f41,ok,3,POSITIVE,0.9997851252555847
eb477820-efc5-4d88-9690-fb441d3a2b25,ok,3,POSITIVE,0.9997851252555847
cdf88d26-0e4c-408b-93ce-50f14fcb5794,no option in swiggy app to apply for new swiggy blck cc after closing old swiggy hdfc card a year ago..pathetic!!,1,NEGATIVE,0.999754011631012
ef7a7d70-e2df-4203-b1d2-ff7d20dbeab2,happy,5,POSITIVE,0.9998753070831299
1777ee79-9f30-4ae2-ad48-64f023fbd859,good service,5,POSITIVE,0.9998499155044556
ffdc3bd6-6ac6-47d8-aeee-e4af885d6387,vari bag experience,1,NEGATIVE,0.7929361462593079
65ffd553-5b7b-43b4-b9f1-e186c2743ca9,nice,5,POSITIVE,0.9998552799224854
05bf1235-cc8c-4d2f-81f3-9cf627b0d371,absolutely good at all,3,POSITIVE,0.9998612403869629
4a34c2ef-e398-4d8f-bf14-48a8fbceb136,nice,5,POSITIVE,0.9998552799224854
de85c317-a3fd-4105-8395-46c31380bc10,good,5,POSITIVE,0.9998161196708679
3a36cde2-6aab-4a0c-9ba5-8e0b72762236,very very good,5,POSITIVE,0.9998621940612793
d238b448-5aa8-4469-ac24-cf5b2e83424d,very nice,5,POSITIVE,0.9998563528060913
0bd82bc6-40e2-4e47-8f47-098c8c8e83f2,very good where is superb swiggy order is best order all online order application and swiggy is best platform in lunch time dinner time breakfast time all times best platform very nice specially my sister's beach in swiggy order is best order no problem no issues safely order your home swiggy companies very better order in other online application please target in top one company in online lunch dinner breakfast company swiggy is best company fastest delivery fastest delivery in swiggy mat tiles,5,POSITIVE,0.9965865612030029
a61fd4e4-6e2c-4238-be41-6bd0c685a8a5,tasty supr❤️❤️❤️❤️,5,POSITIVE,0.999852180480957
1783e494-4eec-47be-819b-f7926ab1ac8e,good very very nice good,5,POSITIVE,0.9998630285263062
1a123eb5-77b8-4aaf-b937-2b818e3d9f26,good food delivery in raipur,5,POSITIVE,0.9998140931129456
384c641e-154d-4072-8f2e-67edf875c288,one of the worst customer service i ever seen..i have received expired eggs which costs around 320rs and when i reach customer service they not even responded properly.they are not even trying to resolve the issue,1,NEGATIVE,0.9998111128807068
959cc8c2-3db0-4770-abe0-0bcdc9e09d63,very easy food booking platform,4,POSITIVE,0.9942210912704468
0d67a03c-c84a-49ba-8600-ab562a39ca1c,thank u,5,POSITIVE,0.9998247027397156
a62b8f04-6f35-4c3b-945e-ef0331e75d2a,good,5,POSITIVE,0.9998161196708679
aacb7a0b-f52c-41cc-b20c-36d50961930a,worst app,1,NEGATIVE,0.9997863173484802
d64494ef-500b-4097-9bba-98971c4a2058,"i am not able to track my order, i have reported app crashes multiple times and it isn't fixed. every time i order food i have to wait till the delivery partner contacts me! i can't even open the order page on the app.",1,NEGATIVE,0.9997479319572449
0c1d18af-1d10-4d0a-918f-90d4a3a1c6d5,food is very good,5,POSITIVE,0.9998670816421509
00539bc5-fd02-44f0-8fca-6fa8a7abe885,good,4,POSITIVE,0.9998161196708679
f9ffdf68-dfe9-4914-8956-cb68cf2cc2e2,super,5,POSITIVE,0.998783528804779
dd61f27f-eecd-41f1-892a-47af6fb5b894,superb biriyani,5,POSITIVE,0.9997919201850891
8ef6805d-78da-4a2f-bd2a-9509540b49f8,good👍,5,NEGATIVE,0.6970565915107727
ba5cb24c-0455-4433-b95c-573f56431302,great service...,5,POSITIVE,0.9998453855514526
e1fe4252-c8fa-4bc4-b7fe-e9dd91ce4ed2,good very good very good,5,POSITIVE,0.9998606443405151
72bb146d-62d7-40fa-b1ef-03a16ea7f398,nice,5,POSITIVE,0.9998552799224854
5939f37d-f290-4060-9262-35be53506212,thank you 😊,5,POSITIVE,0.9998127818107605
ff88ee5a-03bc-475c-9614-ebc7abc40140,good,5,POSITIVE,0.9998161196708679
58a67284-0798-4583-bda7-cea02424727f,nice,5,POSITIVE,0.9998552799224854
580e8c7c-e2c6-4621-8755-1c43925588db,scammers,1,NEGATIVE,0.9991648197174072
d32cbd5c-1972-4e92-ac04-0eaef876e472,very good,5,POSITIVE,0.9998520612716675
6e38a50d-c8ad-494b-95c0-7d9d766dd28f,good👍👍👍,5,NEGATIVE,0.6970565915107727
14309e1a-5680-4b9e-a06d-bbf00302e732,good offer,5,POSITIVE,0.9998501539230347
40ce26e2-a630-4bbe-ae24-c2329a4b7797,good,3,POSITIVE,0.9998161196708679
73e3f969-f5ed-4a69-82e3-8d7205927ebd,super,5,POSITIVE,0.998783528804779
859ee6f8-5c7f-4d83-b702-e870a3935afa,very good,5,POSITIVE,0.9998520612716675
e220ddd5-cc66-44eb-9a0e-c8812a30a948,not good.... cheating... app,2,NEGATIVE,0.9998031258583069
00d3b0b5-bb50-4b00-b542-50874f32bc3e,7 good,5,POSITIVE,0.999848484992981
45cc6cea-3aa1-414c-8f8f-002408dc2272,very good,5,POSITIVE,0.9998520612716675
4954953d-2602-4043-b0b0-a367c5ee493d,so sweet,5,POSITIVE,0.9998486042022705
44ae130c-4ad5-4728-ac1d-b854f59263f9,very nice,5,POSITIVE,0.9998563528060913
567774c7-d422-453f-9a79-d211e44b1c51,good,5,POSITIVE,0.9998161196708679
f3f4d1a1-b8e3-4c08-82ae-3accbfce0a08,1rs offer are not working,2,NEGATIVE,0.999679446220398
2831e1d2-f616-4995-9679-d0967364fad3,excellent 👌,5,POSITIVE,0.9998458623886108
1cfdeb98-a38a-409d-9d33-ab3f6ad4fc95,good,4,POSITIVE,0.9998161196708679
795043e4-a4f6-49db-a65e-edc65b1f6c1e,nice app for ordering food,5,POSITIVE,0.9993849992752075
7c596624-1c6d-408a-b063-a55ba2981601,packaging is not well,1,NEGATIVE,0.999767005443573
948428e3-1e87-4e57-bc9d-da9eb3a728a6,good,4,POSITIVE,0.9998161196708679
33d2f0fa-8277-4a30-a7c3-befa8a1c5c72,good 👍,5,POSITIVE,0.9998576641082764
eb4c25e9-5eac-4d44-b495-e4bb1ad20327,it so good offer,5,POSITIVE,0.9998723268508911
4b15fd2b-25a7-4ea4-9471-9d9d4a4657d3,nice swiggy,4,POSITIVE,0.999568521976471
bef8055c-9b01-4f0b-bc03-9ee882e09f7e,good 👍😊 hai,5,POSITIVE,0.999810516834259
fbab40ce-0f70-49a1-ac85-757109453844,"they have the worst customer service. items were missing from my order, and when i raised the complaint for it they told me that i i'll get an email in 24-48 hours. even after waiting for so long, the reply i got was that they can't process a refund and i should just post a review of the restaurant. i couldn't call them to talk and explain the situation and they didn't even call the restaurant to check. this is happening for 2nd time and now. zomato is way better, they provide quick resolutions.",1,NEGATIVE,0.9988434314727783
022ae4d9-7198-4c4a-aaa8-d737771a6c14,super,5,POSITIVE,0.998783528804779
dac51e59-1850-4a7f-8662-5ecd3050c039,very nice shopping,5,POSITIVE,0.9998738765716553
d71864a0-d148-4d89-9e71-c2d27d13ff45,vry fast 🚚 👍👏🤝👌🙏,4,NEGATIVE,0.6737207770347595
9fed71ee-af74-4835-a167-984e5f2b5793,best test,5,POSITIVE,0.9997636675834656
dd3d4855-45f4-412e-88bf-ab4e9982c856,"i've got the worst experience with swiggy. swiggy charges rs 200/ as a cancellation charges for cancelling an order in 2019, which i do not remember what was the situation. and even swiggy team failed to explain it. they are saying the do not have enough information but charges should have been levied. wow, a big scam company. this is how they are generating revenue. and the best part is, now the swiggy cancelled my orders,by ths logic swiggy should pay compensation to me for cancelling my ordr",1,NEGATIVE,0.9996819496154785
e588637c-44e3-4e39-abaa-a3d678c3cd8c,"better than zomato, negative - customer support",5,POSITIVE,0.9804352521896362
ed660dc1-8231-4494-83fa-23ffea34854a,better then zomato,5,NEGATIVE,0.9840767979621887
b2ea8cb9-bed4-4cf6-b5f2-47f1161025d3,super service,5,POSITIVE,0.9962215423583984
c596b2fd-540b-480c-a68b-f094a415f9f5,"its such a amazing app, offering both fast food eatables beverages and insta mart makes buying things easier, many times get offers as well making it more affordable.",5,POSITIVE,0.9995145797729492
57cf59a4-e235-4d4b-ad6f-8ed9896e90a9,nice app,5,POSITIVE,0.9998061060905457
86b79f00-2c88-4476-b2aa-84af37f4a38e,no 1 third class application in food delivery .. why asking cancellation charges. better go to zomato delivery application,1,NEGATIVE,0.9993496537208557
dddc49e5-a824-4b0b-94f5-00f994f83fa2,very good service overall nice 👌,5,POSITIVE,0.9998660087585449
b83bb9d3-4ef4-4e5c-a3b9-7ce32c4fcc25,it's good 😊,5,POSITIVE,0.9998725652694702
51dcd3ca-4d2d-4520-b9f0-303e740088e9,good,5,POSITIVE,0.9998161196708679
0ac49334-1114-42ff-a6f2-4c3c55dc522c,best,5,POSITIVE,0.9997941851615906
502f87e6-c834-4580-8096-0d34da44f85a,the customer service is worse 😡,2,NEGATIVE,0.9998041987419128
0c4d1d4e-112e-4a2b-afb7-46b6ea8ac156,app keeps closing while i open it,1,POSITIVE,0.9240122437477112
611504b2-a707-477f-9086-475bf33631c6,jaldi kr do odar,5,POSITIVE,0.5696284770965576
8bcb9fd5-977c-412d-9a55-d908c879b527,nice work collection,5,POSITIVE,0.9998596906661987
94c8a940-31e9-45d8-a4db-95b702d356c2,super,5,POSITIVE,0.998783528804779
73117a7d-5e77-4347-882f-dc29240b03a8,good delivery,4,POSITIVE,0.9998559951782227
65624318-b06e-4b93-b19a-a110c48daa83,ver higher tariff but food is not worth,1,NEGATIVE,0.9972499012947083
8a0dcb63-8da0-4f89-9217-a9c9947930ae,"pathetic service, beyond bad.",1,NEGATIVE,0.9991965889930725
529a002a-ae69-4377-9174-6b05b6e6fd17,good 👍🏻,5,POSITIVE,0.9998576641082764
1d3e8ea3-d4fc-4c39-9fe7-a705b2d89032,yas,5,POSITIVE,0.8573847413063049
5911d492-70ea-4b33-8c7e-72c4d19dd8b9,thank you for swiggy,5,POSITIVE,0.9997212290763855
87dfc2c5-5367-43b5-864a-6ffa8c19377b,not bad,2,POSITIVE,0.9995881915092468
26e26ccd-903e-4fa0-9000-56f312d99eb8,we are ordering food in swiggy about offering cafe coffee day..we are waiting 45 mins order but they cannot send order 3 hours ...we are wasting our time also our ordering food...so plz people not book any order ofter 10 pm they are making fake delivery message they send only message but they don't devivery order so plz don't make any order,1,NEGATIVE,0.9979028701782227
c2619d58-b8b8-43dc-bc34-819f298574c7,you're great,5,POSITIVE,0.9998679161071777
f79a8f1b-1e56-4d39-8da7-ff7df7d02f39,good platform,5,POSITIVE,0.9998637437820435
956a4b4a-54d6-456a-93fb-da64c3c00150,"i will give genuine rating after the order only, i want this to be quick firstly",2,POSITIVE,0.955944836139679
d8c9bfce-fb1c-45d5-af5e-626f9cf3e030,nice😌,5,NEGATIVE,0.6970565915107727
6028140d-d07f-4b97-ab43-b9fb74787de6,"when i opened it, i faced a lot of problems in setting the location, so my suggestion is that you people should relax a bit in setting the location.",3,NEGATIVE,0.8936660289764404
8984ceff-4e40-4114-aa59-af5534a9ed17,scam. not getting full order and then offers coupon and not refund and even coupon is not of your missing item just random small amount with condition to utilize within 7 days. please do not order from this app. running fraud with people and not giving services or anything. giving one star as no option to give zero or minus rating. other apps are way better,1,NEGATIVE,0.9969978332519531
274cb85e-c9f3-4e50-af37-2678bb33e495,best foody,5,POSITIVE,0.9998621940612793
27439976-a3fe-418b-8444-df2d42e42f2e,good service,5,POSITIVE,0.9998499155044556
5c6262f0-3207-44d1-97f3-0846fa3968ac,pathetic experience my wife ordered from swigg the delivery boy was drunk alcoholic delivery person women safety is at risk here no one should order from swiggy,1,NEGATIVE,0.9995177984237671
4ff5c410-88c9-4cac-9322-ea0995ad4788,good,1,POSITIVE,0.9998161196708679
f4e0f2f0-880b-4aa7-8e80-4b908589fb48,bro the food is good and all but now i've got diarrhoea.,1,NEGATIVE,0.8046894073486328
241f10aa-4a47-490e-9593-916e0fe82d42,good,5,POSITIVE,0.9998161196708679
0e0864c0-56f0-48b9-aa25-986f6247c929,bakwas delevery,1,NEGATIVE,0.99126136302948
489f25b8-de97-4ba4-a31c-7633d1cbb6b2,"**very bad experience. if an order is placed by mistake, swiggy doesn't provide a refund even after cancellation. compared to zomato, swiggy's refund policy is much worse. there is no clarity about when—or even if—you will receive your refund. they just keep saying, ""please wait 24–48 hours,"" without actually resolving the issue. this feels completely unfair and misleading. very disappointing service. i would not recommend swiggy based on my experience.",1,NEGATIVE,0.9998032450675964
e578b3a0-ba7c-408f-9c45-93c03f9c25c8,add veg mode in instamart also. in veg mode exclude items made from egg. i am pure vegetarian and while scrolling in the app it shows non veg items also. that is very annoying experience. i request you to kindly add veg mode in instamart.,2,NEGATIVE,0.9986479878425598
f5d18d35-0e26-4577-83c1-c632e666bf45,"instamart should be removed from swiggy if they could not provide the genuine services to their customers.. today, i have ordered 11 products out of it 10 were received and one item was missing so i told them about it but no refund is being provided and full money for 11 product has been taken from me and when i reach the assistant help it told me that we can't do anything regarding it.. so if you can't do anything just shut the services so that more genuine customer don't get this trouble..",1,NEGATIVE,0.9993090629577637
b526fa05-4a67-4ef8-8a6a-adf3f335161b,thanka,5,POSITIVE,0.9997743964195251
7eee6f26-94d8-4e56-999b-b50c08494168,good👍,3,NEGATIVE,0.6970565915107727
a50f81a4-9f70-48b2-9775-31aee0946e0e,good 👍,4,POSITIVE,0.9998576641082764
cd65e074-095c-4c87-ac1c-974adfca8ef7,delivery partner's not delivere on time and not respond to calls allso ect....,2,NEGATIVE,0.9992733597755432
82dc66e2-f872-4415-b12e-b121c8e20fb0,osm,5,NEGATIVE,0.9950666427612305
0664783a-8fec-4504-83bb-d3dd0d76b178,food can't be delivered in time.. taking hours to deliver,1,NEGATIVE,0.9988366961479187
671aa2a7-ad61-4634-b229-95254102a01a,waste of time,1,NEGATIVE,0.9997943043708801
615b1d80-14b2-4b7f-be50-7ed68dbaf281,nice,5,POSITIVE,0.9998552799224854
6dc92702-cb20-4021-b56d-ce4b7e59b23f,very nice,5,POSITIVE,0.9998563528060913
45931777-fd72-4a8f-95aa-59683c492fdb,good,2,POSITIVE,0.9998161196708679
4baa6369-93f6-4bd7-9f52-d1cdfbec988f,looted money from customers,1,NEGATIVE,0.9992675185203552
7a70b0b6-1dd7-4d32-a1e2-313167df03f2,5star,5,POSITIVE,0.9863659143447876
22d4e77f-6b95-4e1c-9b7a-504dd30466ee,this clubbing of orders and such poor customer service will some day kill this platform. sooner or later but it's inevitable. promising 30 mins on the home page and actually delivering the order at 1hr mark with 100% increase won't help in the longer run. show the actual time consumers may understand. be transparent and train your ai agents a bit better and please get rid of the hinglish at least personalize.,1,NEGATIVE,0.9995704293251038
983bfb11-d912-45ea-ac0c-2954c17c8af3,nice,5,POSITIVE,0.9998552799224854
7c3f8dc6-3870-483e-b05c-268d8994883c,fast delevery and staff is very gd charector,5,NEGATIVE,0.5126792788505554
586b6555-c668-4e45-813c-95ec07b8d86f,this is my first oder on swiggy i don't know what happen,5,NEGATIVE,0.9965198040008545
a6ccffae-7c1e-4db9-a992-3741c64a83dd,supper,5,POSITIVE,0.9822134971618652
2271e128-c1d5-43b8-80e6-951a569697ae,good,2,POSITIVE,0.9998161196708679
a65c3222-bfde-4137-ba26-09cff85e600b,good pii,5,POSITIVE,0.9998412132263184
d258cd61-9d9e-417e-852c-664b53224eab,"don't install this app worst experience, waste of your time, no priority on your order. delayed more then hour from actual timmings.",1,NEGATIVE,0.9982386827468872
510de22c-7755-437f-8683-5231c584a85f,fast delivery,4,POSITIVE,0.9996138215065002
5c569545-4023-4fbf-908f-c0566ffbc508,best to other apps,5,NEGATIVE,0.9424290657043457
cd8a0e3b-b26f-4b2d-b004-5281a6ab25d8,not bet but zada acha nahi hai,2,NEGATIVE,0.9813531637191772
67da2c50-8ebd-496b-ba23-65771e5fb31e,awesome,5,POSITIVE,0.9998682737350464
dac27419-2247-4df5-8ee0-3e0eeeb72458,good,5,POSITIVE,0.9998161196708679
08d639ab-67ef-47e6-8632-f932f4ed0723,good,5,POSITIVE,0.9998161196708679
d7484c84-dfd2-4ee2-b1da-733a492f5c33,good 👍,5,POSITIVE,0.9998576641082764
39f6f4a5-ea64-405a-9bcf-e45aeb2f349d,nice work,5,POSITIVE,0.9998576641082764
bdd7e876-453e-44e7-af47-92b6b5b08c43,good,5,POSITIVE,0.9998161196708679
a082be87-8e9c-42d6-a17e-a525f129af8d,"i had a very disappointing experience with this order. the food appeared to be expired or stale, and after eating it, i suffered from food poisoning and severe stomach upset. food quality and safety should never be compromised. this kind of negligence can seriously affect customers' health. i request swiggy to investigate this restaurant, take appropriate action, and ensure such incidents do not happen again. i also expect a refund and proper follow-up on this issue.",1,NEGATIVE,0.9922729730606079
2ea40baf-5dae-45b3-90df-a09dcfa79d82,good,5,POSITIVE,0.9998161196708679
7886e5e1-bf12-485b-b615-53d05540502d,good,5,POSITIVE,0.9998161196708679
46651825-f8ae-4427-b620-fc79ba478459,good,5,POSITIVE,0.9998161196708679
07e76b96-bdb8-4a5f-b84e-f5222c4a20fd,good,5,POSITIVE,0.9998161196708679
86906261-a6e6-4aa9-9f1f-aae33eb9e7b1,excellent 👌,5,POSITIVE,0.9998458623886108
4ae7a794-39bc-485a-b16d-b40b235d92aa,gooood,5,NEGATIVE,0.9583826065063477
79228e68-99d5-4fae-a5f0-1bbe57637f19,good,5,POSITIVE,0.9998161196708679
8976cbfd-e6bc-4b10-b3bb-7c12904a2a29,good service time to time service good good swiggy,5,POSITIVE,0.9993038177490234
a11cdff3-58f3-48bc-ae47-92abc92f5bc2,good,5,POSITIVE,0.9998161196708679
1e85c95a-bbd3-4d1d-b4e5-911a8c2c6653,good 👍,5,POSITIVE,0.9998576641082764
0bca45b3-c27d-4cee-ae87-0862ae3f714a,sssooo rryyyyy,1,NEGATIVE,0.9906861186027527
d5bc62b8-f91d-460a-8e83-0960523f3b58,very nice 👍,5,POSITIVE,0.9998577833175659
4dd14312-2301-48c0-ad72-1058af283ada,good,5,POSITIVE,0.9998161196708679
db3c7aa5-716b-4d73-8a56-6c8ea84981e9,ok hai 👋😁,4,POSITIVE,0.9918760061264038
cd89c585-eb2b-4b88-a6e3-a18e622d7545,right 👍👍 good 👍,5,POSITIVE,0.9998117089271545
f2785380-374d-418b-a1fe-71bc01f9d96c,ok hai,4,POSITIVE,0.9980655312538147
391f82e2-07a6-442e-930c-df021f0c19fe,"shittiesr app,no customer service, restaurants have uploaded phone numbers which are not working....",1,NEGATIVE,0.9995797276496887
d8951ba7-1483-4cce-8898-1299a94f6999,super,5,POSITIVE,0.998783528804779
0e94d345-aee1-48ed-a719-85263046fbe1,nice,5,POSITIVE,0.9998552799224854
e3999ac4-4f11-407d-9ce8-c0ac5c19808e,i ordered some bread to eat. all the bread was uncooked. i even raised the query with the ai customer and even emailed them the issue with the marked pictures but no resolution was provided. only a refund of rs. 30 was provided like seriously when we have to discard the complete food is it even worth it. pathetic experience.,1,NEGATIVE,0.9992308616638184
953b1315-7c18-4ee9-89f7-0ff63ff8bbbc,very good,5,POSITIVE,0.9998520612716675
069d2a26-a99b-4484-a1ad-059694fa7717,very good quality food and fast delivery,5,POSITIVE,0.9998748302459717
11ede0c9-a3a9-4144-80e0-27b010eaa435,super,5,POSITIVE,0.998783528804779
b6760058-0012-4146-874f-c79d0a30a375,good 👍,3,POSITIVE,0.9998576641082764
9d313d88-59fb-4240-95ef-50d749903786,worst experience delivery boy unparlament launguage,1,NEGATIVE,0.9997950196266174
cd9a7b25-48b1-43f9-b3a9-d28d531cb836,over charging not giving offer,1,NEGATIVE,0.5083075761795044
e0e4b99a-4067-43a1-a306-677da2b48a2d,over charges,1,NEGATIVE,0.693311333656311
8908ef64-0d57-4d93-8a44-1c9c04509456,waste they dont have planning to workout on orders,1,NEGATIVE,0.9996206760406494
fcd20240-1b69-4f32-93aa-ebe8dc29e621,good,5,POSITIVE,0.9998161196708679
d35d118a-2333-4a12-9308-3ae474e28aca,good,5,POSITIVE,0.9998161196708679
0accea27-0b19-4f03-b93e-d809dc37e4b6,best,5,POSITIVE,0.9997941851615906
1034324f-62c4-4528-9c15-255e71882cfe,good service in harsh weather also salute to men for this services.,5,POSITIVE,0.9986080527305603
9599e5b5-18d4-4419-b754-427c501d05a6,wow sweet swiggy,5,POSITIVE,0.9994029998779297
0cf263bb-63ce-42a9-9cb0-092d5166ace5,good,5,POSITIVE,0.9998161196708679
8a5a03ac-b78d-451b-8308-591208ec03c1,good 👍,4,POSITIVE,0.9998576641082764
bce68461-6700-47b7-9667-801ea4791d60,nice,5,POSITIVE,0.9998552799224854
814875b6-00e7-4a67-aac0-105e0a857f5f,recently ordered food from a restaurant near to my home for faster delivery as i was very hungry...estimated time was 20 minutes...later it took them to delivery food 40 minutes and after waiting for the double time order was canceled. and response from the swiggy team was...the food ordered has been taken by some other delivery partner. really very disappointed from from such a big delivery application platform. will definitely avoid swiggy in future.,1,NEGATIVE,0.9993438124656677
dd1b2eff-5aa3-4626-9dc1-ac5503992500,ok,1,POSITIVE,0.9997851252555847
127a4d1d-e647-44f9-a2bc-30bd64d4933f,very good 👍👍,5,POSITIVE,0.999870777130127
76ed12f4-6d3e-4cea-adee-14fec0e87774,nice,5,POSITIVE,0.9998552799224854
06458f53-858a-4fde-adbf-3f7c5bbd369e,they delivered the incomplete order and refused to refund for remaining item. disappointed again with their services.,1,NEGATIVE,0.9995552897453308
af26f347-4228-4c8e-b63a-fa56a4818de7,good for food and good for price swiggy is best for food,5,POSITIVE,0.9960427284240723
c59976af-140a-4ae7-886d-b20bacb6f5a6,worst rate by me. but i don't have order id . sir thoda behen k londe h jb mne apko email kr diya h usko check nh kr rh hn or yhan aaker gyan baat rh h,1,NEGATIVE,0.9980961680412292
2830d34f-433f-46a1-b64e-c7031692511e,swiggy ne mujhe refund nahin diya. 👊😡,1,NEGATIVE,0.9982886910438538
53e55683-a3d2-4ecd-807e-71c90438c096,good,5,POSITIVE,0.9998161196708679
be2d795c-13e0-43f3-b5be-5829c496e932,good 👍,5,POSITIVE,0.9998576641082764
45be02c9-d42a-4dac-8f4e-848c5a476d37,good,4,POSITIVE,0.9998161196708679
78bd1e17-0212-4557-8006-bb4316d019c5,nice,5,POSITIVE,0.9998552799224854
ca845d20-0f82-40d5-a341-29f9bdd18428,amazing,5,POSITIVE,0.999875545501709
080cc0c9-5da0-4578-a6c9-22a2dd7791f4,good,5,POSITIVE,0.9998161196708679
8f8a7d18-d166-4b33-a265-e491c17e4db9,amazing experience!,5,POSITIVE,0.999885082244873
0280434c-943e-4ba0-a039-d4950303a28d,sweet😘,5,NEGATIVE,0.6970565915107727
7755bc1b-da4a-431c-8eea-fcf53bf4bbde,good,4,POSITIVE,0.9998161196708679
f57968ff-42ea-4680-8b37-7c8aba902723,good app and good food,5,POSITIVE,0.9998736381530762
9ad2147d-6609-4efa-9008-3dae64955d8c,good,5,POSITIVE,0.9998161196708679
bc12e700-c05a-40eb-a2ac-893285ae6f7b,good,5,POSITIVE,0.9998161196708679
5580fa99-e720-4eb9-9e1c-4d934f48e9fc,"pathetic service, no proper customer support to resolve issues only chat bots which don't understand the issue. keep delaying the orders without proper reasons or updates, keep combining multiple orders without any updates, by the time food reaches us, it will lost its freshness.",1,NEGATIVE,0.9998247027397156
bce1072c-d3c0-44af-9d8d-475cedb6bd75,very good app,5,POSITIVE,0.9998675584793091
546d019d-5278-495e-b40e-3d25d0d0cf7d,best plateform,5,POSITIVE,0.9996296167373657
1b257dfc-5df5-484a-bd6c-d66e04c8c4dd,nice,5,POSITIVE,0.9998552799224854
d097dd7f-c68c-415e-8f9e-2032e18647ed,good,5,POSITIVE,0.9998161196708679
c81751a5-2c42-439b-bcab-6c7858da558c,good,1,POSITIVE,0.9998161196708679
1b7f2ace-605e-44c7-a119-bbdf59ca6e64,very bad service,1,NEGATIVE,0.9997568726539612
1a85ec9d-2676-4516-a547-156d325cbfee,great,5,POSITIVE,0.9998630285263062
1eded1ca-ac94-419d-bbc8-99efe86e5e92,worst sevice and worst customer support,1,NEGATIVE,0.9997987151145935
4263e2d2-4945-4ec0-b729-d254dc8ab419,nice,4,POSITIVE,0.9998552799224854
5f32ab3c-9d63-4223-8a24-23af76cd284f,bhai thoda jaldi aao,5,NEGATIVE,0.8302059769630432
6f5b2426-435b-4d57-a8e4-4df795fab165,very very foolish app they try to fool their customers,1,NEGATIVE,0.9997028708457947
329e646f-298f-4865-8ca1-bace641f91bb,better then zomato,5,NEGATIVE,0.9840767979621887
21239645-c203-477c-a750-ab345802d8f9,acha h ghar baithe mil jata h,3,NEGATIVE,0.7316752076148987
8de45cce-6249-447c-a947-377f1a3695c2,"the open box delivery is mandatory for many items. because of which you lose right to return and also can't buy anything as a gift. so, i usually avoid buying from instamart.",1,NEGATIVE,0.9982574582099915
469b0d7e-cde0-43da-9202-bd74e6fc1242,nice,5,POSITIVE,0.9998552799224854
df24015b-9336-4e3f-a869-15965afbee37,best seller,5,POSITIVE,0.99955815076828
700709c3-8077-4d71-ac5d-ac7abac99258,wtost app no offers ban it if possible,1,NEGATIVE,0.9957161545753479
5d96a5e2-9f34-4417-aff4-930150c465e0,"swiggy's delivery service is absolutely pathetic. my order took 1 hour and 29 minutes to arrive, which is completely unacceptable. i complained through the app, and all they did was assign another delivery partner. after that, the app kept showing ""11 minutes away"" for ages and even promised that my order would arrive in 25 minutes, but it never did. stop misleading customers with fake etas and fix your broken delivery system. this is beyond frustrating and a complete waste of my time. i expecte",1,NEGATIVE,0.9998093247413635
d6a7ef9e-02c3-44bd-87f8-0b8dca946817,nice,5,POSITIVE,0.9998552799224854
2bf05f9e-02a4-444e-93e0-9eb49e791bde,"i was selecting items to add to cart and when i was checking modes to pay it out of nowhere on its own got initiated and ordered on cash on delivery... just a minute later when i searched how to cancel and tried to cancel it, it didn't cancel!.. and then i received the delivery that i didn't wanted. this was my first experience and so far the worst. ( the delivery agent was the only kind thing here)",1,NEGATIVE,0.9997009038925171
6cec640b-eab2-44c6-b74e-bdcf1174bc9e,bad experience with one of my order. i ordered food. delivery partner didn't delivered my order even after 2hr i called customer care for help. they are simply telling i will cancel order so you will get refund that to after 7 working days. so you can order again. i lost my voucher and time,1,NEGATIVE,0.9996507167816162
907612f6-311a-4948-a608-ea95437468c7,gud,5,NEGATIVE,0.8956558704376221
ba2d532f-ac26-405a-a97c-3a02ce00eef3,good,5,POSITIVE,0.9998161196708679
429143fa-da91-452b-8cf0-7ce089df0f07,wow good app,5,POSITIVE,0.9998589754104614
f14d78c8-33dc-4b74-83ba-2b38c7480119,super,5,POSITIVE,0.998783528804779
6133d8cf-207c-467d-83a8-5aa88cfd2f82,ok,5,POSITIVE,0.9997851252555847
88d90a87-5f91-4cda-884b-7a25cc71a984,jordar,5,POSITIVE,0.9961129426956177
444f64eb-d02c-4da7-9709-44a9261c7e95,swiggy charged 100% of my amount as cancellation charge,1,NEGATIVE,0.9913215041160583
9d4bc35d-2e81-4d51-aa18-4d22c410fd58,i just ordered the food and it's saying that it's raining heavily and here there are just little drops of water,1,NEGATIVE,0.993749737739563
7e6dfaff-5915-4341-a0b5-d3a35f8cb57b,good service i used,5,POSITIVE,0.9995672106742859
ce25cd22-3d66-461f-9c15-c875fe152a76,good,5,POSITIVE,0.9998161196708679
16213cb3-162b-4e88-8b28-10a96e7de2f0,good night,5,POSITIVE,0.999847412109375
451e5d59-6f48-4135-82e5-74dc40d96a81,good app i am impressed with a app,4,POSITIVE,0.9998465776443481
fceaceea-af17-49ff-b145-a871a3ee82c9,payment issue,1,NEGATIVE,0.895700991153717
299959d7-1287-4402-85b6-a0786d0dae0b,love it 🔥,5,POSITIVE,0.9998714923858643
9c339ecf-2216-4de4-955d-55ac881d344f,i buy many products not good i try last time if this time also products is not good i permanently delete this app,1,NEGATIVE,0.9996829032897949
30d2d9a5-4a89-49e3-85e4-95754f761532,gooo,4,NEGATIVE,0.9979240894317627
37be05cb-04f6-4d4a-9eb9-83eb5598a2b2,first time ordering ...good service,5,POSITIVE,0.9994438290596008
9d0cd1e7-8a29-4c42-b142-a03f4b4642f4,"well offer, keep going ☺️ may god bless that buisness.",5,POSITIVE,0.6016996502876282
b9f2a181-8ddb-418b-86f9-8a52ade28e15,good,1,POSITIVE,0.9998161196708679
20e62474-7b90-4424-a234-877de7cdada6,good,5,POSITIVE,0.9998161196708679
8e5c9db5-7aad-4836-a73b-bab9f95f98e3,nice service,5,POSITIVE,0.9998397827148438
85fe829f-23c7-4e81-90ce-c32ec4662756,good,1,POSITIVE,0.9998161196708679
0e21f15f-6f4c-4c02-8054-925177102ff4,good,3,POSITIVE,0.9998161196708679
3df98aca-e7db-44ef-9f73-e85bdee41bfc,good,5,POSITIVE,0.9998161196708679
3a58404a-4b7e-4196-95de-5b243964bbf2,good,5,POSITIVE,0.9998161196708679
8093f556-1e76-4a37-94c1-44569347a3ed,good,4,POSITIVE,0.9998161196708679
637ce20d-e507-43ed-ba52-a2ef27de2340,good,3,POSITIVE,0.9998161196708679
9c896ef8-ff6e-4907-89a2-1d2733e3e2fd,good,5,POSITIVE,0.9998161196708679
22366958-fdf3-4273-bf55-ab31016e0ddb,the app crashes 😕,2,NEGATIVE,0.9994964599609375
96bd2ab5-11e7-4cdf-bdeb-445838f84ae8,"don't ever book anything from this site,i booked sweets for my relatives in delhi they neither delivered the sweet saying the location was wrong and nor picked my phone just informed me of this,and kept all the money booked for sweets they returned me nothing.",1,NEGATIVE,0.999268114566803
c9cd8fc8-3c3f-4025-8209-86a27a5e2624,good taste 👍,5,POSITIVE,0.999818742275238
796f46eb-b336-4de7-893e-034b10a35603,good service,5,POSITIVE,0.9998499155044556
1331454f-87c6-4e6c-8215-75c7a32795a4,soo good,5,POSITIVE,0.9998074173927307
37c33560-fa5f-469d-aa35-6bb4d3126ce8,i had ordered for my brother and he had no idea that he was going to receive the parcel and instantly the delivery guy cancelled the order without reconfirming because it was fully paid and unfortunately there is no refund option also. now i got a lesson i'll never pay online and additionally i will order a huge amount of food in a wrong address on pay on delivery and cancel once it reaches at the location. then let's see how you guys will work for this. very disappointed with the service,1,NEGATIVE,0.9996947050094604
9a5b8d6b-f60d-4050-9446-e9e6012804f6,"in the time it takes for swiggy to deliver, i can cook and eat it myself.",1,POSITIVE,0.9975493550300598
c2bc43f5-0196-42bb-b4d3-9e5f2c8d0b77,great app,5,POSITIVE,0.999821126461029
3c66150c-bcc0-489f-af40-e6e4e18e164f,best aap in play store,5,POSITIVE,0.9991282820701599
ea0f20ef-d31f-4be3-bccf-940f3085c0b2,good for delivery,5,POSITIVE,0.9998192191123962
440d18e1-1671-4dcc-b65d-5d87ce1aa006,best food 🤤,5,POSITIVE,0.9998214840888977
29d78b75-eeef-483a-9511-a1d09e8a80be,well behaviour by delevery partner well customer service.,5,POSITIVE,0.9885575771331787
8dc72f19-f4df-43fa-8f85-154b5552fdcf,good,5,POSITIVE,0.9998161196708679
c859f769-f1b1-46d4-99fb-8afe4b49cfef,super,3,POSITIVE,0.998783528804779
84bac8a5-614a-417e-a6d6-cb6851542321,the price shows different and at the time of payment it increases,2,POSITIVE,0.9880166053771973
d998e121-470f-418d-881b-aba4e9962b68,good,5,POSITIVE,0.9998161196708679
a2d62e37-d7e4-4b73-89ce-4c6fc54b8f76,super,5,POSITIVE,0.998783528804779
bd9bcf5e-1899-474b-a1b4-8c7a7ccf8043,this app interface so good,5,POSITIVE,0.9998332262039185
92294bc2-8de9-4bc8-b539-0bbc7a27e6b4,good,5,POSITIVE,0.9998161196708679
e8fbc6f4-d4f6-4531-97ea-62cc618519f8,good service,4,POSITIVE,0.9998499155044556
f7147ae7-4f0c-4db3-bc24-1a8743565b45,it is very nice but it very long it is very slow but it is very beautiful not beautiful it is very nice underground it is very bad because it has very long it give very time to come here is the delivery boy was very bad and the food was very bad quality the packaging was very very very very very very very very very bad the delivery boy was very rude the delivery boy gives slangs the delivery boy was telling me give me rs 1000 i not give him then he was saying me slangs i can't deliver in swiggy,2,NEGATIVE,0.9984995126724243
bc66fec5-71ff-46ee-b4a4-5ed4646aa9bc,y'all really scammed us with the buzz campaign.,1,NEGATIVE,0.9966784715652466
0c2ffc58-e605-443d-8d99-c2f5f5c9ca38,who did you suddenly removed buzz!?,1,NEGATIVE,0.9927632212638855
5ba9b100-92ea-4b03-9978-102ac2577286,best h,5,POSITIVE,0.9996600151062012
638ae509-71dc-4c38-85bf-f522f2500576,good 👍,4,POSITIVE,0.9998576641082764
1db90c42-4382-479c-bcca-2256cfcfd8d2,swingy qk baut badhi aap ha time pa saman data ha thanks swiggy and instamart,5,POSITIVE,0.9645687937736511
7d8510c5-3cee-49f4-adea-84999f2e4d85,good,5,POSITIVE,0.9998161196708679
c70addfd-3437-42ce-b6ba-739f3dcd5358,"worst experience, worst customer care, worst platform, worst reply, worst, worst, worst, worst, worst.",1,NEGATIVE,0.9997960925102234
998169d8-7e37-4257-b389-58cccdb2c710,nice,5,POSITIVE,0.9998552799224854
074e3721-380c-47e3-b693-953132451767,they cancel the order and then remove the offers,1,NEGATIVE,0.9997274279594421
b656ee42-f6a5-486b-9ab9-3b1a5c17097e,good,5,POSITIVE,0.9998161196708679
a01815a5-9b7c-4f08-8118-28823833e139,good,5,POSITIVE,0.9998161196708679
8dca1657-db9c-4a58-8e71-f818791c1c2f,take too much time on order,1,NEGATIVE,0.9996378421783447
755727d1-400b-4600-a5f7-7d182065d48b,good,5,POSITIVE,0.9998161196708679
f7e3e9db-d434-41bc-8acf-0b0c18c04fbd,"worst app loading loading loading.. worst dont install, peoples please install zomoto very good app",1,NEGATIVE,0.9992485642433167
f2a258f8-1617-41c6-9d03-f8d81a391108,nice,5,POSITIVE,0.9998552799224854
cdb7104e-feaa-4d07-bad5-ed4837a45d81,good,5,POSITIVE,0.9998161196708679
c13ac392-68b8-4a62-b02a-58e1f4e2b8a9,good,5,POSITIVE,0.9998161196708679
8a05c192-949e-46ca-a110-9b1296e0367f,good,5,POSITIVE,0.9998161196708679
d24b0759-11a0-4e3a-adc7-d86ae24f2a30,good,2,POSITIVE,0.9998161196708679
bf8aad9d-16d9-44a6-844c-469d84765b3d,worst app. for food delivery. not reliable on this app for food,1,NEGATIVE,0.9998028874397278
ca59ba97-95f4-441e-9ff5-28dad5ddab04,good timings,5,POSITIVE,0.999854326248169
f0f20bf0-4360-4b7d-8a8d-e09cc3de2fef,"today is my daughter's 5th birthday i ordered the cake but it was delivered and when we see it was damaged. our complete family was unhappy, the party mood was gone. delivery unhappy",1,NEGATIVE,0.9995230436325073
93c742aa-276d-4f2f-b81b-2b72ee05a496,hlo swiggy waleo t apki menu me koi or pic hoti ha and name kuch or hota ha esa kyu?,2,NEGATIVE,0.998950183391571
5ed373a3-9718-4960-b547-a8b83a5f1009,good,5,POSITIVE,0.9998161196708679
8a0740cc-98dc-422c-996e-893440649955,good 👍,2,POSITIVE,0.9998576641082764
420f5bd2-8a07-4060-bfef-c98523c77d21,digital kitchen in this app very low quality kitchen. please don't oder digital kitchen. and swiggy don't give my refund. please give me my refund,1,NEGATIVE,0.9992296695709229
68107568-e7eb-4b50-abb2-6e882383f9a2,nice,5,POSITIVE,0.9998552799224854
0e50beb3-1f77-4680-bc0c-f82dedcca66e,ok... cool app... good for food deliveries.,5,POSITIVE,0.9996258020401001
68d1a49e-1f31-4992-9373-4a836a9385ef,very good 😊,5,POSITIVE,0.999870777130127
8a1ac7ea-d2fe-4258-bcca-827cef1e7aef,horrible consumer experience,1,NEGATIVE,0.9996070265769958
920d44ff-1002-4974-9f22-ab6e9187aff1,it's very helpful 🤠,5,POSITIVE,0.9992471933364868
11081d2d-740a-486e-945c-2ab01c3c7a9d,good,5,POSITIVE,0.9998161196708679
dc54555c-7f81-4152-b074-5b8197c48182,good,4,POSITIVE,0.9998161196708679
6deaefd0-8f49-4dc2-b2ed-02858b3283ed,good cake,5,POSITIVE,0.999859094619751
1c2f8640-24ee-45ce-9922-18174c5f4690,gud,5,NEGATIVE,0.8956558704376221
e186d879-dffe-4ddb-b9c2-d5ff4c3a3ef4,lower delivery hota lekin fast delivery karo,5,NEGATIVE,0.998276948928833
8392efcd-fc2a-493f-9872-c143f2e2c4ac,vry nice app you can must download this app,5,POSITIVE,0.9993801116943359
7738556a-24c9-47fa-938a-1d5c096a3357,too much gst and app charges... not worth ordering. takes almost 50-100rs extra,1,NEGATIVE,0.9998199343681335
16b461b2-d113-445d-9e69-cb27e7570763,good,5,POSITIVE,0.9998161196708679
bf0b5e57-f0ef-487c-ac10-dab423d8e466,milk main kuch toh problem lag raha hai,2,NEGATIVE,0.9910222291946411
380071a0-b625-46b9-b675-c7339538b75d,nice,4,POSITIVE,0.9998552799224854
79b458ab-5338-4bac-9c64-f4e0c4abb7e7,app achcha hai khana bhi fresh aata hai lekin jitne ka order nahin hota hai itna to charges hota hai and charges bataye bhi nahin jata hai ki kis chij ke liye liya jata hai sidha order karte hain to paisa badh jata hai and cash on delivery bhi available nahin hai please cash on delivery wapas lao and charges mat lo so this is a problem.,3,NEGATIVE,0.9994003772735596
5efbdf74-78ff-4c37-9e7a-f4641643f07e,"worst app, customer service is very bad , management is not good they simply cut the call in the middle of the conversation.",1,NEGATIVE,0.9998207688331604
6f58f636-6ab3-4e53-a38d-dbc4b7229f40,good,5,POSITIVE,0.9998161196708679
d29ce10e-64c5-4150-b866-1e478be03dd5,you made my dineout cash expire :( so i had to book from district because they are nice about it,1,NEGATIVE,0.9781069159507751
eac8dad6-52ea-4aa4-8a6d-8f31170e1084,buzz ur frnd removed out of nowhere they don't stand by their words,1,NEGATIVE,0.9978451728820801
40f4766b-7814-49b7-a7b7-7444904aa880,thank,5,POSITIVE,0.9998283386230469
1167d4be-5c79-4f07-bbe1-a6292483f6a1,iteams receivedas,5,NEGATIVE,0.7324705123901367
379cb3a1-5a69-4e90-a3fc-c501b9c8dddd,thanks you 😍,5,POSITIVE,0.9997028708457947
97c15877-8806-43e0-b721-b916ac9dac48,good,5,POSITIVE,0.9998161196708679
a21844fc-0e9a-4ec9-b34b-ff05225c0284,isko delete kar do,5,NEGATIVE,0.9996854066848755
bdf2b4ad-eae5-4f40-9422-a6018e84f80a,good,3,POSITIVE,0.9998161196708679
b5b0f559-2f50-4fc8-bf7c-20008d5cc053,very great app,5,POSITIVE,0.9998613595962524
4680f19f-9071-4d58-9ac1-7fd3387fd9c8,good,5,POSITIVE,0.9998161196708679
70ec2d4f-fa06-4f22-8d2d-84da29549d16,location fetching is very poor you need to change it i have to pay extra 50 rupees for it due to location and took way to much time,2,NEGATIVE,0.9987175464630127
9363fb85-69fa-4095-9c62-928fc7bc0f2f,good 😊,5,POSITIVE,0.9998576641082764
1df03cf9-7257-4b3c-915b-bc36755cfcbd,ach hai,5,POSITIVE,0.9708290696144104
b6d59fb6-b142-452b-a907-cc212a77c0de,worst customer support. once order placed it cannot be cancelled with in two minutes after placing order.no customer support will help. worst app and services. it should be referred to conumer forum also.am trying for that.how got is encouraging such type of online delivery in india,1,NEGATIVE,0.9997959733009338
6de00322-8461-46b7-87a8-852419314345,such a wastee food delivery app,1,NEGATIVE,0.9993956089019775
8e7bf6e5-fb52-4bc3-9450-757fc93c0b64,"swiggy instamart is terrible; they constantly miss items and don't refund them. plus, the delivery people are rude when you ask about it. swiggy used to be good, but lately, they've been having a lot of problems and pulling scams.",1,NEGATIVE,0.9990074038505554
090ab714-5606-42a4-a495-8a9f12a2ed6e,"deliveries take almost an hour, support has been replaced with a useless ai chatbot that will never help you",1,NEGATIVE,0.9997435212135315
f78ca340-17b4-4ec1-a966-1f7e5222eb29,worst,1,NEGATIVE,0.9998016953468323
249ba4be-4bbf-4f3e-8900-5e152ca11cf0,nice 👍,5,POSITIVE,0.9998424053192139
5082d27c-2293-4383-b900-6b7a65aeb331,good,5,POSITIVE,0.9998161196708679
a04be295-f53f-48cd-9fe3-8b0dd9d19bb3,woww good experience,4,POSITIVE,0.9998810291290283
e21bd81e-6676-458a-8bcb-0035331c6ac6,good app,5,POSITIVE,0.9998493194580078
d4d27320-1000-4ce5-9abc-4e0df54514ed,worst service ever. swiggy is a big fraud. will try not to use swiggy ever in future,1,NEGATIVE,0.9998014569282532
c018fd63-6aa3-4058-b66d-bc1fe88bef3e,services are worst,1,NEGATIVE,0.9998041987419128
9ff82a40-ee46-4680-8e27-06ea33db3e66,nice app,5,POSITIVE,0.9998061060905457
9e42a654-46cb-4e8b-a7c6-c768765e9a32,achi service h swiggy ki,5,NEGATIVE,0.9880630373954773
e970384a-1a40-4eae-9909-cd845487f6c3,very very good aap and low price app,5,POSITIVE,0.9994930028915405
0a168665-d6b8-4712-a769-f89428022311,super app very useful ⭐⭐⭐⭐⭐⭐⭐⭐,5,POSITIVE,0.995905876159668
e3dae620-1d67-4faa-850b-bd809c2e8978,worst delivery experience never order on swigy as in the app it will show you 5 minutes 10 minutes and still your delivery partner will not pick the order for 30 minutes at least and overall it will take 45-50 minute for 1 km distance order in that period i could have walked on my own and bring the stuff,1,NEGATIVE,0.9996784925460815
f43ddc85-2a9e-4a29-b19c-fd032d89848d,very good.,5,POSITIVE,0.9998475313186646
62f3a20b-4ee2-40b5-a2ae-633fcc831e40,"the cancellation fee, amounting to 1196, was charged without a corresponding refund being issued..",1,NEGATIVE,0.9978067278862
e557dc26-9ed1-43f2-ad5a-2a0fd91e53b1,good,5,POSITIVE,0.9998161196708679
f458e4f5-b22f-4bb6-9934-b2c378880586,good,4,POSITIVE,0.9998161196708679
53240622-069a-4dd7-8fce-9e44e23591b1,"extremely disappointed with @swiggy. ordered food with an estimated delivery time of 25 minutes, but after 1+ hour, the order was still not delivered. when i requested a refund due to the excessive delay, support responded with the cancellation policy and said i'd be charged 100% cancellation fee. why should customers pay for delays caused by swiggy or by the restaurant? this is unfair and unacceptable.",1,NEGATIVE,0.9995996356010437
d42a9f0d-7e70-4ca0-98ef-062c2886c3ac,very good,5,POSITIVE,0.9998520612716675
e00b90be-9bc7-4bf4-a0f1-633fcb63fc7c,good,5,POSITIVE,0.9998161196708679
af63e210-f212-459d-8c5c-4d177bbbc06d,good,5,POSITIVE,0.9998161196708679
10734caa-2feb-4398-9f2e-896caaecec77,the order is slow late,1,NEGATIVE,0.9996496438980103
aeb3de58-de2a-4c52-a82b-161721315f20,very good service,5,POSITIVE,0.9998648166656494
98cac085-2f2f-4da3-a2ec-caf889c71bf8,"recently ordered 2 special chicken biryani from sweet magic and there is insect in the food and when reached out to customer service and shared the photos, apart from saying sorry no action was taken. felt swiggy is now no longer responsible. this is the second iteration where swiggy didn't respond well enough.",1,NEGATIVE,0.9995415210723877
b248790c-6b4b-47f2-8b41-4477a8c118b3,super offer,5,POSITIVE,0.9958206415176392
536a40c0-0200-4b4e-9eb9-7c4316cb7614,good,5,POSITIVE,0.9998161196708679
3fcd47c4-4f11-4dc5-add8-40c540359679,i like it,4,POSITIVE,0.9998593330383301
2aef80aa-0c5c-435e-93e8-db27fc19eac7,good,5,POSITIVE,0.9998161196708679
994782cc-41a4-4741-97b5-04ee57e1ef6e,fraud food delivery app no response yet from support team food swiggy,1,NEGATIVE,0.9992064833641052
a2667b2f-45bc-45dd-9813-f18bb3736fbf,very nice,5,POSITIVE,0.9998563528060913
23de53b9-7fdb-4f25-9a0f-855d17e2fe2a,nice swiggy,5,POSITIVE,0.999568521976471
0f395b51-60c7-44e5-9925-0216391f7c6c,"🍕 expectation vs reality 🍕 ordered 3 pizzas after seeing the delicious menu photos. what arrived was completely different. all three pizzas had the same basic toppings—mostly onion, corn, and a few tomato pieces—with very little quantity. they looked nothing like the advertised images or the menu descriptions. what's more disappointing is that swiggy support didn't provide a satisfactory resolution. customers deserve food that matches what is advertised. this experience was not worth the money",1,NEGATIVE,0.9996824264526367
f90496bd-808f-48d5-aedd-76dd87fbe223,why are you my order late,1,NEGATIVE,0.9987736344337463
293523ac-b0a5-47d1-8301-bec5dae71cd9,waste of time,1,NEGATIVE,0.9997943043708801
bc52fb67-6bb2-46c1-8145-3d7ec991d925,superb delivery,5,POSITIVE,0.9998648166656494
e356dbed-e7f3-4fcc-93c1-07f76e5826bc,i ordered silver rakhi with complimentary coupon but i did not receive any coupon it's a big fraud.,1,NEGATIVE,0.9950858950614929
a98c55aa-b58a-44fc-9057-7d4b5382f062,good 👍,5,POSITIVE,0.9998576641082764
4d4396ef-0e33-4af1-957f-2eb256179c5e,veryyyyy good,4,POSITIVE,0.9998629093170166
ae1d85fb-5e76-47ad-9bce-e0fa19c037f4,"wowww better than zomato, pricing is very low i love it",5,NEGATIVE,0.9956027269363403
36ee74c6-04f3-43fd-8f71-9d3e1b11c38e,best offer's,4,POSITIVE,0.9991104006767273
7b64946c-b25e-4093-b16d-c1579ec0e9c9,very nice experience the price is reasonable the delivery is fast alltho the app is very useful,5,POSITIVE,0.9944071769714355
c0e92151-92ac-4365-a883-7a8bdb8e694a,not punctual with their food time,1,NEGATIVE,0.9821632504463196
4cbe206e-9245-4e9e-b82c-56f77b872383,"absolutely the worst food delivery experience i've ever had. the food i received was unacceptable and felt like a complete waste of money. what made it even worse was swiggy's customer support—they showed no concern, offered no meaningful help, and simply left me with the problem. it's frustrating to pay for a service and then be ignored when something goes wrong. this level of service is completely unacceptable. i won't be ordering through swiggy again, and i would not recommend it to anyone",1,NEGATIVE,0.9998200535774231
42132f75-bf37-4cc6-9381-9c4b249f410c,very good,4,POSITIVE,0.9998520612716675
59bbbc90-222c-4ce8-bbf2-f518a77fb75f,they will club your order with other deliveries and not tell you either they will not update the delivery time at all i always get my food late,1,NEGATIVE,0.9982636570930481
ad7ad6fb-70d4-4c11-821d-933224252bd9,"extremely poor service from swiggy! ​i recently ordered a thali via swiggy, and an item was missing from the meal. when i raised the issue with customer support, they closed the ticket without providing any proper response or refund. ​closing customer support tickets without resolving the issue is completely unacceptable. i expect an immediate refund for the missing item.",2,NEGATIVE,0.999808132648468
6bcf0448-0504-4657-8803-9d61fb8cf2fa,good,1,POSITIVE,0.9998161196708679
f24ac5ce-4bf3-48e8-a1d8-e26573547e13,mast,5,POSITIVE,0.717346727848053
25aa0b79-5b21-4b95-bb73-4b70e589626b,excellent,5,POSITIVE,0.9998434782028198
b16a7ef6-571d-479e-b470-44caba1d36bf,nicee,5,POSITIVE,0.9997127652168274
2c998a49-eb62-46a7-ad4a-55abb14b2fd8,nice,5,POSITIVE,0.9998552799224854
ff6e900b-b356-4f31-aba5-cc75cef1a19b,very good 😊,5,POSITIVE,0.999870777130127
d0f606dd-8eea-402a-b264-df7f3a380349,good,5,POSITIVE,0.9998161196708679
8e35a534-5559-4bff-9d2d-265691c2ea59,super,5,POSITIVE,0.998783528804779
7999d9e5-c836-4888-990e-50d8fafd8fc0,excellent,5,POSITIVE,0.9998434782028198
abf56620-fc54-48b2-811e-f9581a3386b5,good 😊,5,POSITIVE,0.9998576641082764
e6cfce59-1f57-4a2a-afa3-1c4c0e7ef825,good to order in swiggy,4,POSITIVE,0.9997274279594421
b3747369-c2e1-4bfc-9132-c4793eba625f,good 👏,5,POSITIVE,0.9998576641082764
0b0d76eb-0336-418e-81ef-e733332d969b,worst response,1,NEGATIVE,0.9998056292533875
cbd96487-d237-4158-b634-08a32a69783e,noice free delivery,5,NEGATIVE,0.962101936340332
336d3272-4b29-4c58-8fb7-4b5b734f91c3,good service,5,POSITIVE,0.9998499155044556
92852f94-55ae-42d9-a5ec-d19eb52a3b32,i am very happy with this app.,5,POSITIVE,0.9998562335968018
a87343bb-135f-4220-b244-c9ca36fcc940,"india's cheapest & poorest app , never delivere my order on time.",1,NEGATIVE,0.9997546076774597
5d7c64ec-2b3e-4f69-9de0-dad2eaaf83e3,"superr ,crazy ,delivery charges must change",5,NEGATIVE,0.9978418350219727
e2d31843-b4ee-4c9f-9996-8d68398ac381,very nice delivery fast,5,POSITIVE,0.9998701810836792
486dd412-5722-4eb2-8811-e17221c9b3f7,good 💯,5,POSITIVE,0.9998576641082764
92aa68d1-d6fb-4250-88cd-76e0f0529f32,nic,1,POSITIVE,0.9977141618728638
e16723f0-8f2d-4f5a-992a-5ad03d7308d8,i ordered food and cancelled in a minute but thy not refunded me they rubbed my money,1,NEGATIVE,0.9984094500541687
e2e1d147-4fea-4725-a8fa-cd19bebd5187,"fraud delivery charges. rude delivery partner, app wrongly charges canceletion to customer upon delivery redier mistake",1,NEGATIVE,0.9994213581085205
8bc3bb42-5af6-43f2-ae56-51e597b4d81c,"i mistakenly placed an order in another state and when i cancelled, they deducted the entire amount and are not refunding it. i did not expect this from swiggy.",1,NEGATIVE,0.9987375140190125
8162d99d-d986-4ddb-bd50-d59f0a878e69,best 👌,5,POSITIVE,0.9997019171714783
da8bf39c-80a7-4f3a-ad5e-d1d0ea4e7f1f,good,5,POSITIVE,0.9998161196708679
e136ee91-86e4-488f-8a00-6f7a68d7b310,swiggy is scam . swiggy is froud,1,NEGATIVE,0.9997010827064514
b244261e-3089-4a32-aa80-7af5634a9228,good,4,POSITIVE,0.9998161196708679
258bfc84-4716-4a6c-9c01-067b6342f3c5,nice and good food,5,POSITIVE,0.9998708963394165
61b30721-b004-4c1d-8d50-e9fa2c386388,frequent items are missing in order to call multiple times to get refunds no need to waste time to use this pethatic service that's why uninstalling this app after using it for more than 8 years bye instamart,1,NEGATIVE,0.9991750121116638
70c0bfa4-3dc6-490f-b710-aeb0ff525156,nice,5,POSITIVE,0.9998552799224854
d2aaee89-54f3-4661-9228-320251b9943a,good,4,POSITIVE,0.9998161196708679
b4205af9-b35f-4672-881a-23b9e4d4bc53,very good,5,POSITIVE,0.9998520612716675
69a1d0ac-9bdb-4529-ace5-3ccc498fdd26,thik thaak h,4,POSITIVE,0.7455474138259888
b89a3d6a-d72e-4650-afce-c8871bb00014,good 👍,4,POSITIVE,0.9998576641082764
1300544a-fb85-48bd-b114-dd50dd8a6e2f,good,5,POSITIVE,0.9998161196708679
649cf032-7925-4f5e-8178-bfcd458b73bd,i ordered ripe papaya 1.5kg+ supplied papaya was more than overriped and around 600 - 750 grams. very bad experience. there is no easy to operate return in the app. they offen supply such items in fruit & vegetable section.,2,NEGATIVE,0.9993785619735718
a9a76c64-cad7-4c2c-8f83-813826f8ed8b,app crashes and unwanted notifications,4,NEGATIVE,0.9997197985649109
084b0fac-981a-4f16-9d06-26ea1330764e,good,3,POSITIVE,0.9998161196708679
f1ab9a65-8990-4d53-9de1-d362373bba37,delivery charge are more compare to zomato,3,NEGATIVE,0.9734805822372437
af407e3b-f7da-47b9-b9ae-e00a9cfcf43f,very good,5,POSITIVE,0.9998520612716675
808e52c7-dc43-44a0-a62c-0293fbd37d84,super,5,POSITIVE,0.998783528804779
ea820133-ed81-44a8-beae-d1127bb3cfd3,best hai,4,POSITIVE,0.9997478127479553
0b84749d-2f68-439f-9132-7a2ab1a6beda,best service,5,POSITIVE,0.999809205532074
5cde9679-267d-48cf-8752-4a4a4451145d,super app,5,POSITIVE,0.9932268261909485
47f62737-fb3f-4501-8135-6c6721569b6d,nice,5,POSITIVE,0.9998552799224854
67734c47-ddcc-4e36-991e-a75a6c6e1f10,good,4,POSITIVE,0.9998161196708679
173fbbcf-242b-4f4d-b519-b4398e50868f,very nice app,5,POSITIVE,0.9998562335968018
9afa473f-4120-4146-a930-9992aa472aee,good,5,POSITIVE,0.9998161196708679
f0a2f678-b6ee-41dc-8b5c-20b4dfcc55f9,app is not good,1,NEGATIVE,0.9997718930244446
e4364af1-7406-41d4-afda-b6585fdd53b3,delivery to late,1,NEGATIVE,0.9403193593025208
19bda1f9-0f19-4fe4-84e0-758b116228dc,worst app.. and even worse customer service,1,NEGATIVE,0.9998007416725159
d0d05024-a811-4ccd-adb7-5c3ab21a974d,good service,5,POSITIVE,0.9998499155044556
04e2b521-219b-499d-80c0-3f5cc4859ec3,value less offers shows hidden charges,1,NEGATIVE,0.9915220737457275
65ab2102-8816-415e-b11f-399d8a6219bb,good app,5,POSITIVE,0.9998493194580078
585126c6-5e6f-41a5-8c4a-e598d60b8882,good,5,POSITIVE,0.9998161196708679
5db4e7c9-2543-48d0-b16f-8559b5bcc371,scams and frod site awiggy ok allred,3,NEGATIVE,0.9995648264884949
61d54707-cdf4-4949-95e3-19277600ebd8,"worst experience, worst customer support. no response to the late delivery of the food and when it's completely their fault. they don't even mention exactly when it will get delivered sometimes and most of the time the app gets stuck at particular time for an hour and still the swiggy support doesnot care about return and refund. if you cannot be on time or apologise for your mistake i don't have words to call you but definately it takes not much time to fall to ground from top 3.",1,NEGATIVE,0.999747097492218
794f77c4-7557-4032-adc0-90899283df5f,when i dint logged in then its showing just half price of every item i added to my cart . but when i logged in they came with their actual chutiyapa. hate this app. isse zyada delivery charges + 4 types of gst koi charge nahin karta . even though bill is of suppose 304 they make you pay 423 with 4 types of gst charges. never gonna order from this app.,1,NEGATIVE,0.9995336532592773
6e8162b0-bbd2-42dc-8fd2-91a4b4b3bde7,good,5,POSITIVE,0.9998161196708679
e4e0c89b-3ce6-4827-871a-fbc5935f3e1b,very timely delivery,5,POSITIVE,0.9998565912246704
eefb3dbc-cf21-47f2-add4-5dfba6e35f42,oof,5,NEGATIVE,0.8784741759300232
6f433615-4dd4-4817-9951-22d6fed323aa,swiggy is scam you are froud .. first it told that download swiggy we are give you buzz coin and now we download swiggy it removed scheme and we all achieve above 100₹ what about it?,1,NEGATIVE,0.9990338087081909
ab9f003b-1fe9-4975-80be-ae67bdea782c,bahut hi ghatiya app ho gaya hai bas paise lutte hai order kabhi bhi time pr nahi ata hai ek ghanta late ata hai or khana ekdum bekar quality ka ata hai complain karo to koi bhi help nahi karte hai,1,NEGATIVE,0.9917735457420349
c027c189-c924-4702-915d-91c439f525e9,good app,5,POSITIVE,0.9998493194580078
652cf3e6-567f-4d61-831a-0e7e85fe8288,good service,5,POSITIVE,0.9998499155044556
98235095-f087-4d2d-8223-a7a6b09076f5,"fraud. they deliver near expiry, dirty products.swiggy is giving heavy discounts on products which are near expiry or expired to clear the inventory.swiggy is still selling fda banned products. when customer tries to reach swiggy or complaint they ignore it. fda should shut swiggy. since 1 week mailing them still didn't got any reply.",1,NEGATIVE,0.9996659755706787
3d4b039b-c0d5-4309-9d0c-2039d63d6890,delivery guys are real time scammers swiggy does not resolve your concern and does not care. worst experience ever.,1,NEGATIVE,0.999810516834259
264ff539-ee53-4218-a4fd-ee9d503c7b1a,nice app.. quality foods 😋,5,POSITIVE,0.999687910079956
bca484e9-efab-4e67-aa42-f31074f75307,super నైస్,5,POSITIVE,0.9331684112548828
21fb97d6-7dc2-4f22-8114-fbd6f1cca127,ᴠᴇʀʏ ɴɪᴄᴇ,5,NEGATIVE,0.7850592136383057
039f62ae-89e8-4e52-99e1-252724e26378,nice,5,POSITIVE,0.9998552799224854
d0d3e86d-8d6b-480b-97b1-a2af14f3958f,nice to save order,5,POSITIVE,0.9997826218605042
b9255136-91ee-4433-adcd-18f2a0a93a32,"not deliver order in time, it's delivery time not decreased properly, 25/10/2022 yesterday my order from swiggy, his team not give response to me for my complain against restaurant the taste of jammu, jammu swiggy franchizer so smart, his rates already increased in rate list, so many conditions apply on coupons . coupons not easily apply on top food brands.my yesterday date 5-08-2026 complain not resolve so,finally i am quit and boycott your swiggy app write now.",1,NEGATIVE,0.9996238946914673
2f64e3d8-4347-4c08-9b6c-47edbd12d2c7,"very bad. within 5 delivery they mistake minimum 2 delivery. items missing, expired item delivered, bad quality items. delivery time delivery boy don't check, any problems call customer care. customer care ignore your problem politely with no return or money back or replace. full irresponsible ... lastly they told 10min but actually they take almost 20 to 30 min foe delivery for instamart grocery.",1,NEGATIVE,0.9994756579399109
bb228eeb-8f6a-4bb6-aee9-db7f71b89eda,there is a big big fraud going on. first they will ask us to take a 3 month plan after purchasing. when we start ordering again some fast delivery option will reflect on screen for that you have to pay 30rupees extra for delivering in 15minutes. after paying extra also they will send your food in 35minute. and also if you start complete in customer support ai will assist you. then you won't get any support ai will you only your order status that it please. i will request everyone to stop using,1,NEGATIVE,0.9977430105209351
3f07ce8b-2299-4132-8574-dc0f6da1dc5a,good.,5,POSITIVE,0.9998157620429993
897611d2-1851-4521-8d80-a4ccd9f9f611,nice,5,POSITIVE,0.9998552799224854
87324939-7b8f-41e7-8676-0c3ca3017caf,really good service 💯 satisfied customer time saving use full app,5,POSITIVE,0.9983358979225159
b40a8e11-84e2-434d-87b3-33c02a3e183f,good,5,POSITIVE,0.9998161196708679
e4d70215-ce1f-4059-955b-7026491113a4,they don't cancel order within one minute and not their fraudulent restaurant uninstalled,1,POSITIVE,0.9718320965766907
710d3496-0d59-47de-9be6-271f184dbdd0,this application is so messed up as they have ai do the work of humans like seriously due they got just 2 automation messages and don't even let us connect with the actual customer care services,1,NEGATIVE,0.9997517466545105
67f323de-5ad2-416f-bd30-41157581f6c3,such a pathetic service. and not even a proper support. when i was ordering the food it showed 30 mins but after i ordered it showed me 60 to 70 mins . it was already passed 30 mins but till that time my food not even accepted by the restaurant and the delivery partner not assigned yet. so when i called the support to cancel my order. they even frustrated me...put me in 9 mins on hold and blaming me to take 100% charges for the food wastage which the restaurant haven't started preparing.,1,NEGATIVE,0.9997598528862
7d88cf73-65c3-4a0c-a65f-4aae734a8fc0,please fast,1,POSITIVE,0.9991255402565002
2582ec42-291b-4e25-a2ad-27e6dd31fecf,"the worst ever food delivery app , you need to wait hours to get delivered when you are hungry no delivery partners available for them , and event can't get their help section it simply show a error screen",1,NEGATIVE,0.9998021721839905
3c3ac8ee-a779-4e38-b9ce-e57f106bc6b9,worst customer support,1,NEGATIVE,0.9997931122779846
956c9dde-5708-4d79-96aa-3882f6138c73,never deliver on time if they are late they freeze time in their app,1,NEGATIVE,0.9993182420730591
5a7743df-28e8-452f-81c0-befd93e5e4a6,nice 👍,5,POSITIVE,0.9998424053192139
f98f66fc-3fd1-4993-b35d-99541b1351da,"i 1st starts the offer for buzz , then just discontinued it in just few days . it's not good if you a this big company then this cheap things doesn't suits you .",1,NEGATIVE,0.9997768998146057
4fd1bf7e-5354-42f1-9626-577e083e9261,eating for wait,5,NEGATIVE,0.9792237281799316
fe687306-bdd6-4f63-b37a-111cd43c86cb,a 1,5,POSITIVE,0.999599277973175
ad813017-90ad-4ed6-976e-698b665b00b0,good,5,POSITIVE,0.9998161196708679
eb5f688c-3554-4972-9682-e5581054ee6e,worst app ever,1,NEGATIVE,0.9997803568840027
2e740fda-c4c9-4f68-b164-e4aead20f0df,good,5,POSITIVE,0.9998161196708679
b7035eaa-6926-4882-9029-cdb512eef189,bad,1,NEGATIVE,0.999782383441925
270bba4f-775e-4f0e-935d-5e58416b745b,good service,5,POSITIVE,0.9998499155044556
0c4299b7-767e-45e3-9a22-249ad8d68724,"useless and garbage app, forcing for pay double and triple for food. 😡😡",1,NEGATIVE,0.9997683167457581
a791b1e4-904d-42db-8549-097dbd4f898d,good 👍,2,POSITIVE,0.9998576641082764
eb65d152-132a-4911-afb3-f2a59bd763d0,worest delivery experience,1,NEGATIVE,0.9897965788841248
b60286f3-1b67-4950-a553-64ab595310f8,good 👍,5,POSITIVE,0.9998576641082764
0c835795-eda4-470a-a9bd-34f2e5ea392d,super 👌👌👌,5,POSITIVE,0.9331684112548828
ac648771-27d7-4d46-ba7b-9f8c483e9921,awesome,5,POSITIVE,0.9998682737350464
55e96e46-e1dc-416c-a65a-214363c035ad,kafi bura experience tha aaj ka swiggy ke sath 1 and last order le bi liya or dilevery bi kar di but koi order hume receive nhi hua or screen par order done show ho rha hai completeley very bad 0 star for this,1,NEGATIVE,0.9996021389961243
6f614a8f-d531-4429-a2e1-778b15348ad8,nice,5,POSITIVE,0.9998552799224854
3709e3b0-ef14-49b6-96c5-26720e861b90,trash service with no response from the customer care do not use,1,NEGATIVE,0.9988378882408142
92a74342-fbb3-44c6-9228-8f3f24ea6e40,mx app aahw ha bx neet ky dakhvatch nahi ha app,1,NEGATIVE,0.9941613078117371
5189f94e-56a8-4bbd-9a52-33ca7bab5282,"rotten eggs delivered.1-star review (100 words) extremely disappointed with my swiggy instamart order. three eggs were delivered in unacceptable condition—two were clearly rotten, with discolored yolks and an unpleasant appearance, while another was damaged and cracked. this is a serious food safety issue and reflects poor quality checks before dispatch. customers trust instamart to deliver fresh groceries, especially perishable items like eggs. receiving spoiled products.",1,NEGATIVE,0.9997733235359192
1e47a743-1e04-4a4b-8cac-422a9783ba8d,good,5,POSITIVE,0.9998161196708679
b52da226-4b48-4c98-b1d0-7168598796b7,don't install swiggy app .it's a fraud app,1,NEGATIVE,0.996777355670929
fc722218-5e6c-457b-9a30-9a136c193b75,"pathetic app ,waste of time and money",1,NEGATIVE,0.9998264908790588
af6fc55f-8def-4d3a-982e-3fc26c566328,delivery time too late,1,NEGATIVE,0.9994953870773315
6e8beb50-5f54-438d-821a-c82ac0f6c0f8,good,5,POSITIVE,0.9998161196708679
05cbf437-f62f-4b0b-b025-e32fec21a40b,"रेटिंग से तो कोई मतलब नहीं है पर इनको, परंतु शायद हिंदी भाषा से बहुत तकलीफ है।",1,NEGATIVE,0.8783430457115173
9a4a0ee6-bea2-4cd6-849c-ef1b0e7d0375,very nice aap,5,POSITIVE,0.9998561143875122
c65a845a-07ab-4650-91e0-6f1ed0f92c92,good,5,POSITIVE,0.9998161196708679
ed4d77ba-00a7-46ba-bbc8-7992d9dfda7d,"the delivery service's poor communication, specifically the inability to directly contact a support agent, resulted in someone missing their birthday. due to this unsatisfactory experience, i would not recommend using this platform.",1,NEGATIVE,0.9998049139976501
28c24010-e5a7-4e96-bf9e-adbacdf8764c,excellent good best for cod,5,POSITIVE,0.999816358089447
59760667-f001-4307-a913-d7ebbdb0bfb3,hmko galt item aur help wala option m photo accepted hi nhi karta hai,1,NEGATIVE,0.9901132583618164
ffdd5d8c-f29e-45af-91fe-6cdc0d924899,nice,5,POSITIVE,0.9998552799224854
6464233e-c418-47a6-b7eb-bfc88f97b341,customer support not given best our comfort language,2,NEGATIVE,0.995123565196991
87463c9a-9f6c-4499-a83f-ea127040612c,gud,1,NEGATIVE,0.8956558704376221
9fd2f6c1-e7ca-4751-b7bb-f8c989adfde8,good👍,5,NEGATIVE,0.6970565915107727
36180525-cb87-45fb-a209-a9370c92c620,"what is happening with swiggy, i am trying to. onnect with delivery partner from unregistered mobile number i have tried almost 10 times by entering swiggy registered number, it says sorry please enter register mobile number and fi ally ending up the call. same i am turning around in loop but unable to connect with delivery agent.i have left an message to delivery partner to contact t me on my number but he didn't even check k my message and simply canceled my order and i got the whole charges.",2,NEGATIVE,0.9994263648986816
e01ccbb7-b2ba-452a-8b81-bc3e0a09586c,very nice,5,POSITIVE,0.9998563528060913
b0a2fa78-f479-4421-92ac-3200d31c1981,that's good,5,POSITIVE,0.9998168349266052
30deaa92-74f0-45f4-9bfe-1916392fef77,good,5,POSITIVE,0.9998161196708679
492175e0-f904-4abc-bd7e-220fd20c7b6a,not good working appa 🤐,1,NEGATIVE,0.9997610449790955
92ed1f05-19e1-4c82-9c0b-93ad2cae0ecf,superb taste🤗,5,POSITIVE,0.999850869178772
e2e89da9-e4f0-4961-902f-154be57c50a6,good👍,5,NEGATIVE,0.6970565915107727
c3804bda-b76a-4fcc-a7d5-c05e333fce2e,ok,5,POSITIVE,0.9997851252555847
fd10f482-a1d6-418c-92b8-42d508f77b45,good dilivari,5,POSITIVE,0.9998127818107605
1022070e-60fe-4890-b65b-ee2caedf3d79,good,5,POSITIVE,0.9998161196708679
61d1c4bb-4fb3-425c-a4a6-987faf0209ed,swiggy introduced buzz program offering free cash but suddenly withdrew it they are cheaters i will sue them in consumers court.,1,NEGATIVE,0.9987655878067017
5b6c5baa-836f-4881-8c96-f6b7e7216013,"swiggy is so bad fake offers,fake discount and fake marketing 😤",1,NEGATIVE,0.9998061060905457
636bc0de-ef26-43de-851e-968c2eb3d8fd,really gud,5,NEGATIVE,0.9616896510124207
da9f9185-ec56-49b8-bff5-be658c68d0a3,gud,5,NEGATIVE,0.8956558704376221
79366a5b-37d1-4988-87b7-42404d4bb296,good 👍,5,POSITIVE,0.9998576641082764
24d7bd5e-c24b-4bf2-884c-7375f2f70259,good,5,POSITIVE,0.9998161196708679
a1f871e8-8c5b-457b-ab4e-c7985e30654d,super 😊👍🏻,5,POSITIVE,0.9331684112548828
aca18c76-1bea-4590-ad53-7e441d9b13dc,supper broh,5,POSITIVE,0.8599105477333069
01e2ab24-ee0f-43a2-a240-449732a35219,when we want cancel no refund when swiggy cancel after delay of more rhwn 1 hr no complensation and always delay service.. dont use have peace of mind use zomato and blinkit,1,NEGATIVE,0.9966825842857361
3b1efdef-2127-4ec8-85e7-943b550b030d,best,5,POSITIVE,0.9997941851615906
b8722d8d-bc34-4354-bee8-67755d251379,good service,5,POSITIVE,0.9998499155044556
1be85621-2d53-4c9c-8df7-240a4909cec5,bahut acha hai,5,POSITIVE,0.8435240387916565
dcaf63f4-04e6-40ca-adbe-543d95050fad,high charges and no proper customer care support.,1,NEGATIVE,0.9996787309646606
9c915660-209c-4419-94e5-5cb0e5d16f99,excellent service,5,POSITIVE,0.9998576641082764
43daa6a6-66c4-4396-aafd-bcfe15e184b6,excellent 💯,5,POSITIVE,0.9998458623886108
454991e3-792b-45ee-975f-b666ea5602d7,"i would like to tell swiggy that delivery charges are high along with the cost of food. whatever the cost of food, its delivery should be free.the swiggy app is designed to avoid adding delivery charges.",5,NEGATIVE,0.998877227306366
3910f142-3a9c-4fec-8fb0-a023118c8a0e,very bad all atem sold out,1,NEGATIVE,0.9986453652381897
83b0197a-ff8e-49f1-85c5-0f78be41ab08,"3rd rate app, i will be uninstalling right after i receive the order toing/swiggy forced me to accept. while placing the order, the app showed that delivery will be made in 25 minutes but after payment it showed 45 minutes so i proceeded to cancel. the forced response chat gave me then option to cancel but not without a cancellation charge! why should i pay a cancellation charge when you cannot hold your end of the deal?",1,NEGATIVE,0.9994022846221924
49beb828-f43f-4e3e-bef6-b657e2160752,"what happened with the buzz thing, playing games with users!!!??",1,NEGATIVE,0.999189555644989
e8bcc34f-939d-4837-b02a-16ad17aad685,good service,5,POSITIVE,0.9998499155044556
733a6820-6b54-46f0-b646-7cf32a20654b,good,4,POSITIVE,0.9998161196708679
cfdb77d1-accf-4d19-b749-058595f0e838,bad sarvice,1,NEGATIVE,0.9997859597206116
c56efc27-4efb-4416-8705-882d2e592081,very bad experience i am not received my refund amount,2,NEGATIVE,0.9996989965438843
f829adce-cd8b-42f3-b9df-e8fbcc9dd67a,super,5,POSITIVE,0.998783528804779
acd40d2b-5e93-4348-9c5f-473287831a35,good,5,POSITIVE,0.9998161196708679
cc1031bc-03d4-45c9-8ba5-9b4b163a7452,acha,3,POSITIVE,0.9979257583618164
736f5e99-bbd5-4ddf-a5c7-c545c813e940,best service,5,POSITIVE,0.999809205532074
8a33dd8a-9dab-4682-b5a8-7e238e415891,ordered the food at 9pm and it has taken 1.40mins to reach,1,NEGATIVE,0.9918650984764099
8dca765c-7eea-44d7-b4a3-621063e52947,good,5,POSITIVE,0.9998161196708679
e19ab505-ed58-4f14-aa90-ae16ba7f89ab,hm ko offer 🫴 milte rahna chahiye,5,NEGATIVE,0.9912872910499573
b8db7170-4858-400c-82e1-938cb414e794,gooddd,4,POSITIVE,0.9998477697372437
bee493a9-971a-46bb-a606-4d313a297036,this tym not available avilmilk thats very 👎🏻 😭,3,NEGATIVE,0.9994809031486511
7eae5aeb-d7f2-4cd5-8acd-71421a2cadac,good,5,POSITIVE,0.9998161196708679
13b76c7b-d882-4b69-8d72-779722ea6a41,garbage service,1,NEGATIVE,0.9995742440223694
cbad6d3b-94ac-4282-8792-a433ad8f436f,good,5,POSITIVE,0.9998161196708679
83a6895a-a32c-43b5-bb4f-bdff8ffead27,"delivers spoiled items on instamart. repeated deliveries of spoiled icecreams, broken eggs and missing items from. orders which u realise later. customer care has policies which will not help with adressal of your issues.",1,NEGATIVE,0.999300479888916
fc9c26e8-9798-4c82-b918-e1c7d7d334fe,last experience is very bad i don't know about today.,1,NEGATIVE,0.9997256398200989
f94df015-0551-4614-afe7-823f3a193f00,"bakwas , hotel se do guna ret",1,NEGATIVE,0.9845150709152222
859c6122-74ad-4855-989b-306ef0478162,excellent experience with swiggy,5,POSITIVE,0.9995830655097961
1f9d2018-49c4-45ae-a629-23a41447739c,"swiggy is a fantastic app with excellent service and i enjoy using it. i would appreciate it if you could introduce more customer-friendly features, such as free delivery on orders above ₹49, extending the free delivery distance to 10 km, and adding a low-to-high price sorting option for products. these enhancements would make the app even more convenient, affordable, and encourage customers to place orders more frequently. i hope you will consider these suggestions. thank you.",4,POSITIVE,0.9994574189186096
ac78ac8b-223c-4606-b4c9-198a61f96dd5,i have ordered my delivery today in instamart and one item got left to add in cart but by mistake i have done the payment. so i quickly went to cancel my order. after clicking the cancel order option then. i got the 2 option to wait for an order or give a cancellation fee for a refund but they charge my whole money as cancellation but not show. and after clicking on cancel they show 100% charges 0 refund. very very disappointing to see such type of event done by such a big brand. ##fraud company,1,NEGATIVE,0.9996345043182373
78f6bd0e-6103-40c8-9075-fcdc1faed6a8,very responsible to coustamers,1,POSITIVE,0.9983630776405334
42b29136-22f9-449e-9ffe-6ba0dffc38ec,ok,5,POSITIVE,0.9997851252555847
ef41a8c0-5b64-441e-ae96-65acf94cdee5,can't able to cancel the order.. very bad experience i am cancelling my order since 20 minutes but on response,1,NEGATIVE,0.9866662621498108
5b64f995-2f3e-4fdf-867e-8363bcaddb14,"this app is completely rubbish, it is very useless, i will never download it again, they serve such bad food and i just want to say that do not order anything from it.",1,NEGATIVE,0.999769389629364
e2ecf172-abfb-41f4-bfbf-71b58addfc75,good 👍,5,POSITIVE,0.9998576641082764
5c72bfa5-7c25-4f91-90ef-4b33707a4ccc,wow,5,POSITIVE,0.999592125415802
08f7128c-23ec-4dd2-a254-bd869bd4b912,great offers compared to any other food delivery apps and fast delivery and nice quality food great customer services,5,POSITIVE,0.9997109770774841
987d6d21-e96e-4d31-9255-94361b4071b4,"even after paying the delivery fee extra and waiting for 1.5 hrs my order was not delivered. no proper response from the customer support team. new ai bots help you by telling the same answer for any question you ask. waste to order food from swiggy and on top of this type of service, you ask to join one black membership by paying more money. i prefer to be away from swiggy due to this experience multiple times.",1,NEGATIVE,0.9996765851974487
a38fcb04-848d-46f4-a10b-6270279f414a,nice,3,POSITIVE,0.9998552799224854
2a541c30-1f32-4b19-a5e9-c482cd05a21f,easy to use and excellent offers,5,POSITIVE,0.9998716115951538
7e334fd5-5167-49de-a082-6fa1c71eadf8,good,5,POSITIVE,0.9998161196708679
ad8117ca-737b-4381-b97b-ba939c679b30,best delivery service 🥀❤️,5,POSITIVE,0.9995299577713013
cf50aedb-2051-4f17-afca-5216a7825139,"i requested cancellation immediately after payment, but your chatbot and support delayed the process for nearly 20 minutes. then i was informed of a 100% cancellation charge. if there is no refund, don't call it a cancellation policy. clearly state: ""no refund after order placement."" the current wording is misleading.",1,NEGATIVE,0.9995597004890442
1c3a1327-199c-42b9-8e13-565432bc188c,good,4,POSITIVE,0.9998161196708679
63001ccd-5f78-4fcb-b6a0-5357ca215f0c,it's good 👍,3,POSITIVE,0.9998725652694702
98736feb-adcc-447d-9974-48186f9a8de3,best,5,POSITIVE,0.9997941851615906
de63f86a-4220-49c7-9737-3f4b8f7c3700,ok,5,POSITIVE,0.9997851252555847
547839b1-59d4-4917-b007-6776e6df25ae,bakwas service if i have the option i will never give 1 star either bakwas never ordering food again from you swiggy worst service don't order anything from swiggy,1,NEGATIVE,0.9996955394744873
21187e7b-e499-42e0-a1c9-46c6c78863dd,poor app. pathetic algorithm. don't know to maintain queue. harassing customers by taking 2 hours to deliver from 500 meters restaurant.,1,NEGATIVE,0.9997207522392273
8c38269f-7f57-49ef-a202-20ab4489412f,average,2,POSITIVE,0.7222246527671814
226ea437-9d8f-40e5-97e7-a71fcd1a0f49,best,5,POSITIVE,0.9997941851615906
1ca647de-cb5d-46b6-8ebf-19cbf10334eb,good,5,POSITIVE,0.9998161196708679
0e502f19-f455-4356-ba42-b5aec65571b4,sealed bags kept everything fresh and protected during transit.,5,POSITIVE,0.9707038402557373
2777ea78-22ab-4ecf-95b7-afeb92f3c97c,good 👍,5,POSITIVE,0.9998576641082764
5b3ae7b3-2856-4df9-8956-1372d8b671a4,good,4,POSITIVE,0.9998161196708679
df63231d-4afb-4060-b725-96301a79a0c9,not bad good,3,POSITIVE,0.9993446469306946
4052a741-e00c-4f28-8c9d-7d474f6a9e13,great,5,POSITIVE,0.9998630285263062
ed574bf5-5b4e-4410-a472-1742bd81c02e,good offers,5,POSITIVE,0.9998250603675842
0397d325-5afa-437c-98e6-0b4e7fd4015a,good food 😋,5,POSITIVE,0.9998542070388794
d6bd0581-8ec2-4fa7-b3bd-6529d676d1f5,"zomato is much better than this app .. unnecessarily high prices..waste coupons ..delivery charges ,gst everything is costly that's why it is downgrading day by day..i can hardly see anyone nowadays who orders from swiggy ,that's why running offers like buzz , light a diya , christmas tree bla bla",1,NEGATIVE,0.9988908171653748
ccc8c00e-e599-4150-9087-8c1489578527,good,3,POSITIVE,0.9998161196708679
5e331c87-d9c0-4961-ae30-4b4dcc5b553c,stop selling substandard products from noice,1,NEGATIVE,0.9994613528251648
d1aa07f9-d2a9-48ae-9d1c-d69be0430a7e,nice,5,POSITIVE,0.9998552799224854
bc0d47ce-74c9-4b06-944f-4ba2eb74758d,customer service is poor for food ordering.,1,NEGATIVE,0.9997602105140686
43c0e7a8-6bd2-43e5-ba51-ca1b3e51e621,"worst customer support experience. it's been about a month since i reported an incorrect cancellation fee, but swiggy has still not resolved the issue. i have followed up several times, but they keep delaying instead of fixing the problem. very disappointed with the lack of accountability and customer care. i hope this issue is resolved soon.",1,NEGATIVE,0.9995260238647461
e89c67b2-536e-4ab8-bb97-c239190f6c43,good,5,POSITIVE,0.9998161196708679
f4099198-8008-4455-82f0-b35b0d492196,"terrible support, one star again for having terrible ai support",1,NEGATIVE,0.9968302845954895
63803967-9d04-4f75-b898-4f88fd098d3a,most of the time it takes too much time. worst app,1,NEGATIVE,0.9998149275779724
ee948314-a41a-4d17-9dcf-08e9be4253e7,nice 🙂,4,POSITIVE,0.9998424053192139
ac354cb0-2ad9-4af5-bb81-104d99c3e667,its quick on delivery,5,POSITIVE,0.9765942692756653
6b55d970-14be-48ec-af1a-ad433aeb7ba8,the instamart delivery is more slower than normal food orders.,1,NEGATIVE,0.9991292357444763
b2d8d941-7b4d-40b7-9960-88be550db0a9,swiggy is better than zomato,5,POSITIVE,0.9879504442214966
0162bdcf-bfc2-47bd-9cce-fdd97466528c,good,4,POSITIVE,0.9998161196708679
ba31d0d9-8fa9-4252-990e-ab8fc52593a7,i'm uninstalled due to whatever i ordered it took 1 hour to deliver the delivery not recommended worst app no proper gps location,1,NEGATIVE,0.9996854066848755
3e4793c8-2b3c-4af7-bc3c-324e7782841d,good for food app 😍,5,POSITIVE,0.9986982345581055
3bd75e6c-a9de-44c7-8a9a-d61afdd9c77a,fraud,1,NEGATIVE,0.9994530081748962
da83daa4-d443-442d-bdb7-3e68c229fdfd,nice,5,POSITIVE,0.9998552799224854
5d78fd89-0f7d-47a9-8aae-f90a90116898,okay,1,POSITIVE,0.9997709393501282
9e4c2cca-a01f-4d81-9c57-f7dd19645329,good,5,POSITIVE,0.9998161196708679
aa55f3c7-35ae-47e3-9905-d3d06463e4b5,nice look for a food,5,POSITIVE,0.9998462200164795
6aea51f5-35c7-4b0b-9dc3-7905706bd0aa,good,5,POSITIVE,0.9998161196708679
0415a220-bea3-404b-876c-3b2c0783bdd5,terrible experience with delivery time. most often they wouldn't have delivery partners near the restaurants and delivery is always delayed. pathetic service! zomato is far better!,1,NEGATIVE,0.9982761144638062
57a4b4cb-97f7-477c-9b37-9db4cde7ce14,ok,5,POSITIVE,0.9997851252555847
66eda683-cc26-4b25-ab3a-882038db0576,ok,4,POSITIVE,0.9997851252555847
e16f13f4-bbad-4158-8417-54df800c7acf,more relatable shops to be added and also delivery area to expand,2,POSITIVE,0.9833864569664001
ebdf5b0d-d167-4419-bf35-3768db37b33e,super 👌,5,POSITIVE,0.9331684112548828
fb70947c-8ae2-46d5-a2d8-3b0e3968bfaf,nice,3,POSITIVE,0.9998552799224854
0c7ad027-ed55-4b99-b43d-701ed60e93cb,super price,5,POSITIVE,0.996834933757782
67997008-f072-4706-86fb-7ff3c1644bce,ok,5,POSITIVE,0.9997851252555847
a0435f9e-ee2f-4000-8180-2eff56431f85,very good,5,POSITIVE,0.9998520612716675
26c0dfd4-67bb-450e-b1b9-c0e909acfeb5,chat bot highhacks the request for help. cannot reach a human agent.,1,NEGATIVE,0.9994572997093201
21a86192-a35a-496c-8b2d-0c908fc447f6,nice,5,POSITIVE,0.9998552799224854
22361b94-1af5-41ad-a24c-f3c7634cab5b,good,5,POSITIVE,0.9998161196708679
22e73d3b-b14e-4714-99f8-c4b6855445db,good service,3,POSITIVE,0.9998499155044556
40558f08-ba5b-4980-869f-610fd3a46119,ok,5,POSITIVE,0.9997851252555847
a403cf87-6cd7-4304-9695-039b559c32cd,rates hiked,1,NEGATIVE,0.9611373543739319
6c29b324-8e9c-4a8e-a63c-5f6b4c07e2bb,good restaurant coverage.,5,POSITIVE,0.9998571872711182
8ec3e78e-bca4-4847-9492-cd228d8128bd,good,4,POSITIVE,0.9998161196708679
33c502f2-ccf6-425e-bcd2-a42e2f2e0599,ai chat bot sucks.. just repeated message. not understanding customer queries about the order.,1,NEGATIVE,0.9998130202293396
ba65832f-dc94-4045-81d2-cc3b174c4bfc,good,5,POSITIVE,0.9998161196708679
339c0970-ec6d-4f70-91a4-71fef17bd245,good,5,POSITIVE,0.9998161196708679
640a3544-abe0-4a5c-aa44-21a60f8f77e4,worst food app... ever,1,NEGATIVE,0.9997883439064026
c51e5b6a-8489-476c-b33c-a89f73e84150,very good,5,POSITIVE,0.9998520612716675
aa597103-9862-467f-9bff-157feecd0cb2,thanks swiggy,5,POSITIVE,0.999756395816803
d05208ee-657b-49a5-b233-8db7feaeaa5f,good,5,POSITIVE,0.9998161196708679
9bfb42fd-406b-4aa3-9bb6-0744356e132e,super thank you,4,POSITIVE,0.9998679161071777
54bd1d2d-2b1c-44cd-85ed-d3ae9b9602fa,exallant service,5,NEGATIVE,0.9669615626335144
3d62747b-3118-446d-a405-b628d1f6568d,aapke pav bhaji me baal nikla hai,2,NEGATIVE,0.5258471965789795
506a5ad5-ee85-419a-8e5a-a8ba30362167,good,4,POSITIVE,0.9998161196708679
bd286d88-dadb-4998-b9d8-10c91f6e303b,delicious food.,5,POSITIVE,0.9998759031295776
eeaa3662-f128-4ebb-b145-7af963842bcb,"i ordered the spiderman kinder joy from swiggy instamart because that was the product shown in the first image. however, i received a completely different order. i raised a complaint, and instead of resolving the issue,the replacement order contained the exact same wrong product. i clearly ordered the spiderman kinder joy, but you still sent the wrong item again.there was no proper communication from the support team.the service has been consistently disappointing. without a doubt the worst app",1,NEGATIVE,0.9998087286949158
66b5e881-232a-498e-95d3-66622d7a5e91,i have a great experience ...and i have unlock offers too✨,5,POSITIVE,0.9995439648628235
7db8c054-d736-4f59-8a44-6aff63df8a9a,nice,5,POSITIVE,0.9998552799224854
10b8845f-792f-4ac2-81fb-e5aa2c2b9c86,good 👍,4,POSITIVE,0.9998576641082764
24afd00b-041a-4ad8-bedc-2763f100c2a5,nice food,3,POSITIVE,0.9998700618743896
336215c4-301f-448b-8c79-e30a3f0ec726,excellent,5,POSITIVE,0.9998434782028198
7db1aec5-a550-472d-ac1c-eb80a5f0254e,delicious food ........ specially chicken roll,5,POSITIVE,0.9998383522033691
d5487872-8d9e-4247-9e95-65ecfdd6b324,very good food delivery app,5,POSITIVE,0.9998551607131958
ad4b9d8f-7c06-46f3-b83f-55dbbfab1525,nice,5,POSITIVE,0.9998552799224854
1d594e19-829d-4103-b37d-e2a12b44b95b,add cancel option or customer service number. fraud company,1,NEGATIVE,0.9988266825675964
807e7c51-199e-4cde-979b-a4a5e5877bae,good,5,POSITIVE,0.9998161196708679
bac677bc-2553-4604-a9fb-4799af1f0437,poor customer support. waste of time to connect with customer support,1,NEGATIVE,0.9998100399971008
0a6e3068-422c-424b-b580-0dd19c30ea13,removed cod (cash on delivery) option for me for no reason. i will use zomato no worries.,1,NEGATIVE,0.9976615905761719
08835022-8969-4d36-8b19-1ed8f0668224,"my first order, i am worried how much better 😊",4,NEGATIVE,0.9995276927947998
d09dadab-5943-46fd-a91a-4e77eb526b5e,good ❤️,5,POSITIVE,0.9998576641082764
8808bfd0-23ee-4ae6-a949-43c4f8b137bc,worst app.rating 1 star as i don't have option to give _ve.one or other item is usually missed in the order and everytime they will say they will improve.nothing happens. i was always right about this app.worat food delivery app to exist.never delivery anything on time!! they do at their convenience.zomato is any day better than this app.always faced delivery issues with them!!i wish there was a negative rating!!!,1,NEGATIVE,0.9995005130767822
65e4784f-2d96-4b02-8cee-f4c5596432a2,"pathetic service, they will take your money for using the app and tell you no refund will be given, no food will be given and customer can go and fight with the restaurant, then why the hell did i order from your app if i have to deal in person with the restaurant. these people will make you suffer with hunger then say we can't do anything as this is our guideline. firstly they will lure the customer with so many discounts to use the app in return of no food and money loss and frustration in bon",1,NEGATIVE,0.9991925358772278
4c7ed499-d25f-43a2-ac51-17a648627a3c,"been using swiggy for a while... and i can say they are right now one of the best food delivery service out there. they had improved over the years and now for me they have achieved the 1st spot. the food comes faster, safely and affordable. app ui is also smooth.",5,POSITIVE,0.9997977614402771
48b559cb-f925-435b-ac35-9392a7a6191a,very unprofessional customer service executives,1,NEGATIVE,0.9984821677207947
6a689a41-1327-45e8-9ca2-ce55f3772db8,bahut achchhe,1,NEGATIVE,0.7443996667861938
f29ed8be-d7ac-46b4-a0e0-28a3b4acdcf6,"poor experience, too late service",1,NEGATIVE,0.9994760155677795
65aa0cc9-8317-4446-b301-565102921124,good app,4,POSITIVE,0.9998493194580078
89f46a0f-12e6-409e-ac2f-902abff56184,item missing,1,NEGATIVE,0.9995195865631104
daff83e5-d35b-426d-afa2-3c60398c616a,worst experience ever.. they charged cancellation fees after cancelling order on their own ..,1,NEGATIVE,0.9998019337654114
63015517-5f31-497b-a307-e2f10aed1cdc,help thanks,5,POSITIVE,0.9996963739395142
e7502cbb-4036-46e4-a987-fb9958721bd9,pls do the safest foods,5,POSITIVE,0.9961463212966919
79f2b563-a50a-4efb-b7a6-7368bf0559d1,late delivery,3,NEGATIVE,0.9944546818733215
9c1c5345-ce8c-4ba2-9387-7ecefa3ef5b7,rat it's too much high all restaurants,1,NEGATIVE,0.9993213415145874
1d81924b-d03a-40e5-86b7-7507eb58a6cd,nice,4,POSITIVE,0.9998552799224854
0445aab9-b934-4f93-a661-be7c93e33500,jo price aap dikhate ho sem hi price rahane do coupon lagakar uska mines hona chahie vah to badh jata hai isiliye kuchh order nahin kar pata hun main,5,NEGATIVE,0.9963898062705994
2726d703-a7a1-49df-805c-fa69e6a90651,good taste,5,POSITIVE,0.9998455047607422
653bbc72-c6e8-4adc-8711-b06903d4f732,nice,5,POSITIVE,0.9998552799224854
c4fd268c-b5cd-4b4a-852c-2288a57474cc,worst experience ever,1,NEGATIVE,0.9997971653938293
e6739ab3-f10d-4291-ab73-cdf3b728a52f,i have ordered burgers but it was rotten and giving foul smell. my family members vomitted and had to visit doctor. swiggy is not helping at all i have not received proper resolution from them.,1,NEGATIVE,0.9996009469032288
fa40108b-ac93-463e-8ac4-1631fffbde71,the app is not working on my phone.,2,NEGATIVE,0.9996651411056519
30a2a684-3c49-4162-a0d8-6af72a6946e2,very best app for order food online 😁,5,POSITIVE,0.9991414546966553
1b86cfc1-cfe4-4e77-9dbc-6eb2b5bc8a04,good behavior,5,POSITIVE,0.999825656414032
e8648310-26f3-437a-a9e7-4503d792fb95,very costly,1,NEGATIVE,0.9996863603591919
cf51043b-59c2-45b0-b78c-12b4a0770e9c,no customer service. pathetic app.they don't reply mail,1,NEGATIVE,0.9984421133995056
15e6deae-552f-4783-8181-7c863493dd6d,worst delivery experience,1,NEGATIVE,0.9997990727424622
92b6f5e7-e7dc-48e8-ae9c-4cf15c766a59,good service 👍,5,POSITIVE,0.9997857213020325
2e088f9d-c853-4570-9266-b6ccbbb5e064,too many unnecessary charges,1,NEGATIVE,0.9997184872627258
d4e5adb9-1605-4a57-b945-a1a9e209353f,soooo good 👍🏻,5,POSITIVE,0.9998470544815063
9ea85ce5-1149-4599-93cd-c875894352c3,nice,5,POSITIVE,0.9998552799224854
92bddf33-cd1c-4f9d-a38b-04acb711758f,"minimum wait time is 45 minutes, and if have hesitate to order then your order will automatically converts to cash on delivery order , be surprised when get delivered,",1,NEGATIVE,0.9158121943473816
3d882503-94fd-41d3-a4a7-db7f82275dea,"always have fake offer , overpriced items",1,NEGATIVE,0.9973114728927612
0990a986-2577-4a0a-813b-6f0849155460,good 👍,5,POSITIVE,0.9998576641082764
2afc3779-677d-4927-bc75-b37e34efa3a5,"very disappointing experience. at the very least, respond to my email, @swiggysocial. ignoring a customer's complaint is unacceptable. i have been patiently waiting for a proper response and resolution, but all i've received is silence. please acknowledge my complaint and address it professionally.",1,NEGATIVE,0.9989720582962036
e8fa0859-f153-46c3-80a2-b9de403eed54,abhi,5,POSITIVE,0.9942288398742676
10ea0b49-e9d2-413c-a4d5-7c972b0c1db9,worst,4,NEGATIVE,0.9998016953468323
4df7c2bf-34ba-4602-8e03-75cadf0d8e25,amezing,5,POSITIVE,0.9910010695457458
71271fa7-c6fa-4a81-89d1-7ce2ef5ae49f,good 😊,5,POSITIVE,0.9998576641082764
425d6de0-8a49-41f3-ac49-450d5699e0a9,"terrible service, always late orders and customer support is completely useless.",1,NEGATIVE,0.9998125433921814
d3c699a9-5f40-4a19-bb11-8bfa21bb7731,super 👌 👍,5,POSITIVE,0.8836358785629272
c648bf14-bd52-4dde-9d04-d45529b73758,excellent 👌👍,5,POSITIVE,0.9998458623886108
805706f1-cc02-4172-93a5-a6101a4aa777,nice app,4,POSITIVE,0.9998061060905457
4f588880-b731-4372-a883-c9539ab36f61,"user experience is filled with ads. timing shown is wildly inaccurate. customer service is just ai slop, with no actual useful information. absolutely pathetic experience.",1,NEGATIVE,0.9998185038566589
7ae6ff4a-ddc8-423d-bdb5-99adda82fd84,what is this order quantity was low and price was too much low,1,NEGATIVE,0.999775230884552
ee01725e-b7fc-472c-8084-0c1f77b42754,perfect,5,POSITIVE,0.9998517036437988
53eab77a-e763-4ec2-8ec4-89c5def1e442,"shameless food delivery service, they take 30+ minutes to assign delivery partner on top of that their partners doesn't respond to calls. nor even app support helps. many times after 1.30 hrs they told us unable to deliver and offered refund. what the hell is this. completely unprofessional and unethical.",1,NEGATIVE,0.9997232556343079
4206b70a-1cdf-4fce-9329-b40e86360ebb,the service is not good,5,NEGATIVE,0.9997897744178772
a6b3611e-301b-4452-96e7-2b5d45339307,"i received spoiled chicken which was highlighted to customer support and chat support no one helped to solve my concern, my order is is 29419258, without giving any resolution my chat closed and i got confirmation email saying will take feedback , i don't think this is solution, i have been using this platform from very long , i am really disappointed the service, i request team to take right decision here, i already sent email no one bothered to respond",1,NEGATIVE,0.9991759657859802
ca5ea87e-cb44-4db9-bb7c-1d7d1a09ced3,the best food delivering app 🔥,5,POSITIVE,0.9997792840003967
d801a77d-b4e4-4037-aea6-daf5e5950c40,"absolutely pathetic service since last 1 week. my address is showing unserviceable since 1 week on instamart. i can order food via swiggy on my address, but i cannot get groceries delivered to the same address. worst part is my neighbors in the same building are getting there groceries delivered via instamart. despite complaining to swiggy multiple times they have not been able to resolve my issue. (fyi this same address is servicable on blinkit, amazon groceries & big basket)",1,NEGATIVE,0.9995823502540588
153d7b41-7de4-41d4-9b46-5a0b8b351246,nice app,5,POSITIVE,0.9998061060905457
5c0bdfd3-5f5f-4a9b-9599-deb7a47ad9e4,price is high,3,POSITIVE,0.9978209733963013
ff044c8b-27d1-4a47-814e-7b375308ca36,overall good 👍,4,POSITIVE,0.9998629093170166
0c21e0ad-9131-48d1-a08f-ff3bc914102d,good app,5,POSITIVE,0.9998493194580078
7235ebf3-3d00-4957-8a7a-89e8741c2a44,"do not use swiggy. ​on august 1st, they delivered inedible, stale pastries. customer support promised a callback from senior management—they never called. ​when re-escalated today, swiggy simply abruptly closed the chat. ​zero accountability. zero resolution. terrible service.",1,NEGATIVE,0.9997636675834656
42131f7c-3f5a-4bcb-bfc9-55163da744bc,"why did the app even start the event of buzz streak and after 3 days now it is not able to open..... and even after applying offer the gst consumes most of the money amounts..... which restaurant takes packaging price... while in person when we go in hotel and order they take zero packaging.... but in swiggy the same hotel asks for 15 rupees and also there is a restaurant gst added as well... which make no sense... as the same hotel in person when we go to eat, they don't even mention this....",1,NEGATIVE,0.9993519186973572
9fd55061-bd14-45be-8265-de0e2b2e7c99,nice,5,POSITIVE,0.9998552799224854
26f1fd00-130e-4c95-b9fa-bffa10a09761,delivery to is to late then the tell,1,NEGATIVE,0.9767012000083923
c552bff0-bbb1-4bf6-9c4a-59de56d75e81,"1 स्टार अब तक की सबसे खराब डिलीवरी सर्विस का अनुभव रहा। ऑर्डर समय पर डिलीवर नहीं किया गया और बिना किसी संतोषजनक कारण के आखिर में कैंसल कर दिया गया। ग्राहक के समय की बिल्कुल भी कद्र नहीं है। अगर समय पर डिलीवरी नहीं कर सकते, तो ऑर्डर स्वीकार ही नहीं करना चाहिए। ऐसी लापरवाही और गैर-पेशेवर सेवा की वजह से दोबारा कभी इस प्लेटफ़ॉर्म का इस्तेमाल नहीं करूंगा और दूसरों को भी यही सलाह दूंगा।",1,NEGATIVE,0.886120080947876
68a04eb5-ef8b-41b0-83aa-57aace8d5586,very good service,5,POSITIVE,0.9998648166656494
476f4f96-2bb9-47b0-91c3-50f4de933426,good app for building people,5,POSITIVE,0.999760091304779
af4bf34e-fca8-48cc-9247-f80950d2f5bd,excellent and speed delivery,5,POSITIVE,0.999870777130127
d6e27483-c1eb-4b9f-bcdc-52620783d306,good,4,POSITIVE,0.9998161196708679
b2554a33-fe34-412f-8a6e-adaf1cd939af,okay,5,POSITIVE,0.9997709393501282
54e4685e-9b00-45e1-9077-0445debad72b,refund not giving.. dont do upi payment the order got cancelled and they won't give a your money back.. worst app,1,NEGATIVE,0.9997946619987488
3ffa994f-3346-49c4-8af3-1ce62b3c107a,"recently i placed an order, after ordered within 15 second i have canceled due to some emergency still my amount didn't refund yet. already dropped email for this multiple times but didn't received any response yet.",1,NEGATIVE,0.9972532391548157
81559ae0-ca82-4369-abbb-56596150a7d7,nice,5,POSITIVE,0.9998552799224854
6f69ba45-4a29-4cdc-ae88-9894fecb5368,to much extra cost,3,POSITIVE,0.9638562798500061
b78d025e-369f-41df-83cc-39d12a26dc7a,takes packaging charges which are not worth it to charge from customer,3,NEGATIVE,0.9997448325157166
b84b63c1-b8c5-4443-a3be-82471ba07bda,abhi dekhuga kitni achi sarvish hai,5,NEGATIVE,0.6347180008888245
fad5399d-1aab-48d3-b84a-c961d8a522e3,"swiggy still has a call support, and support executives were helpful in my exerience. this was a standout for me when all apps are taking us through endless chatbots and slow agent chats. 5 star for that.",5,POSITIVE,0.8016170263290405
850018f0-f59f-4320-9f87-531f9b813a87,good,5,POSITIVE,0.9998161196708679
20c9ff0b-cc43-4aad-88a4-d4810da00cf7,nice work 👏 👌 👍,5,POSITIVE,0.9998125433921814
1cf54824-dd04-4583-9561-b34aaff78ddb,best,5,POSITIVE,0.9997941851615906
764b0d76-642f-42a9-9aaa-c9b4492dfcc9,only 3 star,3,NEGATIVE,0.9629638195037842
d245aeca-27d3-4baf-9268-c6b1a640f83d,nice,5,POSITIVE,0.9998552799224854
d07687e8-08df-429a-baaa-897b3888110a,not a good suply. you something and you got another thing it is not use full . zamoto is good,1,POSITIVE,0.9711286425590515
4c9eecbc-ede3-44e5-9cff-c54cc8424a79,"pathetic service. if you order some food online, wait till your patience is being tested. if the estimated delivery is 30mins just keep in mind it will be delivered in a hr. thats the service provided, if you ask any question why the delay they will just apologize nothing else. syed nazeer great guy who assisted and apologized for the delay. but no assurance the mistake wont occur again.",1,NEGATIVE,0.9992766976356506
98c08948-c3fa-4e8b-a2b9-caca60a4d856,too many cancel fee,1,NEGATIVE,0.9983723759651184
d1d0bb7f-00ab-4c8c-9179-62fca1b09b89,good,5,POSITIVE,0.9998161196708679
dde1236b-9b80-4fe4-90e6-45fc1a2e1f38,delhivery partner not reached at address or location. delhivery send me 500 meeter to location.,1,NEGATIVE,0.9989805817604065
568c4a12-205c-4e74-b6ad-abe31da6a4fa,"a useless and irresponsible delivery app. when the delivery partner is not moving and switched off his phone, the app kept on increasing the delivery time. the useless chabot wasted my time for 15 minutes before providing the option to talk to the customer care the customer care person simply said two options - place a fresh order or cancel the order. a useless food delivery app. this happened multiple times.",1,NEGATIVE,0.9998156428337097
f5e1869f-0f47-4498-b1d3-86420402f870,good 👍,5,POSITIVE,0.9998576641082764
1806b632-66c0-4cb4-ad65-4c77f25cf059,terrible pricing. they give 100rs off and then add 67 plus 30 rs delivery and gst.,1,NEGATIVE,0.9990254640579224
aca4deab-4ea4-4742-9f45-1f9a74176d14,good,3,POSITIVE,0.9998161196708679
b8a88e13-db6f-4180-856d-c2e98df443f6,super 😍,5,POSITIVE,0.9331684112548828
cf2ba6ca-321d-4efc-90cf-6c8b259f796f,"the app is lagging when, i am opening the track my order option",1,NEGATIVE,0.9997360110282898
637387e8-d1bd-4997-a212-83133f754678,i have been receiving steal food from some times,2,NEGATIVE,0.9038041234016418
d5134acc-2d24-415a-95a4-ff271da79ee5,okay 👍,5,POSITIVE,0.998088538646698
7fe79a2b-ea01-4743-940d-d175a056362e,good,5,POSITIVE,0.9998161196708679
2dad1582-d595-4faa-9172-84bebc548a34,lajabab service,5,NEGATIVE,0.9298929572105408
6e022d50-5052-4153-8d43-5cf4d62646b2,quantity served is very less,3,NEGATIVE,0.999201238155365
5da703bc-9552-4d90-9c4b-474b638ef63e,nice,5,POSITIVE,0.9998552799224854
35e3ca44-da44-4a15-892d-94db821377ff,buzz feature removed are you reading what you are writing,1,NEGATIVE,0.9994102716445923
23893133-62e3-493c-98d4-5ae3b2cfe3b2,good,5,POSITIVE,0.9998161196708679
f94bc152-03c3-4bf1-bf01-d24bb6039171,sabse achaa app,5,NEGATIVE,0.9777332544326782
2faaa3bb-aaa2-4e9f-bf9e-ab38baef97d6,app is very confusing 😔,1,NEGATIVE,0.9979984164237976
e0ecdf3a-3871-47a5-bf61-64de3ae14ccc,"bad platform no, discount and high rate: in my opinion.",1,NEGATIVE,0.9993306398391724
978528fc-0b3a-469d-bd5e-2dbc73cce899,"worst service ever! i ordered food, and for the last hour the app has been showing “2 minutes away.” in between, swiggy even showed that it was raining, but there is no rain at all in my area. what is even more frustrating is that your support team is not answering the calls, and the delivery partner is also not picking up my phone calls. i want a full refund immediately. this is such a poor and pathetic service. there is no accountability at all.",1,NEGATIVE,0.9997755885124207
c76f4bb6-a373-4a9e-bf5f-8047fdc37495,super app,5,POSITIVE,0.9932268261909485
05c618b8-1751-46ea-8fee-740939f3a7b4,worst app everytime i order thee are some trouble happens..,1,NEGATIVE,0.9998077750205994
e9ae401f-6b60-4048-aaac-98e4351b1b9b,good,5,POSITIVE,0.9998161196708679
ff87a178-e26d-4acd-a58e-1ee7fef541d3,"worst app ever no accountability for your customers, zero response from delivery partner and team as well",1,NEGATIVE,0.9998064637184143
604f2cdf-7693-47d7-809c-23d911cccc81,good 😊,5,POSITIVE,0.9998576641082764
3d1ddd56-e231-4fa8-a758-03d06598d3f3,good,5,POSITIVE,0.9998161196708679
0bcd727b-e9f8-4049-a3ff-800c3212eb15,i need my order item if there is no scam! i've completed the payment already,5,NEGATIVE,0.9949423670768738
fc396f17-5a93-49b2-8481-b1b229ac0fe5,nice,5,POSITIVE,0.9998552799224854
9a6e0e27-41f6-42cf-b833-9a5252a3301d,"updating my review. i faced a serious issue where the restaurant reported the items were out of stock, but customer support failed to resolve it promptly. however, after i submitted a detailed complaint via email, swiggy investigated the matter and refunded the full amount the very next afternoon. i appreciate that they took responsibility and resolved the issue. thank you for the support and the fair resolution.",5,POSITIVE,0.995872437953949
7adddd75-49d3-45a0-8b56-0c6f404bbf34,good,5,POSITIVE,0.9998161196708679
ff3fb81e-f234-4ddf-93e7-fbcc4629df26,super,5,POSITIVE,0.998783528804779
6a686a55-6b68-4e5c-91e0-f911bb25e0f3,5star,5,POSITIVE,0.9863659143447876
03ea9da5-8e88-4c42-93ef-262e0477e315,superb,5,POSITIVE,0.9998656511306763
6c6787a1-ba6d-4ee0-b503-a8230f68b6a2,very bad experience and very poor service experience and customer service rudely😡🤬,1,NEGATIVE,0.999806821346283
256f669f-c4cb-48da-b1ea-bed4aa5a3ef2,scam in buzz,1,NEGATIVE,0.999313235282898
b56de369-cee5-4ab3-a04e-1e65a56c30b9,nice 😋,1,POSITIVE,0.9998424053192139
09e694ef-900c-4990-92de-12475b11b27a,ok,5,POSITIVE,0.9997851252555847
40d75e7a-1045-4ca1-849f-8cc0b8d761a4,nice,5,POSITIVE,0.9998552799224854
243692dd-ce91-4a27-8149-234391e52a8b,good,2,POSITIVE,0.9998161196708679
e6aefc2f-eb66-42db-b031-6c35f93fb055,the best and middle class can also bare the coast and offers i love food and i love swiggy it's amazing,5,POSITIVE,0.9998399019241333
d19197b5-6913-449d-9a8f-e981304e1546,the app keep crashing after new update. we can't track the order,2,NEGATIVE,0.9984555244445801
29bcadb4-7db6-4bd7-bb7a-f931abcbf5d5,service is on time always. keep up the good work,5,POSITIVE,0.9998087286949158
ac9153a0-0a1e-453c-b8db-7acddd530970,delivery pàrtner not delivery order just rang the bell and leave the order there due to this i have lost the food,1,NEGATIVE,0.9997852444648743
881515f3-c9f9-4817-bbae-44f0ea54b474,super,3,POSITIVE,0.998783528804779
7ebaef9a-ac2f-40f3-bc6b-53cf3b28717e,good 👍🏻😊,5,POSITIVE,0.9998576641082764
2d2fa079-a0b4-455d-9a6c-c474e4c2cadf,nice,5,POSITIVE,0.9998552799224854
ffd537c8-4ddb-440b-8d7b-8960f5385040,good,5,POSITIVE,0.9998161196708679
99669609-f51b-4326-8fbc-cc8374e1b2f6,let's see it's my first order,5,POSITIVE,0.9993568062782288
1a62c2cb-9dc2-4e4c-b0cf-725170e57805,app is erratic. keeps rejecting my credit cards even after authentication. frustrating experience,2,NEGATIVE,0.9996039271354675
58c0d450-7cea-4d92-b806-16c9c047c0fb,delivery charge bohot lete ho ap log this is not good,1,NEGATIVE,0.9997970461845398
d2ef3dc9-b7a9-4575-b98b-5857edbf89e0,super app ♥️♥️,5,NEGATIVE,0.5043898224830627
eef47890-9be7-4d60-b894-fb232108d7c4,super,5,POSITIVE,0.998783528804779
5c3d8056-859b-4b87-b2cc-ee991e9156db,good,5,POSITIVE,0.9998161196708679
374b4170-1d11-48aa-83c3-783d1c102b89,nice,5,POSITIVE,0.9998552799224854
23b29d06-9c20-46bc-9da3-2cdcd0827702,excellent,5,POSITIVE,0.9998434782028198
4877a216-3c44-4511-867f-3703e9b73e60,worst service in delivery they are not keeping up with timings talking an hour to deliver breakfast even it is shows bolt 14 mins while placing order worst platform ever,1,NEGATIVE,0.9998045563697815
732d6dc2-1017-45f3-827c-10ad27d926e6,"support is down the drain, they cancel the order from backend due to mixup with restaurant and don't agree to pay you back citing their cancellation policy! writing to support is like shouting to deaf ears.",1,NEGATIVE,0.999416708946228
da1efdca-5aa6-44a8-aac0-90f0fe70043b,good,5,POSITIVE,0.9998161196708679
cacbdb81-cf16-4a5e-b12e-e1dedb1eca65,very good 👍,5,POSITIVE,0.999870777130127
04a4b385-fcab-40ad-ba25-18a98e0922a7,customer support of swiggy instamart zero level.no customer care call option,1,NEGATIVE,0.9986264705657959
9be2cb96-1cfb-470e-a920-7f0119609453,"""बहुत ही खराब सर्विस! डिलीवरी एजेंट घर तक डिलीवरी देने आया ही नहीं और बिना डिलीवर किए ही ऑर्डर कैंसिल या लेट कर दिया। अगर आप लोग घर तक सामान नहीं पहुँचा सकते, तो इस डिलीवरी सर्विस को बंद ही कर देना चाहिए।""",1,NEGATIVE,0.8469381332397461
c09aa683-294b-40c6-a2a2-6b1d867495df,good,5,POSITIVE,0.9998161196708679
ae88e2bd-242e-4ff0-951b-0852bd09c378,best,5,POSITIVE,0.9997941851615906
a34ae9ef-35a4-4807-aa83-c84bc5b939b4,worst app,1,NEGATIVE,0.9997863173484802
214a4d24-d0d9-42d4-9693-6f1c2cd869f6,good,5,POSITIVE,0.9998161196708679
20da2134-3e2e-4c8f-9519-6b293418091f,good 👍,5,POSITIVE,0.9998576641082764
9b26637c-4cf0-4cbd-959a-3a83b502ba7b,"jo 99 store us se maine ek din choco lava cake order kiya tha dominos se and jab bill aaya to 143 ka tha, aisa kyun",1,NEGATIVE,0.9912676215171814
d6592341-d352-4f8d-9c77-8f6646efe470,nice,5,POSITIVE,0.9998552799224854
6eb17389-d3db-461f-9315-132a5effe20b,worst app it has provided a page in app called buzz they kept only three days at starting it has 30 days time to participate in it they stop that page,1,NEGATIVE,0.9997844099998474
683f5ba6-461f-4364-a645-60a4dc357f05,showed me discount till proceed to pay and will doing final payment swiggy increased 30 more ... good cheating business,2,NEGATIVE,0.9318494200706482
856a007d-5305-4cf5-9a4e-fe0bfde9ac96,user friendly,4,POSITIVE,0.9775891304016113
61e065f1-7e37-4985-a08f-5637e858c486,poor service 😞,1,NEGATIVE,0.999671220779419
7f8a43a1-fe27-45eb-8a51-a01e31e16815,gud,5,NEGATIVE,0.8956558704376221
2ffc8da3-a3bf-479d-9609-5485f669a24c,absolutely horrible customer support.,1,NEGATIVE,0.9997182488441467
b2fe7263-aa29-4861-82f4-4a6f4b48ab87,let's see it's my first time in swiggy,2,POSITIVE,0.9949119687080383
ab136b34-73fa-4372-baf8-a89382b7f30f,fraud .. very bad service... order is too late and i have requested to cancel the order then the amount is not refunded in prepaid order. dont use this app,1,NEGATIVE,0.9995933175086975
e60ca784-51c6-469e-9a3f-bde50b39943c,good,4,POSITIVE,0.9998161196708679
f1e78708-9a35-436c-9625-2425dfda8c7d,very very very very very very good service very good food very good swiggy,5,POSITIVE,0.99981290102005
5b2d78b5-d0b9-4304-8a08-b5397a8a9024,super,3,POSITIVE,0.998783528804779
3826a77c-adac-4aac-a1c4-1e471edb78d4,it was all fine until they wanted to get order cancelation money from me for the order of 200 rupees with the same amount. seriously what's wrong with you guys?! i was hungry.. i was waiting for that food for so long... why wouldn't i take it?? it's just that the delivery guy didn't have change and i myself wasn't able to arrange it... so they clear cut said give in change and nothing else.... even the restaurant owner said give the money in exact amount... means what?! i don't have it...,1,NEGATIVE,0.9983031749725342
c775cadb-dfbe-4544-a73e-787f70ee9599,poor experience delivered expired products. again poor expired cashew delivered poor swiggy instamart,1,NEGATIVE,0.9997739195823669
a56914db-e62c-4437-9d45-c4442d6b6dc0,good,5,POSITIVE,0.9998161196708679
d9ec9a15-aeaf-4d95-b90b-6a55b40265db,"arrogant customer care. bluntly refused to refund a wrong charge. i now use zomato, big basket, blinkit & zepto & use swiggy as a last resort only if required item is not available elsewhere",1,NEGATIVE,0.9993638396263123
726cbd10-29a1-4bec-ba99-2e15850ce940,fake discounts don't swiggy jaiii zomato,1,NEGATIVE,0.9765856266021729
3f722d04-426d-4968-a841-58dfe75bd378,chetthaa laaga undhi mee buzz sakkadanam,1,NEGATIVE,0.9815037250518799
359d7fdb-16e6-4910-8525-1375c27295ee,good,5,POSITIVE,0.9998161196708679
a236ad48-aee0-428d-8ef6-d10bc5e44c42,worst app in terms of offers and discount,1,NEGATIVE,0.9997968077659607
4cfe21e5-f878-47be-b57b-1c7388f5d2c3,each time they removed my 9 rupees everyday item. after paying for 3 months no delivery charges they are still charging for delivery.,1,NEGATIVE,0.9880113005638123
0e85926d-3e0f-464e-8e31-d13790b4f72e,they are running a scam of offering high value items for 1 rs then they do not deliver that product and offer you a refund of 1 rs,1,NEGATIVE,0.9995920062065125
4296c717-64e4-47c3-a84b-5d9ea8f26c03,good service and they follow instructions. my only issue is the platform fees and related fares which is a lot overtime added up. maybe we could have a subscription to cancel all fees?,4,NEGATIVE,0.9957679510116577
1784c6a0-d160-4870-9b79-5a340c5e0fcd,more options better than zomato in chaibasa,5,POSITIVE,0.9404953122138977
befcc4cf-99ba-47dc-a482-edf2e7e084ea,very good,5,POSITIVE,0.9998520612716675
6ed64936-1af6-4ee2-bfb9-768f1236d7bd,best needy app..,5,POSITIVE,0.9114675521850586
f5cff45e-01ad-489a-af56-bd8a9db6df54,very. poor service extremely unhappy,2,NEGATIVE,0.9997943043708801
7bdb6441-d338-404f-9178-e8f9a26d93ec,satisfied,5,POSITIVE,0.9997212290763855
a17cd17b-3da8-49b5-935d-212c95b25851,good,2,POSITIVE,0.9998161196708679
3841ca0a-2962-4cc7-807d-e817870021e6,nice,5,POSITIVE,0.9998552799224854
e41187a1-e59b-4a2b-bd56-e8cf24c1b687,worst app ever it is scam app where the buzz challenge was a big scam just for their ad and to gain more user of swiggy,1,NEGATIVE,0.9997934699058533
8518710d-db14-49f1-9504-8724fb20e192,"froud app don't install swiggy app yeh app online payment lene ke kabil nahi hai yeh app coustomer ke sath froud karti hai koi bhi is app ko install na kare yeh app online payment toh accept kar leti hai par food dilever nahi karti inke dilevery boy bhi wishwas ke layak nahi hai mai is app ko mere or mere kisi bhi relative ,dosto ko is app ko install karne se mana karuga yeh app coustomer ki mehnat ki kamayi ko dokhe se lot rahi hai is app kedilevery boy toh juth bolne mai no1 hai don't install",1,NEGATIVE,0.9981830716133118
a111bdf6-a465-4e2c-997f-0f853e5dadd2,"it is totally a fraudulent company. i have ordered from instamart with full prepayment of the 16 items, while i have received only 15 items. as this is a big order, very smartly they have missed one item of good amount & when i raise the concern they close the conversation by simply saying to write the emails. emails, which were replied by their different person every time, they just reply with the same answer that they will reduce such instances in future and cannot provide the refund.worst app",1,NEGATIVE,0.9996894598007202
ac1707f6-a76b-4eb7-9379-d39e5139e044,nice,5,POSITIVE,0.9998552799224854
998bfff3-cda7-4746-944e-ad3f95f9696e,froud app froud parteners,1,NEGATIVE,0.9571229219436646
d4ca1fe3-e06f-4c72-896f-9814b7ce912c,🥰so happy delivery,5,POSITIVE,0.9998611211776733
f31add31-1252-4ea8-8ebf-137b11ba235e,deducts money but doesn't deliver order,1,NEGATIVE,0.9986940026283264
fe21dcec-fc8e-4dff-8ef6-b0f8a41c521b,good,5,POSITIVE,0.9998161196708679
91dcdce2-72e1-4075-9c5e-2b350c65a4b0,very fast delivery,5,POSITIVE,0.9995133876800537
096c06dc-27ac-4772-b8b9-1637c4d540d1,superb,5,POSITIVE,0.9998656511306763
374874cd-6b1c-4ffa-83f8-d4c439494ca0,मुझसे गलती से स्विग्गी से फूड ऑर्डर हो गया और जब मैं उसको जल्दी से कैंसिल करना चाहा तो मुझे कोई ऑप्शन नजर नहीं आया 2 मिनट के अंदर मैंने उसको कैंसिल कर भी दिया किसी तरीके से और इसके बदले में मुझे कोई पैसा वापस नहीं मिला मानसू को मेल भी किया कस्टमर केयर पर बात भी की लेकिन कोई सॉल्यूशन नहीं हुआ मैं सभी को सुझाव देना चाहूंगा की ऑर्डर करने से पहले यह चेक करें कि कैंसिल कैसे करना है क्योंकि यह लोग आपके वहां पर कोई ऑप्शन देंगे ही नहीं आर्डर कैंसिल करने का और देंगे भी तो वह बहुत छुपा हुआ रहेगा जो,1,NEGATIVE,0.9021122455596924
b07c989b-8184-4bbd-8225-7af817c46d02,provide expiry date milk to customer and no resolution,1,NEGATIVE,0.9995272159576416
93dce3b9-9d3f-4559-8831-3b3fb781fe2e,excellent,5,POSITIVE,0.9998434782028198
06a7d3cb-b48f-4e95-bf6b-83d6921f6e40,good,5,POSITIVE,0.9998161196708679
a212c33a-e113-44b2-99fa-55504c7e14d9,very very poor customer support.,1,NEGATIVE,0.9997891783714294
ee3f9c74-99ce-4c9f-ba0f-762d0bef66cc,this review is for messing with swiggy buzz event wasting my enery and time useless swiggy,1,NEGATIVE,0.9997208714485168
0103a7ed-e920-4c78-846e-4cf7a818a52b,zepto is faster and cheaper compared with instamart,1,POSITIVE,0.9929986000061035
f34f7e2d-9b54-4a2c-99ab-0300555a4415,huge unreasonable prices compared to restaurants zomato way better prices,1,NEGATIVE,0.9981607794761658
078e6640-8bb3-4c6b-b0d8-e912530349e7,great prices and a good choice of brands and products.,5,POSITIVE,0.9998641014099121
9792f0fc-09bd-4f74-8cca-b711fbd29676,verry nice app,5,POSITIVE,0.9996646642684937
9171e941-f508-4730-b2d8-22b24fc7a702,removed buzz event 🤬,1,NEGATIVE,0.9940005540847778
f1a58e39-9a9e-4d24-a720-34beae107ec7,mojja 👍,5,NEGATIVE,0.9327452182769775
01387a14-6719-4be6-94fd-66a4042234c5,very good,5,POSITIVE,0.9998520612716675
835b6870-6cca-4df8-8feb-83134384505a,good,5,POSITIVE,0.9998161196708679
9e20fb89-ac79-44c5-826b-f198385a3dc5,good,5,POSITIVE,0.9998161196708679
a793acb0-e68f-429a-b1f2-3a33cf70f09b,"stop using these loot apps and go to hotel to take parcels directly.for a simple paper packing, they charge 35-40 rs as restaurant packaging charges and various other charges which ultimately make you pay 167 rs for 2 idli & vada . so simply visit the hotel , enjoy your meals and save money too",1,NEGATIVE,0.9885039925575256
d029c6c3-c1c6-40ac-a148-e7bea7972a47,"⭐ 1 star pathetic service by both swiggy and burger king. order 10:10 pm par place kiya aur payment turant ho gayi. delivery partner restaurant pahunch gaya, lekin 2 ghante tak na order mila, na koi update. na delivery partner ne call uthaya, na restaurant ne koi response diya. main khud 11:30 pm par burger king gaya, lekin staff ne order ke baare mein koi information nahi di. app par tab bhi ""restaurant is taking some more time"" hi dikh raha tha. aakhir 12:04 am par bina koi explanation di",1,NEGATIVE,0.999136745929718
a330c18e-05a7-47a5-a27e-fe36ffe0d9ca,why are you robbed my 178rs free cash?,1,NEGATIVE,0.998369038105011
1fb9e5aa-d88d-4cbd-9750-182b02b49c5a,nice,5,POSITIVE,0.9998552799224854
b750e1d1-56a7-4559-b110-64f2c55c4380,"worst customer experience ever. i paid ₹165 in advance, but after payment swiggy changed the order, demanded extra money for a forced replacement, and offered zero refund. there was no way to reach a human—only an ai chatbot that kept blocking support. the situation escalated so badly that the delivery partner arrived with the police at my doorstep at 4 am. this is not customer service. this is customer harassment. deleting this app. never again.",1,NEGATIVE,0.9998006224632263
b984b476-cf1e-486b-beee-8b9da0fbfeff,"found good offer, let me check the product as well",5,POSITIVE,0.9974517226219177
6f4dd092-f13f-4768-a113-519782e41c5b,"i am very disappointed with swiggy’s service. my orders have been getting delayed frequently, and the delivery experience has been very poor. the biggest issue is the lack of proper customer support—there is no quick or helpful response when customers face problems. i expect better service, timely deliveries, and proper support for customers. please take this feedback seriously and improve your service quality.",1,NEGATIVE,0.9995349645614624
0438e320-aa00-418e-82d6-603a67ec3acf,it is the worst app,1,NEGATIVE,0.999790370464325
f11646b8-ea08-4455-b607-fb3f237010be,nice,5,POSITIVE,0.9998552799224854
1474a870-8831-4f24-add7-1d50d022aca7,new order,1,POSITIVE,0.9914694428443909
eb3bab84-74c7-4b7a-8607-41b1feb892b9,really bad experience delivery take more than 1 hour and the food is cold,1,NEGATIVE,0.9997556805610657
52bcda13-fb1d-4d35-a19a-e1e6ecf00dca,good,5,POSITIVE,0.9998161196708679
2956f68a-2ab7-406c-bd93-003745228257,gold service,5,POSITIVE,0.999607264995575
b7484a2d-a2d7-41c3-ae98-c0c77bd38559,bring back buzzz money,1,POSITIVE,0.9843378663063049
4559caa7-5725-4c0d-889b-c54ef9ef5b48,good,3,POSITIVE,0.9998161196708679
46165be1-a0f8-4b9a-9af9-5faa8ce4d45a,very very very very very poor,1,NEGATIVE,0.9997921586036682
8560d05c-94ba-4284-be83-5b7c87f818a5,worst delivery partners and worst app,1,NEGATIVE,0.9997952580451965
334d07bc-0ad6-4126-8cf7-8e40d853323d,good,5,POSITIVE,0.9998161196708679
340dd63e-769c-44ed-bb25-8d8e6016470e,satisfied for the correct time delivery be prepared foods and beverages etc,5,POSITIVE,0.9903636574745178
e7a31c6a-9cf7-4f14-996a-7bede520718c,nice app,5,POSITIVE,0.9998061060905457
cb02d7af-1e5e-4da7-adde-2b92f3cdd5e2,the ai is so annoying,1,NEGATIVE,0.9997742772102356
dbfd4486-03ce-4318-bdbe-49df9d207405,"worst service, accepting the order but no delivery 😡😡😡",1,NEGATIVE,0.9997310042381287
ed168496-432e-4169-91e9-1a52a31d0e72,most of the delivery are late and no response,1,NEGATIVE,0.9992208480834961
a7c8a062-3791-4b73-ac6b-b13afa6f0dd5,gud,1,NEGATIVE,0.8956558704376221
864f14a4-e2bd-469d-a400-20b7b2f388b8,excellent and good in service 👍,5,POSITIVE,0.9998668432235718
2bb25238-3bb8-4738-badb-2ad7df74729c,happy good 😊,5,POSITIVE,0.9998766183853149
09444986-0f7c-4ed5-8538-e2df59bbfa5d,very bad penda,1,NEGATIVE,0.9997888207435608
83db6ce1-6fae-4f70-9dcb-e1c683b3af2e,very good 👍,5,POSITIVE,0.999870777130127
84e49fcd-4b8b-4c38-aadf-6f2ce4d0e3fe,nice🤩🤩🤩🤩🤩🤩🤩🤩🤩🤩🤩🤩,5,NEGATIVE,0.6970565915107727
42d4bdb2-156e-4375-85f1-bd0b52483581,"extremely worst service, backend service is very very bad",1,NEGATIVE,0.9998148083686829
942e0e11-69bf-4700-a264-c18d23e29348,good,5,POSITIVE,0.9998161196708679
61eab535-71f8-4a2e-8790-df69cf5eb4f0,90 percent late delivery with no proper replies zomato is better,1,NEGATIVE,0.9988319277763367
69950299-58aa-4220-a2c2-02dc14f122ab,excellent,5,POSITIVE,0.9998434782028198
21028eb2-da04-4228-a5d7-c220b76c73ad,ok,5,POSITIVE,0.9997851252555847
b90c6499-e563-4a7d-958a-9d984714c06d,worst experience and only use zomato please. uninstall this app asap,1,NEGATIVE,0.9997429251670837
065d479c-6f23-4014-8b25-bc7f13e04508,well,5,POSITIVE,0.9995703101158142
aa0753e6-6b86-4b4d-a795-dae741beec0c,such a disappointing experience. first it took 30 mins to assign the partner and then 15 mins to deliver the food for 5 mins road. no refund was available on the cancellation as well. such a disappointing experience,1,NEGATIVE,0.9997630715370178
30e8fd4b-8904-4acc-9b17-3980f152e5e2,very poor service from customer care of swingy. i ordered havmor ice cream and recieved expired items. and when ask to collect the products from my address and initiate refund then i was told that the matter has been of more than 24hrs. infact i reported the issue as soon as i recieved the order. the customer care executive made me wait for more then 30mins and didnot issue refund. very poor service.,1,NEGATIVE,0.9997921586036682
d2435508-4675-4629-8489-d0389230cdad,payment praice se jada lagta hai,1,NEGATIVE,0.9483168721199036
742db2c0-8541-48f8-967f-874505695387,fast order delivery is within 15 minutes ✅ first order (chicken biriyani full plate) purchase offer ✅ ₹95 quality of test ✨ ✨ ✨ ✨ ✨ quality of chiken 5 ✨ but quantity of biriyani 3.9 ✨ deliver time speed 5 ✨ thank you....🙏,5,NEGATIVE,0.5943326354026794
f4595500-e319-49f8-ab5f-eed48ee54c40,waste app bad experience 2 times am ordered one time order not came my place 2 nd time order taking long time delevery partner saying there is no food metrial he said cancel order don't order on this app it's trash app,1,NEGATIVE,0.999311089515686
ecff7218-6f05-40cb-ac4b-0becf1ba7cbf,good,5,POSITIVE,0.9998161196708679
698d6865-5437-4066-be32-6f72bd61b121,good,5,POSITIVE,0.9998161196708679
06c0c077-02e5-4e5f-9234-9c9fe28c8e1a,loot maar hai🤯🤯🤯 esse achha झोपलो hai..plz सबब uninstall करू तू much लूट marii,1,NEGATIVE,0.9949342608451843
8ae194f0-8534-4ce2-949d-2946e2cbc703,nice,5,POSITIVE,0.9998552799224854
a7b568f4-5ae1-43dc-85ad-90498806c455,best,5,POSITIVE,0.9997941851615906
e02a1c77-db66-400b-97a3-e40169490361,got a cold pizza ordered at 11:00 received at 12:12 and there is no proper response at least an apology..,1,NEGATIVE,0.9995887875556946
38bc1108-11d8-49ea-90ad-f6f76414cbf9,payment not satisfied for me. better another restaurant,1,NEGATIVE,0.9991999268531799
44562362-5750-4488-a199-d446ba4c0d54,"it's a big downfall, swiggy doesn't even consider mistake or error from restraunt even if you get chicken lollypop instead of dal khichdi. pathetic.",1,NEGATIVE,0.9677432775497437
975ae61c-9933-4ae9-92c5-3ee19a7d0879,does this app have appealing design,5,POSITIVE,0.9997281432151794
e7195a03-8a69-4328-8ba2-0a0b0b144a26,third class service waited for 45 mins still no one there to deliver thr food,1,NEGATIVE,0.9991711378097534
8c18e0b3-06c4-4584-bd6f-631782e89ba1,nice,5,POSITIVE,0.9998552799224854
18faa952-1752-4396-8cac-f86c820ccee9,good,5,POSITIVE,0.9998161196708679
90b72b11-da7c-4eed-a8bc-b0c3063d5c62,mene ek pizza order kart tha muje laga ta ke 69 ka order 100 se upar hi chala jaega lekin jab maine dekha ki mera order 71 ka ho raha hai to bhai mujhe dekhkar hi maja a gaya itna sasta to toing app per bhi nahin hota aur itni raat mein pizza khakar maja hi a gaya tumhen rating 5 out of 5 dunga thank you swiggy 😊😊😊,5,NEGATIVE,0.9893383979797363
a7e3a019-cd83-4008-bb5a-bd4084fa8aa0,"i mistakenly order a medium size diaper in swiggy instamart, i'm sorry for that. actually i want large size for my baby, and i ask for return or exchange. i didn't even open it. i request for that, but they said they can't. really i feels like, i'm ordering always in instamart and this issue they can't help me. i don't know what to do with this medium size diaper! really feels very bad.",1,NEGATIVE,0.9996786117553711
65dbd904-0b80-4795-9706-2f6b56c164f9,good,5,POSITIVE,0.9998161196708679
0978cbb4-2f65-4b57-92d1-380ceb3b8c8a,"worst selection option , 😕",1,NEGATIVE,0.999805748462677
278e2739-803c-4f1f-a45c-5a24c56eef16,bad,1,NEGATIVE,0.999782383441925
f7071bc7-3a1c-44f5-8dcc-c27ef53025a3,super,5,POSITIVE,0.998783528804779
1d81c092-88bf-497d-8972-26838d7b1986,"better not to install, delivery time keeps extending, delivery never happens, you have to cancel the order or just keep seeing extended delivery time.",1,NEGATIVE,0.9953849911689758
83d2b1fa-ac8b-41e6-95fd-ac7caec08921,nice 🙂,5,POSITIVE,0.9998424053192139
60e1166b-52e1-4ec9-9245-607ffb8b2fba,auto submission of otp when i didn't want to go ahead. click to stop submission button did not work!,1,NEGATIVE,0.9997829794883728
b87ee8bc-3fd3-4f91-80c2-d29a5c5816d2,bad app,1,NEGATIVE,0.9997212290763855
054b35d4-f366-45de-b46f-762c446bfa49,"literally got crashed eggs case and wet notebook, no resolution provided. unprofessional delivery agent and support agents.",1,NEGATIVE,0.9998038411140442
c3592bf8-4180-4c65-aaa2-f8d870cafe30,very poor service... deliver spoiled packaged items like pepsi can and don't admit the complaint .. worst service,1,NEGATIVE,0.9997397065162659
d437c2dd-125d-4f32-9e4a-358b087ba154,superb,5,POSITIVE,0.9998656511306763
47feef0e-96f5-450f-8afe-74abbeca290a,good,5,POSITIVE,0.9998161196708679
7be8ad72-fa82-4c6b-8fb5-903a1d7ce39e,"when i order something, the help option is not working... annoying",3,NEGATIVE,0.9997754693031311
08929b14-f367-4e49-baaf-185c903545a3,i love swiggy ♥️,5,POSITIVE,0.9992920160293579
d7961752-ff39-4831-99ce-e0195cb046b3,fast service,5,POSITIVE,0.9991244673728943
25e4b1c9-8ec3-4d6f-9290-af68626f75d2,worst service ever. so i have an order from grameen kulfi that says preparing for more than an hour. there is absolutely no customer support just a bot you get connected to. i cannot cancel my order either they want the entire amount as cancellation fees for no mistake from my side. the restaurant isnt responding to calls and the delivery executive is left clueless by the restaurant partner there is no help just frustration,1,NEGATIVE,0.9991968274116516
a602e737-9b75-4e26-a8e2-331a87d8003b,"very bad ,i booked for 40% discount,but end up pay full amount , the app i book was 40% discount in around 12 pm for 2 person dinner in persain darbar andheri ,but when payment bill ,no discount is showing,feel cheated",1,NEGATIVE,0.9958283305168152
9e61f0b9-3a93-430d-a43f-c181bd69a965,good,5,POSITIVE,0.9998161196708679
f7484d8c-ee8f-4f14-ad2f-5d931fca560b,"worst food delivery app tbh, i had 194 rupees as a reward but when i tried to order something it vanished and never showed again... worst experience.",1,NEGATIVE,0.9997630715370178
d4596c3d-2e28-408a-8a6e-fe5038401c0d,why my 180 free cash is not applicable i want to ordered a cake for birthday and i selected the cake but the free cash is not add in that pls do something fast 1to2 hours pls today is my father's birthday pls help me pls do something in 20 min 😭😢 sir..,1,NEGATIVE,0.9974527955055237
d26120c5-b676-4308-a923-6ce517bd1b61,very bad experience,1,NEGATIVE,0.9998032450675964
b17609b5-ede1-43e8-81b6-6f87fb3e5ee8,bad experience. i had ordered a birthday cake to surprise my husband but received a totally damaged cake. swiggy spoiled the birthday surprises😌😌,2,NEGATIVE,0.9995267391204834
0cce2feb-e0d3-4551-b9dd-db93469cd743,"fake delivery time line. observed many times , they even don't have the basic sense about time. if possible i could have given negative rating. please close your services bloody cheaters",1,NEGATIVE,0.9997047781944275
0bc45e99-4914-414c-bce1-a3ee6d9ca092,waste of time they will play with us .i have ordered an sweet and the time was showing 10 min but after one hour still the order haven't received then i tried to cancle my order but they didn't cancle my order they will not give u proper service,1,NEGATIVE,0.9988662004470825
f9df7806-3952-402e-9e03-444f1ea10da1,good,5,POSITIVE,0.9998161196708679
36e343d8-d406-4ef4-9c0a-73f464b135fe,good,3,POSITIVE,0.9998161196708679
cfcfe76a-5de0-4478-9219-4cf67dfccabb,good,3,POSITIVE,0.9998161196708679
ed1e4eee-d5fd-4213-bf81-a8293eddfc17,very disappointed... i have ordered at 8.30pm but could not get 10.30still . and no one is replying neither given my amount back.,1,NEGATIVE,0.998519241809845
66e182c5-e800-4e2f-ab5d-a2dccb1013c8,very good,5,POSITIVE,0.9998520612716675
e49ab7e4-0185-4c26-8b1c-dfcbce8fcaf6,genuine if wrong order they or not given food properly they will resolve the query,5,POSITIVE,0.9875955581665039
aa1f03e9-9ec0-460b-95a0-3dc0e55c6a27,glitch bhaut jada hai,2,NEGATIVE,0.977698802947998
7f17d464-bfa5-438c-b75d-efe275d2c187,good,4,POSITIVE,0.9998161196708679
ee9a36e3-71e4-4d25-bc81-aff3864739c9,very nice,5,POSITIVE,0.9998563528060913
29de37d3-74df-4f94-9a6e-b5f18b27c538,"the swiggy app is a total scam. i placed an order and spoke to customer care; they cancelled the order, but i haven't received a refund at all. this app is a complete scam. 👎👎👎👎🤮🤢",1,NEGATIVE,0.9994308352470398
96bc35ee-079b-490c-b9cc-778f79375528,worst app i have ever used,1,NEGATIVE,0.999786913394928
a2a88e4f-ec53-4824-8ea8-3d44504fe2c3,my order is cancelled by swiggy . i guided delivery agent for address but i think due to poor knowledge he cancelled my order without finding the address. which is easily searchable in a govt approved colony. i couldn't understand why they don't find the address after guiding them. after next order the delivery boy easily find my address. i think the problem was the poor knowledge of 1 one. without knowing the problem swiggy cancel my order and charges cancellation fee. disgusting service .,1,NEGATIVE,0.9993056058883667
f3c253aa-53e5-4545-9f2a-31598e84a1ae,ok,5,POSITIVE,0.9997851252555847
04f56fdf-3060-42ae-9def-d26ee8668a9d,good,5,POSITIVE,0.9998161196708679
0215350c-e8bf-419c-a422-e08802899729,good 👍,4,POSITIVE,0.9998576641082764
dece1400-f8d8-41ef-b10b-01e159f386c1,much time taking,1,NEGATIVE,0.9546125531196594
861f134d-58ac-4ace-b722-a01c71a25fa8,fraud app,1,NEGATIVE,0.99826580286026
2f41ff4c-13c2-4586-8887-0cc0c462a182,"1-star review worst experience ever with swiggy! my order was cancelled, but my money is still not refunded. they didn't reorder my food and completely failed to resolve the issue. customer support keeps giving excuses instead of providing a solution. this is unacceptable and feels like a waste of my time and money. i will not recommend swiggy to anyone until they fix their refund process and start treating customers properly.",1,NEGATIVE,0.9998120665550232
761692e5-2a27-4f56-9dbe-fe7a8a74a76f,swiggy has become the worst. i ordered fried rice and it turned out to be slate and spoiled. i asked for a replacement or refund and they gave me a 60 rupees coupon and denied for the refund. uninstalled the app now 👎🏻,1,NEGATIVE,0.9997876286506653
58cb49bc-0dec-4068-8902-6b319975a799,ok,5,POSITIVE,0.9997851252555847
bab581d7-4553-4e5d-816d-995ab7ed6545,worst app ever the hotel teams says are worst,1,NEGATIVE,0.9998036026954651
a9f293ee-3d4f-4dc5-9547-ff6f38feec9e,pathetic service,1,NEGATIVE,0.9993935823440552
01795efa-6303-4427-afa2-8f2c6db08e2f,good 😊,5,POSITIVE,0.9998576641082764
dd6c79cf-90d9-43c7-90bb-6f63ac68282c,because this app cannot take cash on delivery on night,1,NEGATIVE,0.9981046915054321
e513e6b1-f336-4fc3-8c08-e4953e690d02,good,5,POSITIVE,0.9998161196708679
d25d609b-a830-4aab-915c-386de3c2d7ce,god jobi,5,NEGATIVE,0.9885237812995911
4e3ca8ff-b359-48f9-be4b-545c31b58dd5,fraud app,1,NEGATIVE,0.99826580286026
17b7da91-ba3b-4445-b04b-03fddae074da,good,5,POSITIVE,0.9998161196708679
e23fc2ea-e77f-411e-bf64-c64ff851f9d8,worst,1,NEGATIVE,0.9998016953468323
b6828684-56c1-457a-84d1-9019ab050113,"this is my last order from swiggy, itna pareshan karte hai ye log, 2 ghanta wait karne k baad bhi bolte hai, order will reach you soon, this has happened many times to me in the city like delhi where i live. mood off ho jata hai coz of swiggy delivery partner itne bekar, fraud karte hai taki order cancel hi jaye",1,NEGATIVE,0.9953175783157349
e96164c3-6ad0-443b-92b7-c5ef3e913a4d,wonderful,5,POSITIVE,0.9998772144317627
689de608-58a4-4619-97e5-d306d7e9b71c,good service,5,POSITIVE,0.9998499155044556
d88491e9-7477-41e6-982d-ad0b6b8a5c07,"the delivery experience is nice and pricing and quality is also satisfactory .. i would just like to request the management to add more items like mother dairy pro milk, etc. and also an option to cancel the order at least for a minute or two duration , sometimes order can be faulty or needs to be cancelled for some other reasons and the app does not provide a window for that.",4,NEGATIVE,0.6842132210731506
4cc009c2-c313-4562-88b2-5e02f44bc93e,best app,1,POSITIVE,0.999686598777771
9adccdf4-71c9-4bd4-9ab6-4b043450ee7b,"i was excited when swiggy introduced the buzz free cashback program and actively participated in it for the first 3 days. unfortunately, the program was discontinued very quickly, and even the rewards i had already earned were taken back. that was really disappointing. it feels unfair to encourage users to participate and then remove the benefits without a clear explanation. i hope swiggy improves the way it handles promotional campaigns and honors the rewards users have already earned.",1,NEGATIVE,0.9991924166679382
ca135de2-15bd-4c33-8768-d7aab762442d,mst accha lga,5,POSITIVE,0.9023367762565613
fb9c40a6-9e73-42f1-a3cc-2d598ab1a741,good 👍,5,POSITIVE,0.9998576641082764
ba701ad4-4c8e-4901-af36-f25b6aced293,offer de kr withdraw kr leta h 30 days ka offer de kr logo ko lalach deta h dhokhebaaz swiggy,1,NEGATIVE,0.9986801743507385
67a68954-b06a-4dee-8030-7bed46104586,very good,5,POSITIVE,0.9998520612716675
5cd59b2c-5a99-4d54-a5c0-b85b8dd29057,took away my free cash for no reason,1,NEGATIVE,0.9996287822723389
b41fc4de-a7be-4b78-b014-dce38d5b5c98,very good,5,POSITIVE,0.9998520612716675
b1fe26ef-f075-427a-8e70-0bb7d0eaf7da,good,5,POSITIVE,0.9998161196708679
9a40544c-9e5a-4637-bb0c-2978dc31066f,fake claims!! don't make claims which u can't uphold(buzz).,1,NEGATIVE,0.9981484413146973
c068dfb9-3d0e-479a-826e-4e43aac9e03d,nicee🥰,5,NEGATIVE,0.6970565915107727
be55f960-ed71-4aea-a06a-78a14ee64f84,good,5,POSITIVE,0.9998161196708679
7e4a6e18-d98d-48b9-9b0e-e865996a7d64,good,4,POSITIVE,0.9998161196708679
5ff31fdc-a591-4e01-a352-3118f5e1fb3e,"i've been a loyal swiggy customer for years with swiggy one membership and swiggy hdfc credit card, yet i received spoiled food. customer support was unavailable when i needed help and no proper resolution was provided. food safety and customer service have seriously gone downhill. extremely disappointed.",1,NEGATIVE,0.999634861946106
3ec8b68f-03df-4a3c-8f72-49335ab6893e,"quality of service has been significantly damaged. very poor customer service, very delayed response and delayed deliveries by the restaurant.",1,NEGATIVE,0.999762237071991
0c6c555b-621b-4480-988d-7b412680b3a7,offer de kr wapas withdraw kyu kr lete hoo,1,NEGATIVE,0.9986391663551331
0762bb04-44ec-4f7e-9734-31cbbcc91c02,very nice 👍,5,POSITIVE,0.9998577833175659
92fd2d79-6ced-4757-a229-283cef4ed156,good,5,POSITIVE,0.9998161196708679
39f25c32-ba23-4b3c-b46c-75edd23e8f11,nice,5,POSITIVE,0.9998552799224854
0fb6d097-1cd4-4461-b7b8-18fa3cf314f0,good job,4,POSITIVE,0.999835729598999
f09fa821-ac16-41fd-b77a-fb99dbfefc98,fraud aap,1,NEGATIVE,0.999016523361206
8ad9dc1c-28fb-4fdd-94dc-967520fbf7e3,good 👍,5,POSITIVE,0.9998576641082764
5b89187e-79d7-4caf-85e6-6aa9c71d52c5,yah bekar app hai isase mangaao kuchh aata kuchh hai aur uske bad koi samvida nahin hota samasya ka,1,NEGATIVE,0.9911823272705078
5f03e403-e7cd-4dab-8e6c-6be1fb2b72bf,very slow delivery,2,NEGATIVE,0.9997569918632507
26edf291-79f5-44cd-bfda-4e740680c993,highly conservative approach to extract money from customers,1,NEGATIVE,0.8637303709983826
0b8759c1-da1d-48ad-94bb-b2161c51095e,excellent,5,POSITIVE,0.9998434782028198
e20a34d6-8286-4649-92bf-6e44622ef1ec,maine swiggy se order kiya tha. pichle 1 hour se wait kr raha tha mera order kab aaiga. order to aaya nhi or order delivered dikha raha h. totally money scam h. m consumer court me eski शिकायत krunga. customer care par call kro to receive nhi karte... 2 hour bad bolte h ki aapka order cancel kr rhe h...fraud app,1,NEGATIVE,0.9993318915367126
a84b2059-4728-4acb-8b21-850f494bd0f3,what a shamful act buy you in buzz offer totally dispointed,1,NEGATIVE,0.9996095299720764
de2d1679-878f-47e7-b55e-23333befaba7,excellent,5,POSITIVE,0.9998434782028198
b3c0eba8-60cf-4604-9d80-7b5a95d0e30d,"hello swiggy team, i had ₹308 free cash from the buzz offer, and it was removed from my account before its validity expired. this is very disappointing because i earned it fairly and expected to use it within the valid period. please investigate this issue and restore my ₹308 free cash as soon as possible. if it is not restored, i will be extremely disappointed and will consider not using the swiggy app anymore. thank you.",1,NEGATIVE,0.9983160495758057
aab46e7f-fc76-4632-bf91-651daa8fcb04,very good,5,POSITIVE,0.9998520612716675
95bc941d-95c7-44a4-b2bb-9d23f58bb32d,nice,5,POSITIVE,0.9998552799224854
21f12f46-c16e-4b62-ae9f-3064822c2e70,"after using zomato for many years,i downloaded swiggy because of buzz streak offer and hoped that i will give a try , but as always swiggy played games with us and wasted our time , such a shame to disrespect their own customers , if you can't then dont give such offer!!!",1,NEGATIVE,0.9996423721313477
64ba7cfb-b5a8-4c53-99f9-51c7e7cbe191,useless app ate all my free cash from buzz streaks,1,NEGATIVE,0.9997289776802063
bab6f332-3ecf-45a3-bda1-53a63deb4755,nice,5,POSITIVE,0.9998552799224854
1fefbcda-10c7-4997-935e-5f3a79095844,charging unnecessary high restaurant and gst charges,2,NEGATIVE,0.9982777833938599
f7b2c68c-b649-48a5-8f91-d7f23a51fb06,worst in the market ... fake coupons n promises there a lot in this app,1,NEGATIVE,0.9998113512992859
2fa6af49-8cfe-471c-ac44-7342398d60b5,bro the food is 🤮. but when i want to review it then it is not showing that i have ordered 🤬.,1,NEGATIVE,0.9955655932426453
77c6058e-8258-46f1-975b-16e83e83954e,"you gave buzz free cash and stopped in the middle of the campaign, which was a waste of time and effort.",1,NEGATIVE,0.9998118281364441
88a4c46e-6f30-4e6f-86b1-de5bc968d5d5,super,5,POSITIVE,0.998783528804779
50af6052-06c4-43bd-a86d-4ea3f3f2afec,"delivery guy took an hour when it showed it will be delivered in 20-25 minutes. all food got cold and stale, has to throw away item worth of 750. use zomato instead",1,NEGATIVE,0.9992013573646545
01fd913e-661e-401f-87ef-b374d3a79d78,best wishes for all team',5,POSITIVE,0.9992212057113647
06ee87d1-e9c0-4049-814d-2a3a9e1dfa18,good,4,POSITIVE,0.9998161196708679
89eba9b9-3966-40e9-b39d-1b9fc883b0a9,delivered wrong food at the most needed time,1,NEGATIVE,0.9982258677482605
97ad29af-2d1f-4656-afeb-8b6f0628ce47,superb experience 👌,5,POSITIVE,0.9998420476913452
3996f242-f281-42d6-bbe5-e8d03aa5f0eb,ok 👌,4,POSITIVE,0.9981088638305664
01a3d97b-7f41-4a20-8002-a111a49ab1fc,worst useless app with useless offers wasting time of people will never use again useless app,1,NEGATIVE,0.9996147155761719
9c9dbc33-69d6-4351-9a8d-14edfc0caf5a,good,4,POSITIVE,0.9998161196708679
37fc433a-9eb9-4cc4-8517-c96201229334,super,2,POSITIVE,0.998783528804779
a5ca55e8-8814-494a-9e46-855e839c313e,worst ever firstly they provide offer then all of sudden stop the offer they are just wasting customers time,1,NEGATIVE,0.9998077750205994
33a687ac-d22e-4a33-83da-33172f0c5cdd,excellent work by swiggy well done 👍✅,5,POSITIVE,0.9998373985290527
478acb6d-899c-490c-87df-bfcec97d20ff,excellent,5,POSITIVE,0.9998434782028198
7acc3aea-5d0e-4dc1-a3ed-002268e0b24f,woow,4,NEGATIVE,0.980244517326355
79e5a23f-d4fd-430a-90c8-213109d893cb,waste app of all time . don't download scammed me,1,NEGATIVE,0.9996846914291382
13cb7f17-0407-4f68-9632-3719ff6cff2e,ok,4,POSITIVE,0.9997851252555847
76c60dbd-cab1-4eed-9227-3ffedb4b7da6,conducting event but not gives reward scam,1,NEGATIVE,0.991734504699707
de428309-5fd5-45ac-a2ca-292bd2712f90,waste app other food delivery apps better showing offer but when we redeem it will gone like recent offers my 100 cash auto debited,1,NEGATIVE,0.9978618025779724
2aaf05bd-2ed9-49d0-a131-760c32e462ba,worst app ever costumer service 0 i was talking to them they ended the chat i did get my compensation nor the order,1,NEGATIVE,0.999789297580719
a845d1a8-a84c-4723-b118-07575015e079,"i am goving you review of 1 star because there is no less option than that , you started an event of buzz , then closed it , we wasted our time collecting buzz streaks from others and you just closed it without giving any discount or reward ; our time just got wasted because of you.",1,NEGATIVE,0.9997119307518005
5466d9bc-7ec8-46f8-b6d2-90fd95ba1e92,"you say that my order will be cancelled on the pretext of ""black zone"" delivery address after 45 mins of me placing the same. going forward, if this is the issue, then at least have the decency to tell me on the app that the restaurant is not accepting my orders. at least zomato has that common sense to convey this to the customers.",1,NEGATIVE,0.9983614087104797
761adc13-9e2d-41ce-a6fa-d0a95d390ee8,excellent 👍🏻,5,POSITIVE,0.9998458623886108
2e348363-377f-4497-bded-a22920031e63,"over the span of the past 1-2 months, swiggy has been extremely unreliable and creating issues. firstly, it was related to an instamart order where a phone worth 17k was ordered, prepaid, and then after delaying for 2 hours, they cancelled the order. also, on the food delivery app, similar concerns have risen. while ordering, it shows a delivery time of 25-30 minutes and after placing an order, it shows 50-60minutes.it doesn't even let me cancel the orders.",1,NEGATIVE,0.9982454776763916
925ab4ea-b982-44c2-adce-23a660ae7286,i think you should get the latest location updated,5,NEGATIVE,0.9989125728607178
65d774bd-56d1-4b6a-af16-c626918befa0,worst app took my 181 rs cash,1,NEGATIVE,0.9997443556785583
2cc22f57-3df2-4849-a3e6-d1ed386e4d21,very bad experience coupons and free cash expire without prior information,1,NEGATIVE,0.9994698166847229
fc873d57-9018-4d53-b78d-b669a3b4e091,"worst experience i ordered food from it and paid the money from swiggy money and upi. first of all restaurants gave my order to other delivery agent and later they cancelled my order but gave the refund of the money which was paid with upi but swiggy money was not refunded. now i'm trying to contact the customer support agent i'm not getting any option to contact them, i went to contact them by stating security reasons, but they disconnected the chat and said that we only handle security issue",1,NEGATIVE,0.9994439482688904
d885e9ae-15d4-4bbc-89a0-271e5a9d852b,it is a scam app cheating customers.,1,NEGATIVE,0.9995656609535217
9f4990b2-7bbb-4eca-a9ff-cf4fae17029a,it's good for emergency,5,POSITIVE,0.9991093277931213
402ed71d-c4d8-4650-a80c-964ba07dd68c,bahut hi ghatiya company ho gai hai aapne customer ka paisa bahut loot ti hai inse accha tho zomato hai,1,NEGATIVE,0.9861084818840027
49167843-de75-4911-89e6-2f166549918d,good,5,POSITIVE,0.9998161196708679
2c9c097a-5799-4ee3-a7b6-2aa4c5f3b1e3,fake offers they are scammer,1,NEGATIVE,0.9992358684539795
eccae786-a00c-41c1-afe2-b2bb24233386,"first they will give you attractive offers , but while ordering they will remove those make it more expensive",1,NEGATIVE,0.9963424801826477
4c92ed04-ff90-4a6c-b742-be262ce561cc,very slow and barely any cash on delivery option,1,NEGATIVE,0.9997623562812805
d079ed15-c917-4a8c-b9d3-0c15f25fb8b5,"this app just sucks , well i press view chart app said retry again and again . i have been facing this problem for a while . don't download this app !",1,NEGATIVE,0.999146580696106
612fb049-f2e2-4065-8c4e-b61e43156872,"this app is a scam , they give you the offer and when you going to place the order offers doesn't show ,even i they remove the buzz free cash from my account .",1,NEGATIVE,0.9993501305580139
d058f308-d7f4-4206-acba-27bdcf649395,superb..,5,POSITIVE,0.9998724460601807
125dee32-fe16-4a08-a786-d8bb4f9921ac,very good,5,POSITIVE,0.9998520612716675
c1e68dd1-9529-43da-b948-f1583e6a788c,"worst customer policy: unacceptable cancellation/ refundable policy. my order was canceled after a missed call, despite having an alternate number listed and whatsapp available. you should utilize all contact options before canceling a customer's order.",1,NEGATIVE,0.9998072981834412
4d0fae6b-03b1-4823-a902-e5e93b9adda9,maine offer 99 m saman magaya pura diya hi usless log jab shi s km nhi kar na ata to mat kiya karo iditos,1,NEGATIVE,0.9828861355781555
836e0cc9-a858-4aa3-94fe-e0ff66730860,iss good,3,POSITIVE,0.9998360872268677
0e39064b-e034-4000-a7a6-3129b3369136,good,5,POSITIVE,0.9998161196708679
19ff4b8e-412d-483f-953a-b26e2214bf69,worst app,1,NEGATIVE,0.9997863173484802
070133a5-90c7-4526-a095-f121e81f063f,good,5,POSITIVE,0.9998161196708679
53b5689d-acdc-4671-b074-7a81856d8130,worst app ever using worst strategy to break the streak of the buzz and not able to order anything. if the app doesn't want us to apply the coupons from buzz then why are they coming up with this events. honestly worst strategy to use,1,NEGATIVE,0.9997988343238831
b8b40bc3-9b69-4f8c-a58e-4a08bd02908e,thank u,5,POSITIVE,0.9998247027397156
401a76ad-6e91-4ded-8190-49627064208f,let's see what happens next 😉,5,POSITIVE,0.9950469732284546
d8b63805-09c4-43f1-8ace-81e3b1da5c41,ok,5,POSITIVE,0.9997851252555847
67736db0-b6e6-49df-9a3b-6f3928a32037,"worst deals, taking free cash away",1,NEGATIVE,0.9997826218605042
8c054b05-38c0-4c0b-8685-de93a4e61a13,"worst, useless, scamming offers",1,NEGATIVE,0.9998062252998352
9035c0c6-542f-4c78-830d-07219abb6f4e,worst offer in this app to order food,1,NEGATIVE,0.9997679591178894
71b13174-960e-42eb-8280-0a9c43329199,good,5,POSITIVE,0.9998161196708679
21b793a9-858b-4832-ad4b-e669334dfc87,good,1,POSITIVE,0.9998161196708679
3ceecece-8a04-4919-b995-8727c2bb9a1f,"very very bad experience in koppal swiggy we ordered biryani and tiffins in train very worst customer service and delivery they cancelled our orders without our permission how can u cancel customer care also supporting swiggy boys , but we are the customers losing money only bcoz of ur negligence",1,NEGATIVE,0.999705970287323
e5d084d5-8666-4282-be31-0ef33af2deb3,why removed buzz your friends feature 😔 please bring it back,3,POSITIVE,0.7588557600975037
d4061e30-af9d-4e57-8312-b1824c6718ca,too weak service maine itna time diya swiggy ke buzz wale offer pe socha tha mehnat ka fal milega par sara dooba diya iss swiggy ne buzz wala event hi hold kar diya kab on hoga koi pata nhi ab kon bharosa karega iske nom sence events pe,1,NEGATIVE,0.9992631077766418
fdf8189d-fb95-4780-83cb-a1907a5fe2ca,good,5,POSITIVE,0.9998161196708679
62533624-7c5f-4a70-a823-b287c7119d42,scamming,1,NEGATIVE,0.999509334564209
3aaed1b1-b1f2-4416-9503-7e2230b03b88,good 👍,5,POSITIVE,0.9998576641082764
6b42af18-3440-42cf-8232-a071efcdb89b,best,5,POSITIVE,0.9997941851615906
00408d75-ad78-43a0-96d2-0ff5852c1271,good,5,POSITIVE,0.9998161196708679
0262c15b-bcc5-4631-8207-06753899a9ac,nice app,5,POSITIVE,0.9998061060905457
3c1effda-9d83-4f9b-b257-66886f2b2591,very nice,5,POSITIVE,0.9998563528060913
17dc44f7-3860-4355-8134-b9e59cce897e,"you have not loyal with your customer. you have shown swiggy buzz offer of 1000/- , and now that not showing in the app . and if the offer will come in after few days then still the collective money will expire naa ? so how you have loyal with your offer towards your customers .",1,NEGATIVE,0.998234748840332
2bdfd0f6-b656-454b-ad38-dc31d9695a31,"very poor customer service. my order was delivered incorrectly, and there is no proper customer support to resolve the issue. this has been a very disappointing experience. i am giving a 1-star rating because of the very poor customer service, incorrect order delivery, and lack of customer support.",1,NEGATIVE,0.9998127818107605
13830b38-715b-4317-a590-6d33fb237409,ok,2,POSITIVE,0.9997851252555847
c23f6e8e-3d14-473e-b9ba-64831a64f328,nice,5,POSITIVE,0.9998552799224854
af2147f9-e524-4382-bec6-4e22bdb376a7,not get offer,1,NEGATIVE,0.9863170981407166
d2a500b3-c9f9-40ce-b283-53fe2db88cb9,nice,5,POSITIVE,0.9998552799224854
e502a56e-2a02-499d-937a-1fed248a4999,good one,5,POSITIVE,0.9998288154602051
b4d7015c-ff99-42fd-be17-1b849ef2b946,kabhi kabhi kafi late ho jata hai,3,POSITIVE,0.5598130822181702
6affb516-fb71-4692-a674-b9b83cd1faf0,the app management team and system is very bad .....all of the people give them 1 star,1,NEGATIVE,0.9998093247413635
b58ed07b-6419-4973-8a08-bb570fc8704c,👍 good,3,POSITIVE,0.9998576641082764
8fae4f05-04fc-4288-9d85-51d9fcbc5e91,good 👍,5,POSITIVE,0.9998576641082764
6803e2e9-783c-48dc-8ef6-99b847c78447,good 👍💯,5,POSITIVE,0.9998576641082764
43dea849-028c-464f-963b-9cb295843a07,gud,1,NEGATIVE,0.8956558704376221
dedf0140-05ab-49cc-a7da-e4c55215a9e7,nice,4,POSITIVE,0.9998552799224854
4a407121-afce-474a-b87d-b17a565c2116,good,5,POSITIVE,0.9998161196708679
90381a2b-9185-4520-a319-1dd3651e34ce,good,5,POSITIVE,0.9998161196708679
aa74d850-43e4-4fec-8105-ebdc70dda1f6,offers don't work,1,NEGATIVE,0.9992638230323792
8ce44585-08e1-4e1d-9453-5365e609a99a,bring buzz back,5,POSITIVE,0.997958779335022
1e3cc90a-e84b-4319-857d-669ff4145ffa,canceltion charge 100 % wrost app ever 🤮😡,1,NEGATIVE,0.9987059831619263
af2669eb-a03b-4234-9a76-3a3983d53f9a,bohot bdiya,5,POSITIVE,0.8485756516456604
9c519342-45bb-4944-8d3b-8ed48df90f9a,super 😍,5,POSITIVE,0.9331684112548828
56f8016a-e859-4158-8558-1621724617ab,ok,4,POSITIVE,0.9997851252555847
65ded7e8-c56b-4579-9fc8-5b1ec72fc00f,okay,4,POSITIVE,0.9997709393501282
b776ff6d-7df3-4b43-b597-ffdf696855d1,nice,5,POSITIVE,0.9998552799224854
83e20c0f-6df2-4b1b-9072-d6c963179f4d,super 👍,5,POSITIVE,0.9331684112548828
b3e502c7-14e5-42cf-9510-181192bea042,how can they suddenly remove the offer in buzz event???! atleast should have let use the money we collected?,1,NEGATIVE,0.9997217059135437
b032d5a2-2e81-43a2-a4fc-be4482d9520d,very bad services,1,NEGATIVE,0.9997515082359314
1cdea851-57d9-4392-b5e8-09857a41c16f,good 👍,5,POSITIVE,0.9998576641082764
14ccfc66-a813-42da-9599-2a8a97c30982,i was using buzz now its 2nd day it was not opening today,1,NEGATIVE,0.9987550973892212
ad405191-158e-4601-8125-75bdc1e65510,this is very nice app and halp full to by sum think,5,POSITIVE,0.9989258646965027
b9c69c31-e2fd-466d-a2a9-5292b7d5e71f,the worst sistem order has been picked one hour before from the restaurant by the delivery boy but delivery boy is telling still he has not received from the restaurant restaurant person confirmed order has given to deliver boy one hr before,1,NEGATIVE,0.9992784857749939
7e82a786-ca6e-433b-ac4b-4f7b55e3253e,good,5,POSITIVE,0.9998161196708679
e420c7bb-a899-45ff-9e8a-ea99681c3c9e,best,5,POSITIVE,0.9997941851615906
140b8196-a12d-40eb-8402-a6623e5fae96,good,4,POSITIVE,0.9998161196708679
18cb5b20-caaa-4df0-aae4-acc6117210cd,"why suddenly stop the buzz features. i have had so much fun with my friends making streaks, but the promised buzz feature suddenly stopped.",1,NEGATIVE,0.9987697005271912
74a1df84-311c-4159-986c-5bdd79a435a0,good,5,POSITIVE,0.9998161196708679
dc17398c-b53e-41da-9510-b6b6b9d8df57,very good,5,POSITIVE,0.9998520612716675
5d732421-c9dd-47f4-a5c0-01107bfbe0a9,nice 👍 🙂,4,POSITIVE,0.9997424483299255
142c8c77-cbf2-4300-87ac-384eb3b0f132,always great food partner,5,POSITIVE,0.9998700618743896
6e8c2257-b685-43d6-b059-bd4f69790e12,very very poor app . fake offers fake discount . i am telling the truth it is very worst app .also stealing the money .,1,NEGATIVE,0.9998067021369934
1b7eea64-1903-4d00-9b9b-e04482666f89,nice food and options ramen,5,POSITIVE,0.9998512268066406
7d9366fe-5518-415e-b9b9-7d0d8bd4d55d,good,5,POSITIVE,0.9998161196708679
0e1424d1-6b4e-4b30-9974-ed557ada07fe,it's a very use full app,5,POSITIVE,0.9948903322219849
86b883c1-8636-4664-a5bd-9ab791e11113,good,4,POSITIVE,0.9998161196708679
1489d8c7-5f19-428f-b231-6076190770a4,nice,3,POSITIVE,0.9998552799224854
e3c38e2a-6575-4d1c-8808-84c2ee955536,good,5,POSITIVE,0.9998161196708679
7305d4d7-5a34-4f7f-879d-7d1ee73ba9dd,fast come,4,POSITIVE,0.9980085492134094
4f5e1d1d-3a23-4ab4-9076-219817670393,great,5,POSITIVE,0.9998630285263062
c159aa1f-23bf-4dd8-afba-21b4db65280c,good,5,POSITIVE,0.9998161196708679
6a306b0d-0e90-4acb-8dae-53a0dbcf56bc,good,4,POSITIVE,0.9998161196708679
76835d2e-70c9-4cb1-aa0f-26548e42cfa3,payment done still looking payment due,2,NEGATIVE,0.8117367625236511
7a58399b-b91b-414a-9532-174d7d432fb7,jordar,5,POSITIVE,0.9961129426956177
9ed95cae-40fe-4c55-8466-d4e6d6f93488,user friendly and variety of products available,5,POSITIVE,0.9975511431694031
c1d3469d-c9ec-4826-96be-c5af7baf8047,good 👍🏻👍🏻,5,POSITIVE,0.9998576641082764
26fc206f-280b-4265-b6a1-af3c0417f27b,very fast 😄,5,POSITIVE,0.9985419511795044
886ce73b-529a-4682-8a17-5a5c85425ef5,excellent work,5,POSITIVE,0.9998515844345093
95dc3848-7927-4759-a2ee-853859e7ab4f,they better reimburse the free money into our accs 😤😤😤😤😤(they removed buzz and the money we had made that we could have taken discount off),1,NEGATIVE,0.9995539784431458
7e4bff83-1d95-4b6e-b08e-bb71ef3697c0,good,5,POSITIVE,0.9998161196708679
bf90378e-a9cf-4a95-9210-b6648325bc43,good,5,POSITIVE,0.9998161196708679
c517c88d-f173-44e4-aeb7-2acfd81ca650,"restaurant had forgotten to pack an item and when i got to know about it, i tried to contact the customer care. they took so long to join the chat. i had ordered 2 crispy chicken burger meal and 1 veg makhani burger for me and my friend but he had finished eating his meal and i was looking for my veg burger. when i contacted customer service for missing item, he had already finished eating. couldnt post pic of food. customer care thought i am fooling them. worst service ever.",1,NEGATIVE,0.9997790455818176
9e897eb0-8946-4e04-96cd-e5b9e82e8a17,tnx swiggy,5,NEGATIVE,0.9971000552177429
8d6c941d-3c6d-4721-8599-209d137a3a7a,best hai 🤗,5,POSITIVE,0.9993498921394348
4e253889-12ed-4ba1-bb17-2e9ef0ee6725,great,5,POSITIVE,0.9998630285263062
7310cc8f-b0a0-41ee-8597-b743fe8d41de,worst food ordering app,1,NEGATIVE,0.999792754650116
d6138ffc-5c0e-46b9-9356-48ecda27ca3d,worst service.... always inordinate delays whether instamart or food delivery... customer service sucks after waiting for so long they simply telling we can cancel your order without resolving the issue and improve service.... never recommend,1,NEGATIVE,0.9998219609260559
ff6ece09-73da-4b54-875b-598d4b911b5b,soooper during rain.,5,NEGATIVE,0.9951928853988647
fc7470de-27b4-4b11-a340-3d0a8fa5a46d,swiggy provide fake events like buzz back events and very bad charge extra rupees i want to give 0 stars 😡,1,NEGATIVE,0.9992204904556274
9299d659-0b8c-406a-846d-bdcee7a47e2d,superbbbbbbbb,5,POSITIVE,0.8789718747138977
50520de4-e9fe-43c9-be12-b98497174f47,swiggy buzz is scam,5,NEGATIVE,0.9997105002403259
902516b3-8eac-4cf7-bbc6-f8953c808e37,love pizza,5,POSITIVE,0.9997071623802185
0db92cfd-b60f-4ff6-868f-ae7a1988e7a1,good,5,POSITIVE,0.9998161196708679
ec173eff-227f-4ee9-a7e9-746820c64ae5,nicee app,5,POSITIVE,0.9976958632469177
c0431fa2-6371-42d1-ae0c-f86763f87913,gave buzz offer for a month but closed it in 3 days . swiggy scammed millions of people in the name of buzz offer . zomato is way better,1,NEGATIVE,0.9972819089889526
f1002ecf-70d5-40bf-b598-1eafb02cd3c3,i love it,5,POSITIVE,0.9998799562454224
59996138-a793-4a31-8364-8ee485bc37ef,very good,5,POSITIVE,0.9998520612716675
2514c5dc-1b84-44ae-a927-96d3985fb604,all items double price,1,POSITIVE,0.664416491985321
af033bba-635c-418d-903e-fd8ea4423caf,super mart,5,NEGATIVE,0.6061116456985474
f83ae0c8-47c8-45e1-a0e1-c8b8b9bec344,good app.,3,POSITIVE,0.9998503923416138
f722ae76-53f4-4bce-9181-e380a4f889e3,good service,3,POSITIVE,0.9998499155044556
efa65f18-f272-4d44-a6c2-5e95b525d57a,buzz offer me mehnat krwaya. fir khudki marzi se end kardiya. shameless,1,NEGATIVE,0.9965157508850098
a7ad346f-a11c-438b-b0d3-3db5b193aad2,super,5,POSITIVE,0.998783528804779
f4ba7be3-fa06-4f6f-9be4-d10667d6d76c,nice,5,POSITIVE,0.9998552799224854
be78ed0b-3d90-4791-a4a0-32450acdaa29,"poor user experience. promotions should not be canceled after users have already participated. it feels unfair and misleading. if you cannot honor a campaign, don't launch it in the first place. i expected much better.",1,NEGATIVE,0.9993593096733093
ca8e9e8e-161a-44ad-a557-e9d677baa516,good,5,POSITIVE,0.9998161196708679
0b20e13b-7e58-4b42-bab8-9cb8e8552800,delivery time will late as mentioned.,2,NEGATIVE,0.999103844165802
9c2d236a-a2f8-4537-8bcd-8d52624912fc,good 👍,5,POSITIVE,0.9998576641082764
37e38af4-2241-4b05-b5de-e0387c1dafca,good good app,5,POSITIVE,0.9998588562011719
34a50521-dbf2-408c-b010-563e1663c130,good,4,POSITIVE,0.9998161196708679
920d3be5-a042-4ea4-979d-087cd04c945d,bada bakwas app hai offer deta hai fir wapas le leta hai,1,NEGATIVE,0.9952707886695862
bcbc5e42-4787-4fd9-8eaf-8b997b0baf31,thank u,5,POSITIVE,0.9998247027397156
69fdf223-74f3-4d58-b79c-6b6a12990ce3,waste performance,1,NEGATIVE,0.9997660517692566
8f07fd8e-a2b1-48e2-9eae-2cfe1f9d97f7,"very disappointing experience. the referral event was promoted with attractive rewards, but it was canceled unexpectedly. many users spent time inviting friends and participating, only to have the campaign end without clear communication. if you launch a promotional event, it should be honored until the announced end date or participants should be compensated fairly. i hope the team improves transparency and treats users more fairly in future campaigns.",1,NEGATIVE,0.9992662072181702
a8b7846d-d1af-4522-a7a8-607cb5d55cef,ok,4,POSITIVE,0.9997851252555847
582588ca-ddaa-4682-b788-f3dc86738151,customer support will not respond worst service,1,POSITIVE,0.601539671421051
c7bfaac9-85c8-4923-b5ac-e820fdbd6ff3,"they won't even let you cancel the order, even within 10 seconds of placing it!",1,POSITIVE,0.9949992895126343
9b67481d-4e53-4659-8a59-66c9516c5ee3,good 👍,5,POSITIVE,0.9998576641082764
52157120-55a6-49ae-973f-ad40c2b9fe1c,good,1,POSITIVE,0.9998161196708679
de54d18a-998d-4187-ae04-a07a215dbe87,good,5,POSITIVE,0.9998161196708679
8ab8d98d-a8ca-46a1-a3cb-95b96737b2c3,better app compared to other food delivery app,4,POSITIVE,0.9933116436004639
196fc704-0eea-4d2b-a39e-d60d57167785,nice service. and good food,5,POSITIVE,0.9998724460601807
cc0a6059-2548-4ed2-80e9-7bc2b3bcb3c3,better than zomato,5,POSITIVE,0.9993682503700256
c27e2a09-f150-42cc-869d-a31cb63440a6,good,5,POSITIVE,0.9998161196708679
4311dfa0-0084-435c-8c46-13c35c4a172b,nice,4,POSITIVE,0.9998552799224854
26819980-128a-4604-b3ef-9d610d5534d2,great,5,POSITIVE,0.9998630285263062
7c3570a0-9c1f-4f45-8c7a-60cf0124a7c9,not working coupon code,1,NEGATIVE,0.9997996687889099
44a3d86b-fa14-4e82-9001-51a2427d240b,what a service they have given to users ! ordered mushroom do pyaza and delivered paneer sabji. charging 4 times but giving 1/4 quantity. half chow mein was half of half.,1,NEGATIVE,0.9975169897079468
8f6437c3-7799-4422-87ef-117c8dd3cefb,ok,2,POSITIVE,0.9997851252555847
8a5d9211-4d48-4753-8c54-86a722012b07,time bhut lagta hai or mehnga bhut hai,3,NEGATIVE,0.947063684463501
4cbd8189-a5b8-48fd-a462-0df241c91ec2,"i have been a long-time swiggy customer, but my recent experience has been extremely disappointing. my order was delayed and arrived cold, but what disappointed me even more was the grievance process. despite reaching out through swiggy support and even their official grievance channel, i received only repeated template replies and eventually no response at all. very disappointing. the disappointment is multifold because this is not an isolated bad experience. order id & mail trail sent to u.",1,NEGATIVE,0.9994495511054993
b7b652b4-3c62-49dc-babb-b586822c8a76,best service nd best product..,5,POSITIVE,0.9993521571159363
1cdc7f7b-2bf3-4a1a-8074-a8ed664f5275,mid,4,NEGATIVE,0.9892596006393433
ec9b6ca4-19eb-408f-a51c-96f295501f3e,scamed buzz,1,NEGATIVE,0.9735119938850403
9283655f-d55a-4e66-bc61-eabea3a07852,good good,5,POSITIVE,0.9998282194137573
b06d6101-58a4-48b6-98f7-ff04c33e530d,service is very bad and the help section is all ai and it doesn't help at all.,1,NEGATIVE,0.9996740818023682
6cdb1222-2d57-4149-8411-794d2280f018,ok,5,POSITIVE,0.9997851252555847
89eaa721-3211-4fa1-93d2-d9ef2c254664,very good app,5,POSITIVE,0.9998675584793091
9388dc66-8323-420e-a420-1f69129085e3,ok,5,POSITIVE,0.9997851252555847
151217a2-110a-4e1c-8d76-09d7f9a15f06,good,5,POSITIVE,0.9998161196708679
fb9f8ffe-143e-415a-8528-541659037afb,best,5,POSITIVE,0.9997941851615906
7d8bf75b-c0d4-4801-acc6-342a8387b85f,super,5,POSITIVE,0.998783528804779
729705d3-eaa1-487f-baa5-be0063e46225,very good 😊😊,5,POSITIVE,0.999870777130127
0db4a603-98c3-495e-8c57-a36112fd8c25,good,5,POSITIVE,0.9998161196708679
9411aa7f-ceb6-41cf-93fc-40c9fe07e40f,super nice,5,POSITIVE,0.9998655319213867
5a6a0bc3-ba2e-486b-93d1-e82064d7314c,nice,5,POSITIVE,0.9998552799224854
25b58f08-19d4-496e-98cb-9ad04447beb1,ok,4,POSITIVE,0.9997851252555847
88d776d7-d6eb-4aee-84ca-b36886afa54e,"very poor service by swiggy. i placed an order yesterday, but the delivery partner never picked it up. after making me wait for 2 hours, swiggy canceled the order. the app said the refund would be processed, but customer support is now saying the rrn is not generated and asking me to wait 15 days. this is completely unacceptable. if you can cancel an order instantly, you should be able to process the refund quickly. very disappointing service and terrible customer support.",1,NEGATIVE,0.9997852444648743
53aab559-97af-4152-8157-f15e41cbea04,good👍,5,NEGATIVE,0.6970565915107727
c4b62952-bc59-481e-8260-a012de70641a,good,4,POSITIVE,0.9998161196708679
12ffef94-788d-4700-b5fb-30adb383328c,good,5,POSITIVE,0.9998161196708679
d517a577-c35b-4abd-92f0-8f6153ff09e2,wow,5,POSITIVE,0.999592125415802
7fca2368-ef00-4d2f-909b-b4aadc7db8f8,too slow,1,NEGATIVE,0.9995005130767822
ca67fdc3-2452-4486-8d7f-4fb364a2e36e,best,5,POSITIVE,0.9997941851615906
07a58af4-91b0-467c-82ac-29c5d5d824a9,0 stars ....i wanted to cancel my order i tried twice bc the delivery timing was clashing with my classes but the order was never cancelled.....the delivery partner was requesting me to pick up the order..if he cancelled it it would have been his loss.....and then zero customer support....and no feedback at after the rating of the order....very much disappointed,1,NEGATIVE,0.9996761083602905
c1a7b951-ccde-4dea-9921-7985ca609735,great 👍,5,POSITIVE,0.9997692704200745
1d2e5a08-e01d-415f-94e9-721214772ba6,not even worth for one star worst delivery app and services,1,NEGATIVE,0.9997933506965637
63cdc212-62a3-4057-a226-8d4d11167dec,super service,5,POSITIVE,0.9962215423583984
682ee9ea-8982-4900-938e-e928a1eb29a4,"put in a new offer scheme that lasted for one day called ""buzz"". so what did you do that for? for nothing, because it got removed. i guess you wanted to act like you would give rewards just so that people could share and give more exposure to swiggy and then not give the reward you promised. shame on you, swiggy.",1,NEGATIVE,0.9996306896209717
f50a5144-cc54-429f-a9d7-a6837b235ebd,good,3,POSITIVE,0.9998161196708679
d52fb2d1-abc7-422c-af36-28bf6872d45a,good,5,POSITIVE,0.9998161196708679
fe76d622-0173-41b0-aa2f-fb98489f4bde,handling fees is extra,2,POSITIVE,0.9883275628089905
b91f3245-254d-4546-920e-9782fa58b995,"⭐☆☆☆☆ extremely disappointed with swiggy. they withdrew an offer before the advertised end time, which feels misleading and unfair to customers. if you're going to promote a time-limited deal, at least honor it until the promised expiry. this kind of practice destroys customer trust. very poor experience, and i'll think twice before ordering through swiggy again.",1,NEGATIVE,0.9998124241828918
86e678e9-7879-4b5d-93ac-5e60c5d5dd5b,best service,5,POSITIVE,0.999809205532074
3b03bd20-0902-477a-be72-61c72656de01,good for food delivery,5,POSITIVE,0.999821126461029
24bc3e8d-2758-44b1-8eb9-276b54094e16,good,5,POSITIVE,0.9998161196708679
fbd59840-22c9-47c9-b813-83db8ff2bbe6,"its pathetic to get a rotten chicken home and 1 hour still no relsoution , i ordered items for 1039 but i was on call for 1hr 20 min still no relsoution and pathetic is not be the word to send rotten chicken home , the order was place in anandnagar bangalore from swiggy insta mart wow the person aman team manager says 50 wilp be refunded as compensation which i dont want and asked them to keep the 50 as customers are not beggars but we asking for fresh food to be delivered",1,NEGATIVE,0.9984947443008423
68df556a-5fca-4224-8cf5-e3d34d350349,good,4,POSITIVE,0.9998161196708679
62835cad-b1de-45f2-9f2c-46c8d7978b2a,worst experience i have faced in this app,1,NEGATIVE,0.9998082518577576
d6e99c34-e380-4ad2-98df-d8aa083aed69,good,5,POSITIVE,0.9998161196708679
d35454fb-1fb7-4377-9f80-ee33de9a6b40,waste swiggy,1,NEGATIVE,0.9997960925102234
c8527cb2-d2e9-4516-b106-e5d36778ad38,good 👍👍,4,POSITIVE,0.9998576641082764
aa263567-33c2-47d5-9609-d8a360f1b1c9,good,4,POSITIVE,0.9998161196708679
2773e5d0-e076-4e4f-b028-e8ec975aff49,"swiggy's referral offer was very disappointing. the company promoted the offer, but it was removed within a few hours without any proper notice. many users spent time inviting friends and then received nothing. this feels unfair and misleading. a company should honor the offers it advertises or clearly communicate the terms. very poor experience and a loss of trust.",1,NEGATIVE,0.999738872051239
7ab54531-0a53-4feb-a942-63554ac350f5,total scam.....jab smbhlta nhi hai to offers nikalte hi kyu ho....do din me buzz wala drama band krdia 30 din ka bolke,1,NEGATIVE,0.9987149238586426
5e256229-35fe-443a-be99-0bae4d2c86dc,"i am disappointed with the offers on the swiggy app. many discounts look attractive at first, but they come with too many conditions, such as minimum order values or limited payment methods. some offers disappear during checkout or are not applicable to the restaurants i want to order from. compared to other food delivery apps, the savings are often lower, while delivery and platform fees reduce the actual discount. this makes the offers feel misleading rather than beneficial. i hope swiggy prov",1,NEGATIVE,0.9994744658470154
a998be8a-3fd2-458b-9322-b0e8b0f0a538,fast delivery,5,POSITIVE,0.9996138215065002
b3d71920-df72-4c9e-a613-690579f517d1,good,5,POSITIVE,0.9998161196708679
15e4512f-c56c-4a58-8721-906065415278,"they are scammers, they show low rates and when it is time to checkout it will skyrocket whatever offers you apply, they won't refund you with money or with equivalent order we need to pay extra using the coupon they give you, it was better before and finally today they went and done it people wasted hours on their cashback event and they took it down suddenly out of all the events this one was the only event in my memory to actually reward the customers and they took it down unanimously.bad📉",1,NEGATIVE,0.9993383288383484
934be37f-cb68-4b39-9fea-07c3db445f69,fraud zero civik sense,1,NEGATIVE,0.9993353486061096
4f3e8ec3-f81b-4ca1-a75c-c02ec0f6942f,dirty behaviour.offer given but expire it before.,1,NEGATIVE,0.9927224516868591
d7712b35-b905-40f0-822f-b62e4557cc92,good,4,POSITIVE,0.9998161196708679
f15f4163-c8fb-4721-8068-b3c26448316d,good,5,POSITIVE,0.9998161196708679
a4a31c5d-0328-41fc-b08c-29809d2879fe,even it does not deserve a single star. i put an order for some sweets for the guest at home. swiggy takes order and shows me it is in process. after 1.30 hours they cancelled the order. feel bad in front of guest.very bad app and i want just uninstall it and never used this worst class app. going to zomato.,1,NEGATIVE,0.9990935325622559
b3f1e16d-55ef-4cad-ac86-f68fb361077b,"ordered a meal from a shop on swiggy and got a very poor quality meal for 145 rupees. this is a typical meal. even in a roadside shop, they serve good food for 100 rupees. the food comes as if it was delivered to a shop. it is a complete scam. it is a scam to cheat consumers.(publicdon't waste your money swiggy order )",1,NEGATIVE,0.9991518259048462
04a77baa-1ed2-423e-97c5-2ac571ba7395,i love this app,5,POSITIVE,0.9998608827590942
926daa8d-995a-42c9-8e37-24ac80b9c208,worst app i have ever seen. lier app,1,NEGATIVE,0.9997969269752502
f0083122-aff2-4fc1-aac1-545257ee7432,very nice app,5,POSITIVE,0.9998562335968018
d4936cc0-7c28-45c1-ae12-924771c02a6e,awesome,5,POSITIVE,0.9998682737350464
a3f992e9-99a8-4a15-91a2-153279b91781,why they removed the buzz event worst app i have ever seen to remove the event after launching it after a day,1,NEGATIVE,0.9997946619987488
1b6c0f79-aea2-4773-b7e8-3bcb9a7d31d2,great work team,5,POSITIVE,0.9998573064804077
0a5ea3ea-04a5-4608-ae8e-07dc426d9bd4,this is very bad aap extra charge,1,NEGATIVE,0.9998099207878113
6160fdd9-74b0-4656-9010-8fd56f5ed080,perfect food delivery... and more... iam happy swiggy...,5,POSITIVE,0.9998399019241333
10ee6512-4f42-4762-abb1-e2188926feea,interface is good,5,POSITIVE,0.9998438358306885
5fd9a43d-824f-413a-aa55-16f1042f33bb,-10000 star very bad behaviour removing a offer before expiring it,1,NEGATIVE,0.9996422529220581
f20b3761-9b7f-4ac8-841b-a424a10285a7,"swiggy’s customer support and policies are at an all-time low. i have received wrong orders three times, including non-veg items despite being pure vegetarian (they sent a double chicken burger from mcdonald's!). their support staff showed zero empathy or urgency regarding such a sensitive issue. extremely poor resolution handling and terrible service overall. avoid order from this application",1,NEGATIVE,0.9998168349266052
9660e373-5c4f-4de1-857c-db2c0d4cb317,"what a disappointing app. 😑 the food quality is getting worse, the quantity is less, and the taste is nowhere near worth the price. delivery is often delayed, and customer support is frustratingly unhelpful. and this new buzz feature? 🤦‍♀️ we spent so much time inviting friends and completing everything, only for it to suddenly become ""not available."" all that effort was completely wasted. it feels like these features are launched without proper planning, leaving users disappointed.🤬😡🤬",1,NEGATIVE,0.9998241066932678
fba100c7-688c-427e-9466-46c6884141e1,if you can't offer something then don't promise it..about the buzz streak,1,NEGATIVE,0.6947322487831116
0a094bad-df6b-4a9b-b709-c00dc026bf79,best food,5,POSITIVE,0.9998595714569092
b3e98432-614c-42c5-a245-0f3716777f16,very slow,1,NEGATIVE,0.9997065663337708
f72491cc-b801-4dfa-8644-de16ea0462b0,very bad experience,1,NEGATIVE,0.9998032450675964
fd1cbdea-36bb-433a-924d-6416bb1c6974,good,5,POSITIVE,0.9998161196708679
aa207206-6b6f-4d85-a01a-8898c47177e4,nice,5,POSITIVE,0.9998552799224854
5fb6b661-2e90-4c11-8dae-1287e2661546,good👍,5,NEGATIVE,0.6970565915107727
ef384f96-4c89-4f04-92b0-46ff9be0d10c,this app didn't deserve one star they charged my whole payment as their cancellation fees worst and pathetic app ever they are looters,1,NEGATIVE,0.9997684359550476
2f24c765-1638-4357-badb-8241e3d1ba84,best,4,POSITIVE,0.9997941851615906
364c9c86-8e7d-4b6a-b9a3-2cfba3061e4f,good 👍🏼,5,POSITIVE,0.9998576641082764
abe959be-d4a5-412c-bf5a-fe78cac2b613,good 👍😊,3,POSITIVE,0.9998576641082764
d4dddb2f-0aa2-4326-aa00-0a809675e30f,"one of the worst app in this category, please don't download it, false advertisement of swiggy buzz.",1,NEGATIVE,0.9998124241828918
b7b764b8-39e6-485f-b724-5e5a6b6cb7e7,this app sucks. they started buzz and now stopped it . shittiest app ever,1,NEGATIVE,0.9995423555374146
b116d956-d437-425d-af7b-bf97bbe02c88,nice,5,POSITIVE,0.9998552799224854
847183b7-d13d-4954-9d47-9d31c3f1be36,very bad service,2,NEGATIVE,0.9997568726539612
c99501a2-cdd4-4d6c-8213-dabe4b0283c3,excellent,4,POSITIVE,0.9998434782028198
980ca624-0d12-4941-a772-9aed607142de,good,5,POSITIVE,0.9998161196708679
a979efde-b55d-4b34-ab4e-6d0786762d32,very bad experience,1,NEGATIVE,0.9998032450675964
55a91d16-7cf8-4aba-9ece-fb84741ef9d8,dubious offer provider,1,NEGATIVE,0.9968382120132446
c3b4880a-7d80-4e96-bea1-3aa0bdbbaf79,good,5,POSITIVE,0.9998161196708679
b2980d40-82c3-4cd2-b49b-a84529af051b,good,4,POSITIVE,0.9998161196708679
f222ffd9-d9c2-46b4-bb96-0df72bcd8c85,am waiting my first order to add more stars,2,NEGATIVE,0.9915773868560791
7ba9592a-b019-42ce-ba6b-55e5d140c76d,"i would like to suggest that restaurants with consistently low ratings and poor customer reviews be reviewed through a proper factual assessment. if the findings confirm repeated quality or service issues, kindly consider removing such vendors from the platform. this will help ensure better food quality, improve passenger satisfaction, and enhance the overall travel experience.",5,NEGATIVE,0.9951950907707214
2120f4ba-77e4-4d20-9c5a-7ec8cd814831,fantastic app......,5,POSITIVE,0.9998615980148315
69586c2c-c40b-4e41-a750-a509de9fa784,good,3,POSITIVE,0.9998161196708679
bf880ad9-9799-4b49-bb3f-6bf178f0e334,good delebary,5,POSITIVE,0.9997497200965881
a45c1bdf-9a7b-4e07-af53-073609d7f20d,super,4,POSITIVE,0.998783528804779
73a17471-0005-49b3-bcd8-44bc0836b4f4,bakwas app jitni tarif karo utani kam,1,NEGATIVE,0.992067813873291
27e7090a-aa32-4d00-b338-bcb32ee9875c,worst,1,NEGATIVE,0.9998016953468323
b2760582-a4c7-4c55-8bdb-0eb52a1ee0a5,nice,5,POSITIVE,0.9998552799224854
936c4881-8784-42c6-841c-ce9663b656e3,"excellent, fantastic",5,POSITIVE,0.9998782873153687
07b29be8-97ae-4619-9903-d7333a77339e,super l,4,POSITIVE,0.9919102787971497
0dfcbe88-5918-4d5f-8529-97c77843fd95,good,4,POSITIVE,0.9998161196708679
afb3a62f-13d7-4235-9704-c011db94b559,why you first give buzz event and take it back?????,2,NEGATIVE,0.9971086382865906
2abf8b16-b7f3-4d72-b5ee-ec5202ece766,i have added some free cash using buzz and now they just remove the event,1,NEGATIVE,0.9996028542518616
ae241bbb-9745-46bc-8aae-3cbe0cae1387,delevery time is more than 1 hour,1,NEGATIVE,0.9413703083992004
2a82fe9d-9693-4d4f-b00d-5587c839622f,"full scam food delivery app. whenever they give offers they increase the resturant distance. wow what a cool strategy to get extra money🤣. yesterday i checked a restaurant today the same is showing at an extra 1 km distance. also the buzz offer is gone before the completion when you are unable to pay rewards to users why are you promoting this buzz offer, a totally scam company.",1,NEGATIVE,0.9992127418518066
58129c2d-a76a-40a7-bbe3-793b14755e70,buzz offer band kar diya bina kesi wajaha say jb pura nhi kar sakte too kyu offer late hai,1,NEGATIVE,0.9913329482078552
77aa5b3d-0b63-40a4-8f48-8511b6f25691,service not fast,1,NEGATIVE,0.9879636764526367
bcb70a45-3664-40bd-aac9-62f2dafe3cc9,not deliverable in my location😡🤬😡😡🤬😡🤬😡😡😡🤬😡🤬😡🤬😡😡😡🤬😡🤬😡🤬😡🤬😡😡😡😡😡😡🤬😡😡😡🤬😡🤬😡🤬😡😡,1,NEGATIVE,0.9997705817222595
92758b43-1131-4010-9787-eb6816967f81,fake promotions,1,NEGATIVE,0.9994893074035645
373221a7-fe32-4b28-bccf-f5869a249beb,good,5,POSITIVE,0.9998161196708679
9bc65eff-d6cf-40c5-b96b-8c6690279304,very happy,5,POSITIVE,0.9998784065246582
db6da2ee-25a8-4af9-8fba-532fcb9ce5cf,excellent service,5,POSITIVE,0.9998576641082764
22da0964-e9cf-4d8b-940d-98762f87b823,feak offer,1,NEGATIVE,0.973383367061615
8faadfaa-f0c5-4d1d-9f51-ced760561761,nice delivery,5,POSITIVE,0.9998588562011719
b43f6d4a-dae1-4bb8-84a3-b46d667d7677,good,3,POSITIVE,0.9998161196708679
693213cb-2f73-4fae-ab57-cb9b91570da5,worst app they won't let us eat in offers waste,1,NEGATIVE,0.9996141195297241
cfcde4cb-0595-409d-b4fe-3a976cd6a063,easy to use and order anything instantly,5,POSITIVE,0.986142098903656
21213656-6add-472a-8d2a-fb4115cbfe78,i like it forever ♡,5,POSITIVE,0.9998000264167786
54f6cec1-f0d1-4e54-a048-f5885a76fcad,good service & price,5,POSITIVE,0.9998657703399658
c66d82e9-5edb-47f1-a803-d712aca505bf,good❤️,4,NEGATIVE,0.6970565915107727
2b1bfba3-23a1-4487-b29c-971834826b6b,bad,5,NEGATIVE,0.999782383441925
293240bc-9810-4788-ba4d-80c38514ac71,fine & good delivery very good......... timely delivered,5,POSITIVE,0.9998736381530762
d7ba7d8c-8f3e-401a-abce-c8be2ae699f2,"they said, swiggy buzz will be there for 10 days but after 3 days it is missing",1,NEGATIVE,0.9986420273780823
01f167d6-c04c-48a4-9fb2-271055498cee,order delete krne ka option bhi hona chaiye.....,4,NEGATIVE,0.9996706247329712
4eea0082-9d14-4ee6-9c05-92a1a2bd66f0,good,4,POSITIVE,0.9998161196708679
8c0e1901-8f8f-482d-ac42-57344d9cc432,they stopped the buzz event 😭,1,NEGATIVE,0.995445966720581
d46af0d5-0687-440b-a0ba-ceec084c211b,supar thankyou swiggy,5,POSITIVE,0.9233230948448181
d399bced-d847-45b9-9253-4e264e8edc72,wow amazing,5,POSITIVE,0.9998724460601807
4d8b7862-6a98-449a-b54a-b765d4d8596c,बहु,5,POSITIVE,0.9322759509086609
36950743-644f-40f7-a5f9-9f017e075305,excellent,5,POSITIVE,0.9998434782028198
39879462-2f0c-4432-9d72-d2128c6002e8,seriously these days swiggy like every other app is a group of frauds thugs who loot every customer. every other day their money value for any order changes from 99 to 149-199 then they will charge processing fee rain fee or say cart less then 99 will have this much fee. for god stop lying that swiggy one members get free delivery because you guys have others charges to fool customer i am seriously planning to drag you guys to consumer forum for once,1,NEGATIVE,0.9986028075218201
81da6f59-5c0d-4f43-b540-f4a5fd6fb868,"scammer. no proper discount, so many hidden charges, buzz scam also.",1,NEGATIVE,0.9998151659965515
7fdf18ce-cd76-4853-a79f-1dbc87cbc85a,worst app i have ever experienced,1,NEGATIVE,0.9997872710227966
112fd412-f8b8-426d-aa60-3a056b9680bb,good timing delivery,4,POSITIVE,0.999854326248169
00ba6048-e7c6-4ccf-9447-b1aa4ea706b5,good,5,POSITIVE,0.9998161196708679
88f285a0-90a3-4a0d-bc91-448fd55f55df,why buzz is out??,1,NEGATIVE,0.9990403056144714
b6205b2c-d708-4aef-914e-7cee8daed268,very good,5,POSITIVE,0.9998520612716675
9f806e55-0965-484b-81c1-c8e7b4fb5348,worst promotions ever high charges unclear prices worst app for food order,1,NEGATIVE,0.9997879862785339
5319febb-a0cc-4098-bc9d-1fd5f46a5ac4,good 👍,5,POSITIVE,0.9998576641082764
7799193d-0eb7-4ae0-9e1e-903d49977585,good,5,POSITIVE,0.9998161196708679
ae5beb38-5d1b-45c5-bd65-ad816e413e3a,good,5,POSITIVE,0.9998161196708679
e63fd270-cc99-4cce-a35a-5ab1f485927d,"why are stop buzz streaks we all just started and you stopped it, why are you doing this?",1,NEGATIVE,0.9995515942573547
be3e4237-c6ae-4bf0-b83f-bca2f2a6658f,no offers matched,1,NEGATIVE,0.997610330581665
d69f9200-324d-4a7a-becd-2a26974a370c,worst thing ever. don't ever use it.,1,NEGATIVE,0.9997900128364563
5579a6be-25cd-4cf3-b370-32e761353227,मैने swiggy app से सामना ऑर्डर किया तब 47 रुपए दिखा रहे थे जैसे ही पेमेंट करने गया तो 197 हो गए तब मैने पेमेंट कैंसिल कर दिया तभी स्विगी ऐप ने मेरा ऑर्डर कैश ऑन डिलीवरी पर लगा दिया मैने तुरन्त कैंसिल करने के लिए रेस्टोरेंट ऑनर ओर स्विगी हेल्पलाइन में रिक्वेस्ट डाल दी पर स्विगी ने ऑर्डर कैंसिल नहीं किया ओर बाद में मैने डिलीवरी बॉय को कैंसिल करने को बोला तब उसने कैंसिल की ओर अब स्विगी ऐप वाले बोल रहे है कि 197 रुपए अगले ऑर्डर मुझे देने होंगे सभी zomato से ऑर्डर करो,1,NEGATIVE,0.9540772438049316
24831725-a5ae-4448-8bf2-31a1581f4cd0,good,5,POSITIVE,0.9998161196708679
39a2648f-09aa-4954-b660-b73dd6749565,swiggy buzz offer back i give you 5 star,1,POSITIVE,0.8835193514823914
762ce38a-11d6-4e7b-a0c0-f0d2ffa7109a,worst app . swiggy buzz offer discontinued. if you don't have budget then why you offer 🤡,1,NEGATIVE,0.9997474551200867
beeff934-8de8-4855-8160-cd8f325a9efd,nice,3,POSITIVE,0.9998552799224854
4c5700a0-f04e-484b-a747-a5a5459fa48a,nice i satisfied with your service,5,POSITIVE,0.9998375177383423
0276c219-257b-4fad-83b0-1747d5cd117d,very worst promotion,1,NEGATIVE,0.9997931122779846
933289a0-509d-40c1-9949-4a36507af8c5,very worst promotion,1,NEGATIVE,0.9997931122779846
8454dbb3-e465-41cd-9d51-97a46d9bc99d,the worst customer service ever . i ordered food for a friend and his phone died due to rain and couldn't receive the food. swiggy cancelled my order and also saying to pay cancellation fees for the food . like i don't understand this . what kind of behaviour is this? . if i had a option to give zero stars i could have give you that . not ever using swiggy again,1,NEGATIVE,0.9998160004615784
a4cf10cb-bdce-4bc1-99e1-e39e3f265eb5,nice,5,POSITIVE,0.9998552799224854
ec6f212a-8da4-4abf-a6d6-ec430c99282f,"i accidentally placed an order and requested cancellation within 1 minute. even after explaining that it was a genuine mistake, swiggy asked me to pay 100% of the order value as a cancellation fee. this is extremely disappointing and feels completely unfair. this experience has completely changed my opinion of the platform. i'm uninstalling swiggy and won't be using it anymore, despite having several coupons. there are better food delivery services that value their customers.",1,NEGATIVE,0.9993952512741089
9b425a3d-9f86-4d30-be19-671bc1efca9d,by mistake i ordered food worth of 440 with wrong address then instantly i went to cancel the order and the app showing a cancellation fee will take 440 that is my ordered amount and they scamed me... do not order from swiggy they are now scamming... please be aware..,1,NEGATIVE,0.9996156692504883
1f610032-66e2-4226-a13c-b8554ce75e39,buzz scam.,1,NEGATIVE,0.9997469782829285
2013ad50-c59d-45b4-a2ab-3c368e12f6e0,best last minute app,5,POSITIVE,0.9995620846748352
1386a0be-a426-4582-ba2b-95bec5a1efa7,"worst, worst, worst company i have ever seen",1,NEGATIVE,0.9997963309288025
ca84cd11-3cff-4c98-82a8-e7d8f205fffb,booo ! turned down the offer mid-way.,2,NEGATIVE,0.9985120892524719
b85bcab8-fead-4952-9123-747ec32c1097,high prices and high gst and delivery charges too worst interface. delivery charges are more than original item price so don't order food in swiggy,1,NEGATIVE,0.9992712140083313
8719412f-c591-4558-806e-5d88b278f2ed,amazing 😍,5,POSITIVE,0.9998632669448853
a4d57592-ed31-487f-b70f-5c1e1cef3e5b,worst delivery service ever experienced..placed an order at 2:57 am and receiving it at 4:21 am.,1,NEGATIVE,0.9998094439506531
99f05d25-a9ba-45fc-b23b-c533c993a6fa,no customer support saalo ai chat box rkhha koi help chaho nhi milti order ho gya toh aap intzar hi kro paise bhi bekar jaayege sb na delivery partner ko support h isme,1,NEGATIVE,0.9992848038673401
890b8259-c768-41da-aac6-63d0645656ae,nice 👍,5,POSITIVE,0.9998424053192139
e7c6db13-dc98-4ea5-950c-b9a88aa51bb0,"at 2 am in the morning i ordered through swiggy when i called raheman he responded saying, it's made, and no matter how tough we will deliver. and suleiman travelled 14 kms to deliver. in rain. and the food was excellent. sometimes, is just dedication. thanks both of you for feeding this lonely soul. i will always remember you. thanks swiggy vada pav hyderabad and swiggy of course thank you",5,POSITIVE,0.9994926452636719
67e1c2ed-3f54-42f9-acb9-3721e4e67bfe,worst app,1,NEGATIVE,0.9997863173484802
5686e982-474f-4d38-bc63-bd0803757716,best value for money.,5,POSITIVE,0.9986720085144043
51622f0c-875a-459a-8c3b-1cbe844320e2,why is the problem ...i am not satisfied,1,NEGATIVE,0.9997841715812683
f69428a8-b90f-4a99-afde-bd6397cfa469,bekar app order kro koi chiz time pr ni aati na inke pass option hai time shi krne ka dilevery partner order accept krke so jata hai ye change krne ka option bhi ni h inke pass,1,NEGATIVE,0.9925761222839355
f105fdb8-4c1d-43d7-8162-c740f45513a6,high platform fee and extra charges,3,POSITIVE,0.6662294268608093
5bb5ec85-6ca4-4028-ad88-933c9ecfc916,very good,5,POSITIVE,0.9998520612716675
c130a3eb-6902-4a99-a3d1-8581f334f6f1,swiggy and zomato both are unavailable after 2 o clock in kannur😂😂.....,5,NEGATIVE,0.9989262223243713
64dd0466-f380-4752-b92b-3c1129d83acb,bhot gobar app hai,1,NEGATIVE,0.6786890625953674
4151c74f-669f-4048-9bee-d826e605c670,good,5,POSITIVE,0.9998161196708679
f33e3ec3-18e2-47b4-9176-ae8cc5b5977a,good job,5,POSITIVE,0.999835729598999
14dee88a-caf5-4192-8f26-2fee7a9b917b,very worst experience,1,NEGATIVE,0.9998059868812561
a752de9f-73a0-42d2-a91a-77a17a596fd3,i am so happy,4,POSITIVE,0.9998812675476074
8f752100-21a3-4cad-94cc-2146cbce99de,instamart return policy not good,1,NEGATIVE,0.9997690320014954
fa5a9d50-4871-44e1-a74e-944a4612a0b8,nice,5,POSITIVE,0.9998552799224854
9573be04-69da-4d38-8401-bfb86aa00022,"this app is fruad when i ordered pizza and virgin mojito on 3 aug 2026 from chicago pizza in delhi the one item was missing and the help team offer me coupan of 99rupees , so swiggy is corrupted , i hate you and i will make video on this on instagram",1,NEGATIVE,0.9985511898994446
e6a96d81-417f-4700-8aa5-f03188fd812b,nice,5,POSITIVE,0.9998552799224854
1323ed50-9c6f-4df4-a3ab-751100bf6618,awesome 😎,5,POSITIVE,0.9998607635498047
2d56f2f0-7112-4fc4-b940-ff44a796b1a0,good,5,POSITIVE,0.9998161196708679
bc3992d9-fb29-489a-b45d-b44182c7e330,very bad service koi bhi order mat kiya karo aadha ghanta dikha ke dedh ghanta le raha hai koi response nahin kar raha hai swiggy,1,NEGATIVE,0.9993509650230408
a8f1ef0c-5178-400c-9809-8372441531d0,gatthiya app chuttiya unprofessional delivery partners unko raste hi nahi pata hote orders 2 2 ghantte mei recieve hota hai thanda bekar hone k baad,1,NEGATIVE,0.9943391680717468
f9ace0b9-af3c-482b-aa18-ab94bd19f401,delevry instant,3,NEGATIVE,0.954679548740387
1213f8aa-0d99-4ab0-a30e-2dad4efdb929,thank to you,5,POSITIVE,0.9998397827148438
085cd586-abb9-4ed6-8eea-1065a0fdcb73,best deals and offers... free delivery and 1rs product scheme is very nice,5,POSITIVE,0.9996750354766846
78e5c259-937d-48a8-bc66-0e3bfaa3edba,don't order food in this application worest application they accept the order but after 30mints they telling they don't have any item then y they showing that itean idotes worest thing again it swigge customer care actually they dnt they r doing there job like donkey timepass,1,NEGATIVE,0.9977067708969116
f73056ad-b828-47e1-a4f5-2f46fb36fb0a,"price is very high, 200 percent commission. it's very ridiculous.",1,NEGATIVE,0.9981916546821594
dcc568ab-55d9-47e4-b857-202adea1f942,great place but who knows what will when n how,4,POSITIVE,0.9996988773345947
30a6fbb8-857f-4a2d-a90f-f05dfb2b6e01,good talking good,4,POSITIVE,0.9998509883880615
cb9af8f7-69e0-4cb2-b699-a4ca48919100,free delivery idia very nice,5,POSITIVE,0.999736487865448
fa57af11-cd5b-4a78-adb2-6faa56c90c55,inke customer executive problem solve nahi karte.. very frustrating experience,1,NEGATIVE,0.9991944432258606
ad4f5734-0486-4211-8f0d-116813049a1b,good,5,POSITIVE,0.9998161196708679
cd872968-8b38-4ef3-ba2f-a24777c9bbb4,scam app not working free cash,1,NEGATIVE,0.999659538269043
4f293099-3044-42d6-b0df-8f0c9cf36fd7,good,5,POSITIVE,0.9998161196708679
f71fa126-741a-4413-b541-f061bbfaa3a4,this app not professional waste a time,1,POSITIVE,0.9753568172454834
28661ff2-173b-491e-9172-1d697d155918,"instamart missed an item in my order and refunded only the item's cost. because of their mistake, i now have to place another order and pay delivery, platform, and other charges again. the app has no proper way to escalate complaints, and customer care simply said they couldn't help. many users have reported similar issues with missing items and poor support. very disappointing service and no accountability.",1,NEGATIVE,0.9998096823692322
9b16b345-5d86-4c27-af9a-332bef3784af,good,5,POSITIVE,0.9998161196708679
15d60d8c-8496-4940-a7a4-efb2ea2a5e38,nice,5,POSITIVE,0.9998552799224854
79158ca9-db2b-4b12-b977-6b9a432404bc,best,5,POSITIVE,0.9997941851615906
210003dd-6d15-4696-aae0-47ceb9334194,good,5,POSITIVE,0.9998161196708679
5f6a250f-088c-4572-825a-f1f21a0ffbc2,nice,5,POSITIVE,0.9998552799224854
d6c2eedb-379c-487c-8afd-bd9e5e3610d6,"buzz offer not working, totally scam",1,NEGATIVE,0.999686598777771
14ab4ece-e032-4ef9-95fd-4f4e2bdcb73d,"they deliver good quality food, and it arrives on time.",5,POSITIVE,0.9998533725738525
3d9a6996-ce3c-41ba-8776-d5f55d39ca7e,too slow,1,NEGATIVE,0.9995005130767822
183a8aab-d917-4f36-8dbc-cd6c08377060,"this has been one of the most frustrating experiences i've had with swiggy. my order has been delayed by over an hour, even though the app promised delivery in 20–30 minutes. that's simply unacceptable. when i contacted the restaurant, they said they had prepared the order on time and that the delay was because the delivery partner hadn't picked it up. when i contacted swiggy, i was told the restaurant was responsible for the delay. so both sides are just passing the blame instead of taking re",1,NEGATIVE,0.9996857643127441
cc2f7581-047c-409b-b47d-c0cfc96ecd51,nice swiggy,5,POSITIVE,0.999568521976471
efde3ea8-3f0f-407c-b740-33fefe3be895,i've ordered food but it never got delivered app is showing that it has been delivered but i didn't receive it... worst delivery app,1,NEGATIVE,0.999437153339386
0eee3d3b-1a58-4dfb-9f38-5b8692513ee3,"very disappointing experience. the cake was delivered in a damaged condition. the topping had melted and leaked all over the box, and the cake looked completely ruined. this was ordered for a special occasion, and it spoiled the celebration. i expected much better quality and proper handling during delivery. i hope swiggy and the bakery improve their packaging and delivery process and provide a fair resolution. not satisfied with this experience. didn't received refund any.",1,NEGATIVE,0.9997690320014954
74c204c7-9f99-488c-a38d-eadb993a17f4,good,1,POSITIVE,0.9998161196708679
6090db6a-7830-4f7d-80ae-36fcd067f3a9,"i order food 9:40 but even after 1 hour no changes seen. rider is not picking phone, i called him 2 times. this is not my fault but they charged 331 cancellation fees. gonna delete my profile soon, rs1900 food order in a month and they have show gratitude. pathetic response",1,NEGATIVE,0.9968274235725403
469f3d7d-ff05-46ec-8305-b50b1ddb343b,tooo godd bhaiya app best hai loot offer dete reheta hai,5,NEGATIVE,0.9910406470298767
38b5b15e-a2a8-4e80-a96c-29f343939a6a,let's see more wonders if u reduce p fee,4,NEGATIVE,0.8663672804832458
35007547-be0e-48a5-bd44-9e738ed2bd70,order delivered too late,1,NEGATIVE,0.9994370341300964
e59d18bf-c279-45ba-92af-fa1ee1d8e51f,"froud app, scam going on display price and payment price are almost double. the price of milk cake 500gm is 165 but when you proceed for the payment it's 330 great. and there is no option available to add screenshot. tech team is so smart if you able to upload the picture you have the evidence but they don't want you to upload, great",1,POSITIVE,0.9638897180557251
baafec2d-aa24-49e8-b362-44ef5275fd4d,bad app software and worst service,1,NEGATIVE,0.9997966885566711
227f3b46-d80c-4f87-95e2-af463cf81152,very good app,5,POSITIVE,0.9998675584793091
0bd9e3ff-0f2a-4496-9878-b6dd2d31e238,on time delivery and good service.,5,POSITIVE,0.9998584985733032
081cc2ad-4585-4318-885c-88e6c2884af0,amazing,5,POSITIVE,0.999875545501709
f40c0c80-b9a1-4d3b-97cf-4b4636411543,"useless chat support. even after 1 year, it still useless. no possible way to connect",1,NEGATIVE,0.9997894167900085
429c22ee-17af-4b25-8aee-60f4b1bf84cf,good,4,POSITIVE,0.9998161196708679
de530b83-723a-4233-a524-3dc9c956d374,order petti 2 hrs aythundhii still didn't get my order lavada gudhala app bro service madda lekha undhi zomato better 1 hr late ayina order ayina vastadhi,1,NEGATIVE,0.998931348323822
b1059437-0a80-4bd5-b0e9-ac6750f5ffab,budg et friendly app,5,POSITIVE,0.99847012758255
522de1f9-d452-4404-b0c5-598a36ec8c16,"the ₹1 deal on swiggy instamart is absolute false advertising. they promise a product for ₹1 if your cart hits a certain amount, but once you spend more to reach that limit, you cannot even add the ₹1 item to your cart. every time you try, it just glitches, undoes your action, and checks out without the item. it is a complete trick just to make you buy extra things you don’t need. total scam.",1,NEGATIVE,0.9994712471961975
fe35100c-64b3-4614-92d6-ca017ddebda8,"worst ever experience i ordered food at 8.45pm but not delivered till 10.40pm,not even cancelled..don't go for swiggy choose zomato",1,NEGATIVE,0.9977298378944397
746279e3-a522-40a3-9616-1bc16853e308,delevery fast but cancelled system bahut hi bekar cancellation charge 429 rupay,1,NEGATIVE,0.9981858134269714
0e076518-8a3f-4b69-ac3e-7e91ab5d5e0d,good app for food,5,POSITIVE,0.99982088804245
92f2027b-cf82-4010-9e7b-71dae6d20008,good night,4,POSITIVE,0.999847412109375
57d0a877-ad43-4325-be1c-31ed04500286,good 😊,5,POSITIVE,0.9998576641082764
87176d2c-5bb3-4cf1-b022-25c303c040ab,sweet,2,POSITIVE,0.9998382329940796
fe9e7e08-ac77-4a47-a7f3-ab89e5fc9968,i am unable to use free cash of the buzz event,1,NEGATIVE,0.9994671940803528
f1aa6fd7-e5e9-464e-ac5d-c3624ee66f42,swiggy down fall is beginning my gusses 1year no swiggy is dead,1,NEGATIVE,0.9809118509292603
fe61fba9-8d15-41ed-999e-976fe315d91c,"changing the rating to 1 star based on the service provided lately. orders are rarely delivered on time. while ordering the tat was showing 50 minutes, but they couldn't deliver the order in 2 hours. they couldn't give any time, but said as soon as possible. the customer care guy cancelled the order and ordered a replacement for which i have to wait for another 50 mins. same issue with black membership. swiggy needs to be customer centric & should reach out to me rather than asking me to send em",1,NEGATIVE,0.9993205070495605
a48b25ee-e904-4277-91cf-eee2346a5768,bestest ever😇🙂‍↔️,5,POSITIVE,0.9992794394493103
0322ad61-0e34-412e-9c64-1c91f86a4a28,app is not working properly,1,NEGATIVE,0.9997931122779846
75eb0de0-b13f-490f-bf05-981ecf242af9,good service,5,POSITIVE,0.9998499155044556
a552e86f-1974-4126-8914-689a74970b41,good 💯,5,POSITIVE,0.9998576641082764
20d42b08-de84-486a-9640-b2723cd8fcc4,bakwaas,1,NEGATIVE,0.9555369019508362
bc81d1e7-2749-472b-b11e-883b716b0af8,"very disappointing experience with swiggy bolt. i placed my order at 8:29 pm with a promised 10-minute delivery, but after more than an hour it was still not delivered. the eta kept changing, and neither i nor swiggy support could reach the delivery partner. this has happened to many customers. please investigate such delays and take strict action to maintain trust and the quality of your service.",1,NEGATIVE,0.9994545578956604
03a9554e-6c6e-4ca3-98a7-9f38ab989698,very nice ☺️,5,POSITIVE,0.9998577833175659
22da037e-c0a8-4aa4-b62d-81036740c24d,"worst support ever. i ordered tea and cookies from a popular restaurant, and didn't receive cookies with the order, upon contacting swiggy i realised that they don't want you to talk to an agent and when i did connect with an agent he promised me refund for missing item and issued a coupon and then tried to gaslight me in thinking that i agreed for coupon, after which he transferred the chat and then again same thing happened without any resolution. i won't be ordering from swiggy again.",1,NEGATIVE,0.999711811542511
05636b0a-d1ef-47cf-bb77-3684d88ad224,thanks for the buzz event 🫰,5,POSITIVE,0.9985144734382629
cc4ac5ea-127b-4410-9965-52c6bd042fd8,"worst service, useless customer care never bother about customer when we receive worthless and worst quality food for what we paid",1,NEGATIVE,0.999517560005188
96e81685-ab05-4f8d-a426-19ec49d48f18,too late,1,NEGATIVE,0.9983978867530823
3d1baaeb-026f-418a-8fa3-fe9b7bbc4bc9,noob,1,NEGATIVE,0.9755375981330872
fbf82a41-0da6-4b4f-9fcc-1f300b4211f1,best,5,POSITIVE,0.9997941851615906
2fb79e6d-04e2-4d92-8404-d96f62163741,good,5,POSITIVE,0.9998161196708679
c2c9b660-505e-4c82-97ba-81d4b45e007d,nice 👍 i like this app,1,POSITIVE,0.9997815489768982
40a44d4e-3d0e-43cb-97d4-7b2d5c8d3722,very good,5,POSITIVE,0.9998520612716675
d7d60a6a-78ac-497a-a4d5-014d59806ac9,good,3,POSITIVE,0.9998161196708679
a9f146b9-4656-4056-843c-e0e31fa7eea0,"worst service, delivery guys will always delay the delivery and you will not be able to speak with anyone. chabot will just irritate you more.",1,NEGATIVE,0.9996919631958008
74c7dde9-528b-4d6e-8ed0-e8f48b72d43a,good 👍🏻 ....m,5,POSITIVE,0.9998341798782349
5e2b0912-01a6-4dfb-9f09-01865081f7d8,good service,5,POSITIVE,0.9998499155044556
9c33616e-4b82-496f-841b-761cc40fa30d,nice,5,POSITIVE,0.9998552799224854
85b585ff-eb2a-4224-b035-0ade391bf960,nice,5,POSITIVE,0.9998552799224854
6b21cd4b-560b-495f-84df-25abc482dbc6,"i filed a complaint with swiggy, but i haven't received any resolution yet.",1,NEGATIVE,0.9992256164550781
e2f3d0d6-1b9b-495b-b7c7-3454032e19ba,today's also my birthday with you happy birthday swiggy,5,POSITIVE,0.9997333884239197
123d865c-8612-4bf1-84bd-7d00260bf9ae,good,5,POSITIVE,0.9998161196708679
623e4926-9717-4194-b0ad-18041fef9dd5,nice,5,POSITIVE,0.9998552799224854
df906923-8384-4237-be1e-3604c5d5c57e,worst app,1,NEGATIVE,0.9997863173484802
21e07474-50b4-4dd8-885a-527922262be5,late dilvery,1,NEGATIVE,0.9466890692710876
a5055715-efe6-4095-aab1-7fe464c25dc1,nice service,5,POSITIVE,0.9998397827148438
d8472e38-56ee-48f1-a154-c95ac1ee4fb8,buzz your frien my offer is not working i have 100rs and not working above 299rs order. fake apk,1,NEGATIVE,0.9996912479400635
e842244d-8807-4da8-bdd3-31168cd8afaf,the worst app ever i used always takes a long time to deliver,1,NEGATIVE,0.9998113512992859
ed135ee7-134f-4cfe-aabe-4880c4116166,nice 👍🙂,5,POSITIVE,0.9998424053192139
398a8a73-1e3b-4591-b4eb-b9b7a8dfe622,good 👍,5,POSITIVE,0.9998576641082764
f5276c72-eb61-466d-b6bf-bb2dd0722d20,ok,1,POSITIVE,0.9997851252555847
64f00519-dd95-4276-b630-259feed8e794,best food and fast sarvice,5,POSITIVE,0.9997714161872864
da866ce9-e91e-4470-9e78-8300cb39055e,best delivery app,5,POSITIVE,0.999750554561615
1f3c8c1d-c2eb-4aca-b1c1-c4c08f255663,jhakkas,5,POSITIVE,0.9945741295814514
30afebe2-9335-403f-8b6e-ef268e8b3448,pathetic app,1,NEGATIVE,0.9996955394744873
2da78e0d-437a-4936-8c11-a091af5e40ab,good,5,POSITIVE,0.9998161196708679
d4cb5f99-beb4-4610-abd1-450354ffd432,"delivery boy can't call , many times delivery boy had to wait for 10 min+ , app development team should fix this",3,NEGATIVE,0.9972320199012756
43772d16-1993-4969-b80a-8bed6410ebf6,good,5,POSITIVE,0.9998161196708679
2338d7b8-3a93-4b4d-bc73-d915b61d65c7,nice,5,POSITIVE,0.9998552799224854
e079e5da-a951-4bfb-9a2e-0d24b5de68c6,"fraud company an item was missing from my order. when raised the concern, got the reply that you can't offer refund. mtlb chori upar se seena jori. shameful",1,NEGATIVE,0.9989063739776611
dc5c1dea-2953-47ba-ae53-5a6143760b52,ultimate,5,POSITIVE,0.9997318387031555
c4d92603-a716-4086-a00c-29b7d18798ed,thank you chef we really enjoyed the pizza,5,POSITIVE,0.9998527765274048
290914fd-1c72-4bcf-8bcf-a5cfb4c1f6d7,waste of time with customer support they just are puppets which do not act as per consumer need,1,NEGATIVE,0.9996534585952759
ce6c58b8-9492-4d54-82f4-86cc8c74341c,very poor and fraudulent service.,1,NEGATIVE,0.9994010925292969
d40caf78-6a8a-4996-ad91-e8981920da62,ok,4,POSITIVE,0.9997851252555847
7887fef8-600b-47ee-aa03-65442d3fb75d,very nice,5,POSITIVE,0.9998563528060913
83fe7e62-3957-4807-9f60-da9de330453a,that is amazing i hope long time serve for the people,3,POSITIVE,0.9998633861541748
333778ec-04d0-46c9-a7c8-f4dd11772438,good,5,POSITIVE,0.9998161196708679
a4696ac6-9adf-4843-832d-10b2007eeaea,good,5,POSITIVE,0.9998161196708679
7a10c641-3267-42c2-808c-f86beff844cb,you have to give me special offers,3,POSITIVE,0.9930029511451721
3090be4c-0dce-4584-b128-b8142b627aef,very good,5,POSITIVE,0.9998520612716675
66d4de33-2144-4012-9921-95df670583f0,come fast i am hungry,4,NEGATIVE,0.9923800230026245
b85fbdb9-54e7-460f-993a-8f439452896d,send wrong order,1,NEGATIVE,0.9991890788078308
285b62ba-e5c9-4e03-9c16-a1841718a219,thank you,5,POSITIVE,0.9998352527618408
76465b3c-8654-4185-80ec-de4292bfe1c9,nice,5,POSITIVE,0.9998552799224854
ec502277-682a-44a7-8d8a-d51f69f81132,ok,2,POSITIVE,0.9997851252555847
1a86980b-bf41-42e3-9ee0-330025774c89,not show proper location,2,NEGATIVE,0.9997773766517639
698282ec-ee7f-49fd-b7f4-43cedd4f3c73,good app,5,POSITIVE,0.9998493194580078
a0203d1c-ecfc-41e6-b62e-3763cbfd8fef,super,5,POSITIVE,0.998783528804779
167338d8-1c9a-4661-b704-f29adaa0278f,thanks swiggy team,5,POSITIVE,0.9997885823249817
c483896f-dd71-4763-ab6d-6a1939c2a0d9,very good sarvice,5,POSITIVE,0.9998632669448853
b5df5337-b090-4602-b5e3-2f3eabdaedea,very buggy and laggy,1,NEGATIVE,0.9997945427894592
f96035f9-8bae-4a0c-882b-4b13d83df369,fairly good service.,5,POSITIVE,0.9998537302017212
fb8559f5-e9e6-4f72-b617-9f65f08533f8,nice,5,POSITIVE,0.9998552799224854
bdd1b07d-dce5-4565-a923-472b4a88653c,better,5,POSITIVE,0.999264657497406
e9abc239-ea47-4c24-886a-812b7074efe0,good,5,POSITIVE,0.9998161196708679
73bf6633-c918-40bb-869c-d3d6eac1baec,"great app, njoying",4,POSITIVE,0.9991791844367981
0bd0d2e2-224e-42f7-a350-c7b02312bf59,very useful,5,POSITIVE,0.999798595905304
a2607c4a-5c74-4c32-9a27-6d50fe08a0b6,good,5,POSITIVE,0.9998161196708679
8115b162-a8e6-48de-a9b7-ee6480c75d62,many items not available,3,NEGATIVE,0.9994753003120422
1dab2f14-00de-4dad-9b39-736b941a3db9,super,5,POSITIVE,0.998783528804779
03eb146c-193c-4595-b92f-f43bc597ccfb,good,5,POSITIVE,0.9998161196708679
ab26eccf-a445-48b3-9fa2-a5ecd4966cbe,nice,5,POSITIVE,0.9998552799224854
d3e61330-8345-4442-8d1c-8614e514cc87,good,4,POSITIVE,0.9998161196708679
a263da9b-909d-42a1-97bb-daaf0cdd7c1b,"i can't even cancel the food. when i chat with your bot, it doesn't show the option 'i want to cancel the order'; instead, it only shows 'i don't want to cancel the order'.",2,NEGATIVE,0.9976134300231934
bd36cc9b-b0ec-4a8b-80b8-ad5201e175b5,to much fees for gst,1,NEGATIVE,0.9703727960586548
0a7767fd-bd07-4e29-9723-fdfc86c47068,nice app,5,POSITIVE,0.9998061060905457
037f6ce8-851d-40cc-a3c9-17e0603f3079,good work...,5,POSITIVE,0.999843955039978
f9e54f62-3594-4b59-af4a-7353db362728,excellent 👍🏻,5,POSITIVE,0.9998458623886108
be6e3ebe-54c3-403f-9e3e-3d2115ebaf79,খুব খারাপ,1,NEGATIVE,0.7429853081703186
4dfdd45d-e974-4e2e-81ca-d2acda82036e,good,4,POSITIVE,0.9998161196708679
fa2dbe6c-4975-4152-a094-8a50dc575108,wow,5,POSITIVE,0.999592125415802
90da1463-25f8-4255-941f-6532f0cc2c58,"worst experience with swiggy. i never cancelled my order, yet i was charged a ₹535 cancellation fee plus ₹43 gst. this is completely unfair and feels like a scam. customer support was unhelpful and failed to explain the charge. very disappointed. fix this issue immediately.uninstall swiggy and going to in my whole area to order from zomato.",1,NEGATIVE,0.9997411370277405
4e70eb64-dfe0-48eb-814e-41cc06a486e5,super,5,POSITIVE,0.998783528804779
7c89e296-0ad5-474f-b675-5deb5f6b46dc,good service on railway food delivery,5,POSITIVE,0.9995236396789551
78308e66-c975-4cc6-af6e-305851697f62,late delivery,1,NEGATIVE,0.9944546818733215
ce45c7e9-717f-4edb-a47f-0279516d22da,i want more offers but nice offers i am getting,5,POSITIVE,0.969963014125824
f2c5c4d6-82cf-407e-abbb-d4fd8648d7f7,nice,5,POSITIVE,0.9998552799224854
1f45552b-1a65-4beb-956f-e6f2a82aeb21,good 👏,5,POSITIVE,0.9998576641082764
4860ce85-78f2-45ff-a309-e1f86c0f29ec,super 👌👌👌👌,5,POSITIVE,0.9331684112548828
ab4957d6-ffc2-4187-9f4d-b2afca1da84f,delivery on time,5,POSITIVE,0.9965192079544067
76215af2-8b97-4c24-8e10-9df14069a198,so much of cast. only showing ads items not available in apo,1,NEGATIVE,0.9975778460502625
a91fa504-bfc6-46cb-bf3e-f8586aa730e1,good,4,POSITIVE,0.9998161196708679
2bc262e3-3eca-4eba-87ba-e5df0bc753cb,worst,1,NEGATIVE,0.9998016953468323
6589247b-a470-4b66-883c-3025c50898bc,good,4,POSITIVE,0.9998161196708679
130ba95c-0467-4ce0-bec6-e41076c69526,"very poor services , unable to use free cash every single time , contacted their support team multiple times but each time they just say that they have raised the issue and it will be corrected in few hours but never correct it",1,NEGATIVE,0.9992145299911499
b972fb49-4f7d-4d1a-bc06-ebebb367bc45,good,5,POSITIVE,0.9998161196708679
2972e8b4-fedc-4478-b7f2-ac9e67d1eee6,"3rd class app , not satisfied at all",1,NEGATIVE,0.9997557997703552
458f81a1-6813-437d-9aef-04b30b906e25,my second home❤️❤️❤️❤️❤️❤️❤️,5,POSITIVE,0.8169316649436951
a4ef975f-6198-4f17-bcbe-fddba40c025e,good 😊,5,POSITIVE,0.9998576641082764
19f9e7df-441f-4d73-b5f0-cdf9ee3a3b2e,good 👍,5,POSITIVE,0.9998576641082764
25b1fd15-fae5-4bc6-9d47-f973cbfab787,nice,5,POSITIVE,0.9998552799224854
c4492781-3e6e-4247-ac5d-58a81cbaf8b9,good ok,5,POSITIVE,0.9998414516448975
6e408a67-8896-4602-808c-41ec0ee508e5,provides lots of offers occasionally. keep track,4,POSITIVE,0.9965656399726868
d8fe2e59-cbc9-415c-ac29-94fe095737bd,excellent,5,POSITIVE,0.9998434782028198
f83bf0e4-48f4-4290-81c2-f4db02a3873e,"if the circus was put in charge of this app and it's services, we'd have a better experience. customer service did not notice that my order was delayed by over 40 minutes, and when they finally realized they had the audacity to tell me to cancel and reorder as the status had just appeared on their end.",1,NEGATIVE,0.9977691173553467
e35a333c-f8bb-4dd2-aca7-ad94e5a6db6e,very worst platform. coustomer care not doing solution,1,NEGATIVE,0.9998188614845276
c918a15c-366b-43c0-8102-69ae522ebdbc,good service 👍,5,POSITIVE,0.9997857213020325
a0b14855-dcae-4e6b-a3ec-72546562ea43,nice,5,POSITIVE,0.9998552799224854
cdea1823-f53a-478c-8ac1-db0971eda639,this is a good food delivery app.,4,POSITIVE,0.9997941851615906
648dfa9c-529e-4c4a-900f-23b7dfe9c3f6,exallent,5,NEGATIVE,0.9765806198120117
13103488-21e1-46c4-bd23-ae8ca8d4445b,good,5,POSITIVE,0.9998161196708679
74becd5f-51f8-4f2d-8f2b-2779fc7e1d88,good,4,POSITIVE,0.9998161196708679
4cfdc28d-e276-4ccb-9d0c-0ca14949d9d5,nycc app 👍,4,NEGATIVE,0.9106886386871338
38457b4b-6850-43ba-a99e-5d6e3fdad936,good app,5,POSITIVE,0.9998493194580078
cd2ae386-caeb-442f-bd2c-5fb0236aae0a,outstanding 👌,4,POSITIVE,0.9998515844345093
754eec27-edda-4e99-b2e5-30e53158be6f,thanks swiggy,5,POSITIVE,0.999756395816803
7cd0b024-56e7-4b09-905e-4540beeb3398,nice,5,POSITIVE,0.9998552799224854
0affd704-b6e1-4def-b576-a0f5f946f4a2,looking 😊,5,POSITIVE,0.954788327217102
85bab2bf-9adf-46a3-929d-b326ec3ca696,ok ok,4,POSITIVE,0.9997230172157288
9e2a19f2-87c4-4796-8d8d-f6c56124c834,hamare uncle ne hamare liye chicken tandoori laya iske liye 5 star rating ☺️,5,NEGATIVE,0.9935517311096191
ede14602-fca2-4e69-9f70-69ac276bedda,food is so tasty......!!!!,5,POSITIVE,0.9998534917831421
3a15bd8e-61ea-4321-8ed4-9f4f71f77e7a,best,5,POSITIVE,0.9997941851615906
c3535d29-c654-4b2d-a13a-553b3e86de1f,এটি একটি দারুন সবিতা জন্য,5,POSITIVE,0.8135110139846802
aebcfbd3-2f12-49d3-ac58-4bd0cc5e1eb6,for 2 days.. i have been kept wsiting for more than 2 hrs to delivery my order ... in return i didnt get any explaination on it was delayed... i wont ever use swiggy anymore,1,NEGATIVE,0.9954361319541931
d7766921-c680-4b44-b2e4-e3d913c2c8e9,super,5,POSITIVE,0.998783528804779
c95ba948-f69b-483a-bf9d-64b724a855d4,im unable to cash on delivery please requesting to enable cash on delivery option please,2,NEGATIVE,0.9993128776550293
bb75d218-6c07-4e8f-9227-7f484cb88276,later than my order come,5,NEGATIVE,0.8502577543258667
2f66cc55-c002-4cb1-a1e4-30b78cc1800a,best,5,POSITIVE,0.9997941851615906
760e9660-b2e8-4fb7-975c-5da7bdda1e3f,okay,4,POSITIVE,0.9997709393501282
8c695ee9-276a-462f-a50c-deb2a62a2a5a,good,5,POSITIVE,0.9998161196708679
f6a97945-fc51-4b60-992e-aaa3990d4fd1,good,4,POSITIVE,0.9998161196708679
593610c7-e19a-4c25-ae1c-a575b5c6a9af,nice app,5,POSITIVE,0.9998061060905457
ccf3e6fc-be44-4734-8f91-9a12849bac77,nice,5,POSITIVE,0.9998552799224854
d1aae980-3506-47fe-b1ff-66ee996a958a,best think swiggy is ever better...,4,NEGATIVE,0.9394510984420776
3ffb53a3-941a-4b28-9cc5-6196f3be8609,thank you swiggy,5,POSITIVE,0.9996341466903687
7ac9db27-426c-4873-bc5d-b5880242deef,good,5,POSITIVE,0.9998161196708679
4885577d-ba4a-4e92-ac0e-43106fb0b23a,i'm not able to apply my buzz amount 296 !!!!!!!!! dooo something for this solve this issue,2,NEGATIVE,0.9992074370384216
ff70d24d-f352-4bf6-be74-5592e7f75550,"delivery is clear, near misses, guys don't make much calls about location or address details and ost of the restaurants are attached even for middle classes, etc.",5,NEGATIVE,0.9995285272598267
ba81a31f-cc07-4627-9fa4-4b91ada7a6e6,very good,5,POSITIVE,0.9998520612716675
19fadfe9-3c0d-4742-8d42-065d635b4fdf,nice,5,POSITIVE,0.9998552799224854
8b5d6008-5304-4353-bb7c-e76b026133b0,good,1,POSITIVE,0.9998161196708679
f284be3d-e4d5-4ac4-9c17-0c1669cab7d0,"i would have given minus , order waiting time too much but no delivery partners assigned waited 2hours for order .kachua chap companies",1,NEGATIVE,0.9983556866645813
18a08759-f698-4d6f-a9be-cb28fd4d8f7c,worst app,1,NEGATIVE,0.9997863173484802
10750eb7-6cdf-4727-8333-655343538820,good,4,POSITIVE,0.9998161196708679
9c0f5b06-a76a-49ee-804d-b0e8c46e8468,nice experience,4,POSITIVE,0.9998632669448853
f71f7c6c-bc4e-4900-a7e9-373ba4c74f53,unable return orders from instamart & no refund option really waste i stooped using this app,1,NEGATIVE,0.9994139671325684
1eac5edc-0076-47ef-b5a2-965e5ae79d66,i can't use my free cash . it is not showing while ordering the food .,2,NEGATIVE,0.9984416365623474
df87b971-98f6-4ee6-95c9-19526664786f,good 😊👍,4,POSITIVE,0.9998576641082764
1ca4f939-32ed-494d-85de-df6ce83e4d61,"53 rupaye ke food order krne me 16 rupaye delivery charge aur 40 rupaye gst, jai ho bhalane, aaj se swiggy se order bnd, maha ghatiya maha bekar",1,NEGATIVE,0.9983704686164856
9fac6b38-9bb0-487e-8c6a-002207a5143c,it is nice,5,POSITIVE,0.9998648166656494
ebf8d10e-55cc-46df-a325-0f51f6d12ba2,free cash are not applied on my order..whenever my cart value is above than 399 and buzz free cash are not applied..,1,NEGATIVE,0.9994757771492004
22da4997-f4c8-4d20-a776-ed4a5a7a5afc,very nice,5,POSITIVE,0.9998563528060913
c67c35c2-012e-418c-b060-1f563cd58504,bohot bohot shukriya,5,POSITIVE,0.9306998252868652
79deed0d-1d95-4fa1-9c93-962e7af7bc06,hotel owners not responding 😕,1,NEGATIVE,0.9988287091255188
7852626a-e488-4733-9bb3-d48a56a67dd6,the order i have placed which accepted now the shop is closed and still swiggy is taking orders from their,1,NEGATIVE,0.9955933690071106
ed557598-c2b3-43da-b552-2d20e62ba366,aur bhi good karo,3,POSITIVE,0.9897466897964478
4371770e-3b4c-4ffa-8410-8bc07d3edcf1,nice 👍,1,POSITIVE,0.9998424053192139
fb1b27a9-aba3-40c6-b279-9cfb5f63cd8e,very good 😍,5,POSITIVE,0.999870777130127
be89492f-b5db-4f70-a8d6-6685f50eef1d,its good,5,POSITIVE,0.9998385906219482
8b287090-be07-48d1-b3eb-95b06cfd19cb,the worst ui and bad offers high gst,1,NEGATIVE,0.9997645020484924
ac8a8c39-4ecc-4f50-af97-df7727619ee4,i feel your swiggy site very bad food delivery and very bad taste and waste my total money and i recommend to all of you no response any help system in swiggy app,1,NEGATIVE,0.9998131394386292
f8adb019-6bd7-42ed-9846-937e6d0e22b1,good,4,POSITIVE,0.9998161196708679
3b0780a9-58d9-4866-a568-0d4eb77374e4,"pathetic, i want to uninstall soon. waiting for swigy customer care response. i never to install back.",1,NEGATIVE,0.9994682669639587
b290828b-83e3-497d-85c0-4d86837e7d91,good,5,POSITIVE,0.9998161196708679
715f02f6-0400-4cae-80ae-b2144e82e137,good,5,POSITIVE,0.9998161196708679
7abe8bbc-ac6a-4a18-8df9-16f7a81128b9,nice app,5,POSITIVE,0.9998061060905457
e0bacff4-da91-45f3-b76e-87d0f33cc533,good,3,POSITIVE,0.9998161196708679
dfd7407e-24ae-4004-843a-e47847fb715a,good 👍,4,POSITIVE,0.9998576641082764
dded8f64-8e10-46b6-b8ed-ff69d852c81e,waiting time is toolg,1,NEGATIVE,0.9928119778633118
937d97b6-1ec3-4d54-9cd6-f857a42a659e,food sweet 🤤,5,POSITIVE,0.9990611672401428
c7223eb5-6cf7-4ea0-bbc7-57928e91d016,good,5,POSITIVE,0.9998161196708679
cee60871-043f-4a83-9164-45f93c4ce3c2,👍 good,4,POSITIVE,0.9998576641082764
596384e5-69f0-4d1d-8f4e-658d4de41399,very good service,5,POSITIVE,0.9998648166656494
9f017060-e8bc-4c27-9ee1-be59fbd6a14e,"very disappointing experience with swiggy instamart. i was charged ₹304 for a product whose printed mrp is ₹249. i have already shared proof with swiggy support, but i have not received a satisfactory resolution yet. if this issue is not resolved promptly, i will pursue the matter through the appropriate consumer legal channels. i expected better transparency and fair pricing.",1,NEGATIVE,0.9985270500183105
6ee654ee-1324-42e5-8d42-4d65ae6769a5,late service,1,NEGATIVE,0.9963014125823975
eb5a7f27-7b6b-42e4-9918-c732866ccc31,my buzz cash not redeem please solve this problem today my cash is expired,1,NEGATIVE,0.9993249177932739
a3eb3b0a-e2d0-44a3-8a8a-e66c264795f3,bakwaas,1,NEGATIVE,0.9555369019508362
ed6877ea-6663-41a0-8410-7c29e353c492,good 👍,5,POSITIVE,0.9998576641082764
aa0a1c8e-c67a-4626-98dc-39fb2c96d913,good,5,POSITIVE,0.9998161196708679
79da83e5-c022-4411-bc76-ef2d197c47cb,good,5,POSITIVE,0.9998161196708679
4ac6d862-8503-40b3-b718-225cc9364c0f,not too bad,4,POSITIVE,0.9989666938781738
d946cbc4-28d0-4140-992d-0517eaab0b48,super,5,POSITIVE,0.998783528804779
65860264-b21a-414d-a9a5-2bdaaf8afbd7,ok,5,POSITIVE,0.9997851252555847
6c38dc55-aecc-4d74-a6e6-c42c69ad12c0,super,4,POSITIVE,0.998783528804779
20ea06fd-00b4-45af-b771-255d6f24f7c9,"worst experience that the app doesn't ask for confirmation while changing payment method. i changed the payment method to check what happens from card to cash and it just got the order placed automatically and there is no option to cancel the order either. they changing me the same amount as cancellation fee for their app issue now. pathetic app, better to use zomato.",1,NEGATIVE,0.9994328618049622
7a4bfc58-acbf-4903-b602-4790691afca7,gst and delivery charges high,2,POSITIVE,0.9432052373886108
2dc7a1b7-4f59-4f9a-9467-efcecfab4856,ismein item bahut sare chori ho jaate hain jaise do book karne per ek hi la kar dega ek nahin dega kuchh bhi se kuchh bhi ho jata hai paisa ka jhol jhal bahut hota hai,1,NEGATIVE,0.9706169962882996
e6f3732a-ebf7-499f-9be9-da9de76d60b7,everything order is missing waste your money,1,NEGATIVE,0.9997867941856384
f3f8199a-b8ca-439d-aa4c-d4ed7f784869,improvement needed,1,POSITIVE,0.9941151142120361
c94922b5-e79d-4d9e-b4ca-f322b6c596f0,"my problem has not been solved yet, you only ask to mail the details and information but you never solve my problem, you are a fraud...",1,NEGATIVE,0.9990392923355103
0b6f17f4-73dd-4816-9411-7bfa4ff12eb7,good 👍,4,POSITIVE,0.9998576641082764
2c1baf42-7727-4855-9c16-1dcda8e43609,good 👍🏻,3,POSITIVE,0.9998576641082764
3dc82535-7c6f-4852-83f3-efa3b1de2366,delivery in fast on the minute,5,POSITIVE,0.9953145980834961
d91d9931-bde8-4464-86c9-697d94d59ff8,super,5,POSITIVE,0.998783528804779
7ebf3cee-8022-49f9-9161-a33568f45284,i ordered food by mistake and when i cancelled my order i didn't get my refund this is the worst app and worst customer support service and that girl saloni she is so unprofessional . and the swiggy bot is useless it wasted my 10 minutes cancelling my order.,1,NEGATIVE,0.9998186230659485
2929ed18-21e1-4adf-b601-5e24efca8e75,very nice 👍🏻,5,POSITIVE,0.9998577833175659
6b67132c-6c74-484b-8031-e980fc08890d,badiya 👍,4,NEGATIVE,0.9981052875518799
7eb41690-d855-4d2b-9c06-0ce5b9039ad7,nice,5,POSITIVE,0.9998552799224854
ef233ed4-be4f-4512-8d5c-b4c10cf4a830,i liked it,5,POSITIVE,0.9998264908790588
40e3618f-748c-44d6-9b01-b4d81ba85465,dosha the quality was terrible; my entire family got a stomach ache after eating it. i am going to the police to file a complaint.,1,NEGATIVE,0.9993894100189209
df928115-eed7-4c66-8420-c60d1dcda9dd,not allowing cod when coupon was applied,4,NEGATIVE,0.9970329999923706
7b678d60-7721-4701-99ba-6502015b834a,nice,5,POSITIVE,0.9998552799224854
73a3aa44-158e-4aae-8829-90eb6946d334,nice,5,POSITIVE,0.9998552799224854
812b6c0e-fd61-42f6-8da6-a0fe47a324af,nice,5,POSITIVE,0.9998552799224854
61fa7e64-9654-4aca-91fe-b6ebc0c7efa4,sweet,3,POSITIVE,0.9998382329940796
ece61b38-e9e8-45d2-a46d-ef4e62cb54a7,swiggy delivery persons are delivering less quantity than ordered on cash pre payment worst experience with swiggy,1,NEGATIVE,0.999647855758667
2fa017fc-6fb5-4476-bba0-42cc15e1ed43,super,5,POSITIVE,0.998783528804779
7a60002c-8fc1-42c8-9df9-68ce4ca5306d,super,5,POSITIVE,0.998783528804779
52976617-bda7-4e36-8eac-5f00dc856a3b,good,5,POSITIVE,0.9998161196708679
6a8ae823-8d9f-4f3b-998b-86da404451c7,supar,5,POSITIVE,0.8584699034690857
d8ceb763-810f-4885-ba8c-0013800dd7c9,it's getting worse every day. 20-minute orders are taking an hour. the ai chatbot is useless. i've been using swiggy for 7 years. i'm moving to another app.,1,NEGATIVE,0.9997674822807312
4e0055d5-ae02-4164-bee3-9909996e2f61,very good👍🏻,5,POSITIVE,0.8243637681007385
eb47bf7d-095e-466c-ac3e-4e4f4a385c53,good communication good response quick delivery,5,POSITIVE,0.9998062252998352
ca1bb0ad-2af3-4ace-9b3a-7f366b2b24af,very bad😡 i am order one item but you send me different cheaf item😡 scam cheater app,1,NEGATIVE,0.9950416684150696
7fb70e85-5091-42f4-b0cc-f02c7cd4dc95,nice service,5,POSITIVE,0.9998397827148438
c5a1c4e8-e7b9-4faf-af8c-bcea764afa18,today we were having the offer otherwise before there was no offer. and offers were on only selected banks . make a price actually because delivery and all make it too high.,1,NEGATIVE,0.9987056255340576
225840ac-d8c5-47da-b71b-4a480033fc49,worst experience every time.. same experience this time . you cheated again no food delivered payment made no phone calls .no msg . avoid downloading swiggy and go for zomato,1,NEGATIVE,0.9993152618408203
0ee364b0-4118-4420-8303-838d195ef069,good,5,POSITIVE,0.9998161196708679
76ff4d2f-8484-4f76-bcc9-9f1d5ce63f9c,one of the worst app i can't able to use my free cash.,1,NEGATIVE,0.9997695088386536
6c4abf3d-15f5-47f6-a28d-4da0b74c0ab5,pathetic service. cancel your order before delivery.,1,NEGATIVE,0.9998032450675964
7695326f-be6f-48b4-b256-69d21ee9e963,good,5,POSITIVE,0.9998161196708679
b3ee63fb-e77b-437e-8241-733441f7f954,super services,5,POSITIVE,0.9964721202850342
797ffdbc-838d-4821-869b-570ad984c6f6,nice,5,POSITIVE,0.9998552799224854
71c7bcce-04d0-4a0a-be5a-d69981e536ad,service fee is too much,4,NEGATIVE,0.999330997467041
e423603e-42f4-48a0-b739-71a2b65fe0a3,good services🥰,5,POSITIVE,0.9998576641082764
27faa001-202c-497d-a441-34765082099f,"such a pathetic service by swiggy. my item was missing in delivery, instead of adjusting the delivery or refund they asked email the support. after emailing those useless support are suggesting to downgrade the restaurant rating.",1,NEGATIVE,0.9998111128807068
6bee093e-4f11-49ba-be67-170c02e2cf91,good,5,POSITIVE,0.9998161196708679
a8fdd53e-7e8e-444e-a5fa-e604c1a27334,tq swiggy,5,NEGATIVE,0.9939050078392029
78c76fa8-7dec-4fac-b586-d9962d20d6a2,excellent service at affordable prices,5,POSITIVE,0.9997245669364929
2a72a029-6a42-480f-b373-24dc83374185,ok ok is good for me,4,POSITIVE,0.9998499155044556
b87e4db4-3bb6-4537-98fd-96f11b392d79,too much extra charging,1,NEGATIVE,0.9991034865379333
ceca7f72-bd72-43c0-95ec-e22fe61872da,best offers,5,POSITIVE,0.9991084933280945
99a8a52f-eebb-4561-a8ea-43dbf76e2bcb,app is crashing,1,NEGATIVE,0.9992344379425049
46e7877f-407e-4660-ab14-b492e4db6d10,good,5,POSITIVE,0.9998161196708679
2810f45c-6885-4b5f-8191-5ec16771a8c3,nice,2,POSITIVE,0.9998552799224854
b72c4dbe-12e7-4a38-b1a3-e8d9e0d08bf7,suddenly the cod option stopped working.,1,NEGATIVE,0.9997170567512512
a2419ed5-259c-48b7-9cca-7a7c90c61dfd,good aaps😘❤️,5,POSITIVE,0.9998576641082764
16874896-4a54-4381-9018-bfca785f0c7f,good experience,5,POSITIVE,0.9998599290847778
670f7630-6557-4772-9e3c-d3b8ffa33674,lot of nonsenses happening around the order. orders are missing items when raise complaint swiggy says that's restaurant issue or they cannot process refund on it.,1,NEGATIVE,0.9995885491371155
ff88a398-659f-4164-a6fe-593abcdd1c31,good,5,POSITIVE,0.9998161196708679
a45481f0-5e3c-40ba-ab17-3e468e85eb4e,good👍,5,NEGATIVE,0.6970565915107727
68035417-a038-4308-b4da-4bbcb0d13fa2,good 👍,2,POSITIVE,0.9998576641082764
4c61c9e8-e749-4815-a8a3-1c0b8d9f2cda,best service,5,POSITIVE,0.999809205532074
f089dec9-b48d-4239-a564-2f7feb286109,it's an amazing app,5,POSITIVE,0.9998852014541626
b19fb82b-57b6-41cd-a1f1-9637509400e3,very bad customer support i did not recieve my order and contact them. they could not process my refund,1,NEGATIVE,0.9997730851173401
aa055dec-82cb-45ca-8b87-cf10ee825e3c,"despite opting for the chilled option for soft drinks, i always receive them warm. delivering warm pepsi may be a cost-saving strategy for you, but a waste-of-time for me, because i need to freeze it to have it. what's the point of being an ""insta"" mart? i've mentioned this so many times to the customer services agents, who always promise that it won't happen again next time. keep the lies to yourself, swiggy. pls don't scam customers by mentioning ""chilled"", when you're delivering them warm!",1,NEGATIVE,0.9939984083175659
cbb1bb30-f38d-44e2-b0e8-cb6a4ca88dd8,good,5,POSITIVE,0.9998161196708679
ae97d5d2-30ad-4c34-bfad-1706879b17af,give more offers and cashback like one rupee chiken fry beryani,3,NEGATIVE,0.9814923405647278
f4ef3dc1-d7b9-4715-88a1-974ec7f18ac3,"the app crashes when you tap on the delivery tracking map button. please fix this, it's very annoying. i'm on samsung galaxy s22 plus with android 16",1,NEGATIVE,0.9997158646583557
2408e3b0-2fdf-4e2f-9148-c352b2d7c5df,i am not able to buzz click with my friends link ..,2,NEGATIVE,0.9994469285011292
ee50d686-8de4-4d79-ae05-63ec046b3c92,good,5,POSITIVE,0.9998161196708679
65440d21-c6a3-440e-b9ed-a3ccd21e7aa0,cash on delivery available good but not allowed,4,NEGATIVE,0.9784412384033203
4a54b8b5-1796-4332-ba11-8b98ae827f41,too much price,3,NEGATIVE,0.9992915391921997
5d9e2e13-1af1-4441-8f36-e07715325cb9,good,3,POSITIVE,0.9998161196708679
d549b421-631b-465f-b400-026db12ce1b1,best service,5,POSITIVE,0.999809205532074
dd8bef0c-573b-4446-bcc0-bab9638313f5,thanks for the information ☺️,5,POSITIVE,0.9991264939308167
0d7741df-afa1-4b6d-ad48-9b3038637272,it's good but delivery and other extra charges are high,3,POSITIVE,0.9990025162696838
9195071a-05d3-44a2-96c0-4635e9e47108,time are the best,4,POSITIVE,0.9998212456703186
7071b797-ca9d-476e-bd33-77922942100d,good survice,5,POSITIVE,0.9998574256896973
fb7f4aca-2f95-4789-b143-9feeca92d666,good,5,POSITIVE,0.9998161196708679
2b1d3c03-af2d-4550-abef-8bcd41205aee,super,5,POSITIVE,0.998783528804779
77d857b9-3cba-45ff-8fc5-2a8f2339d0e7,nice,3,POSITIVE,0.9998552799224854
5cd9f034-57ae-4a31-8f3d-22b7d1d3cafc,super,1,POSITIVE,0.998783528804779
355ad783-1eda-4999-a3ba-b0cbb6aaeb7d,no offer,4,NEGATIVE,0.9946507811546326
581b5025-e1f7-41b2-9e97-567fffcb97c8,"good, but they need to reduce there delivery charge price",4,NEGATIVE,0.9925771355628967
9d64a34c-aff1-4c6a-baa6-864cdb27eed9,"do not use this app, because delivering incorrect food & that not on time please stop using this app worest app, food customer support team not responding this my real time experience, for suppose you order, after few seconds u want to cancel something then company will give cancellation charges, worest company",1,NEGATIVE,0.9996063113212585
f7015009-98d7-49c8-a0b1-3b4d20a0b948,not good,2,NEGATIVE,0.9997889399528503
ae2c1619-81fe-4d69-addf-1395bf089478,service are pathetic now days....,1,NEGATIVE,0.9997304081916809
f6ff5401-1cb7-4433-ab0a-8388093c9d2b,swiggy blk is a scam. they never give the late delivery guarantee coupon and their customer support is a total waste.,1,NEGATIVE,0.9997989535331726
6a012a40-0c18-4126-81a0-5f9e9377ac6d,online pay bad work 😕,3,NEGATIVE,0.9975887537002563
3ce8a98b-5e0f-463f-b33f-9815885e4dd6,good po,5,POSITIVE,0.9998354911804199
c868c760-9e46-44d7-bad3-b4fc2a2b0e3b,super,4,POSITIVE,0.998783528804779
1c61d740-46bc-4b90-944d-31ad8d72facc,good 👍,5,POSITIVE,0.9998576641082764
6fc305c6-ee4d-465f-b0ec-9fc931accad6,"this new buzz thing a gross game of hidden rules where you literally can't earn the free cash because you can't have 1000 rupees (yeah it's 'up to' but it doesn't excuse the way it was advertised) on top of that, i find out some people have minimum order of 299 and some have 399 to avail it? and it has to be used within 3 days of earning or go for expiry? this is a new low. maybe don't advertise things you can't live up to. an honest thief is better than a lying saint.",1,NEGATIVE,0.9941107630729675
6d492d89-4714-4aef-a770-4efb3fe4b12b,good food,4,POSITIVE,0.999862551689148
d51b319c-7bf3-43cf-8eb8-4268e760ea1c,don't order anything from this app because it's serve half food as i order from this app i pay full payment but i recive only half of food and also missing food that why don't order form it,1,NEGATIVE,0.9993093013763428
cee4a6a3-4526-4012-92be-e8ec07068ea0,je order na aya fir dekhi,2,POSITIVE,0.848409116268158
77057d6c-c08d-4358-8218-9868bfcc305d,"very easy to use and get a great discount on orders , highly recommend to use it",5,POSITIVE,0.998809814453125
52a69aa6-0bb6-4838-9cf6-77ca60a79971,bakvas hai jyadatar damage aur kharab product,1,NEGATIVE,0.9883508682250977
93141e7e-3b60-4924-9e61-8f1d3525456d,very nice 👍,4,POSITIVE,0.9998577833175659
bd37b806-c0c2-4952-8471-50dcffdf773f,"very disappointing customer support from swiggy. i contacted support regarding an issue with my order, but instead of resolving it, they kept giving generic responses and failed to provide any meaningful assistance. there was no accountability or genuine effort to help. customer support should focus on resolving customer problems, not just closing chats. this experience has significantly reduced my trust in the service. i hope swiggy improves its support quality and starts treating custo",1,NEGATIVE,0.999728262424469
fe963aba-34db-4137-8695-6510bf43b2a1,good,4,POSITIVE,0.9998161196708679
1f9b859a-6c87-4e7c-bfb8-a1759f8f50d7,बहुत ही गंदी है सर्विस हे यहां बहुत ज्यादा चीटिंग होती है ऑर्डर से पहले ऑफर दिखाते हैं ऑर्डर करने के बाद ऑटोमेटिक ऑफर हट जाता है उसके बाद कितना भी कस्टमर से करे से बात कर लो कोई भी हेल्प करने वाला नहीं है सिर्फ बेवकूफ बनाते हैं और आर्डर कैंसिल करने की कोशिश करते हैं तो हंड्रेड परसेंट कैंसिलेशन फीस बाद लगा देते हैं,1,NEGATIVE,0.8754293322563171
019c174c-e2c7-4f64-b356-f2ecb2486ad8,super,5,POSITIVE,0.998783528804779
854b61be-d77c-4045-b48a-7665ca0cf58e,fast delivery,5,POSITIVE,0.9996138215065002
424aac7c-00b9-4f99-8182-1ffe10671d0c,ok but expensive prices but the app is choose the best and teasty food restaurants,3,POSITIVE,0.9973210692405701
8f119d45-3a18-4f9d-b287-4f8d071b3413,late delivery,1,NEGATIVE,0.9944546818733215
6b89e180-bf9d-4e53-8ef2-b7125972b594,"this is the worst app experience i have ever had. i have placed two orders on this app, and both were disasters. for the first order, the delivery partner could not find the restaurant, so the order was canceled, but i still have not received my refund. today, i placed another order, and the delivery partner could not find my address. to make matters worse, his behavior was extremely rude and arrogant. i had to cancel this order as well, and again, no refund was provided. this is ridiculous.",1,NEGATIVE,0.999794065952301
3dbbc7b8-3deb-432b-913c-73eafa3e64f0,rate very high..... too much rate.....,1,NEGATIVE,0.9997380375862122
18863c08-3f9c-429a-be40-f92a073c5627,there is a many of charge. delivery charge packing charge. gst,1,NEGATIVE,0.9396103024482727
4b98c851-080c-4231-b2fb-b87335d02c1f,pls give more discounts,3,POSITIVE,0.9055871963500977
03a18089-dcc5-42d5-beca-9a802c48a737,acha hai,5,POSITIVE,0.9864479303359985
7e313646-1773-4391-b5d1-f0492d7abeaf,one new fraud of swiggy that they have removed my coupon of dine out before expiry date and my money they have taken is totally wasted fraud co. no customer care number... .. .so never trust them ... a big fraud company..rates are diffrent than original restaurant price plus aadition of restaurant charges are fraud that dont need to pay when we goes to restaurant ourself..and lastly the addition of delivery charges makes the price of product almost double.. .,1,NEGATIVE,0.999670147895813
a0c31e34-e8a7-443c-b3f7-bc6dd5a3b341,delay in delivery,1,NEGATIVE,0.9994267225265503
94ddb888-6530-4141-be23-73bb3f997119,worst service,1,NEGATIVE,0.999795138835907
a76faa49-04d4-4f34-b541-9ea3a5c2b76d,verygood nice ❤️❤️,5,POSITIVE,0.9997813105583191
f22f9f4d-4d60-4981-81e8-925de45c6ff4,thanks swiggy,5,POSITIVE,0.999756395816803
7b3ed370-c742-4af0-9164-31ab9bae6e48,kabhi kabhi delivery food bhot bakwaas hota hai or kabhi delivery boy order leke bhag jata hai fir swiggy wale 24 ghante mai refund krte hai are jab insaan ko bhook lagti h to kahi se paise manga kr khaye bhi to ye uske paise maar lete hai .❌,2,NEGATIVE,0.9975945353507996
55170bea-f026-4a06-9c6b-5f806ee12dc6,good,5,POSITIVE,0.9998161196708679
edd498ee-7f36-4d60-a871-e95c83c798f5,what a scammer swiggy and toing scamming their customers for money with frauds ..you guys are dacoits and cheaters,1,NEGATIVE,0.999349057674408
25a69fce-8bc1-4dd3-b9fc-6609c4580ea3,good one,3,POSITIVE,0.9998288154602051
0d0a89e6-3f97-4a9c-803e-312f3532323c,"this was the worst delivery experience i have ever had. swiggy has one of the poorest customer services i have experienced. their delivery partners do not listen to customers and do whatever they want without any accountability. my order was cancelled without a valid reason, leaving my family waiting for food. my children went hungry because of this irresponsible service. this caused unnecessary stress and frustration. i strongly urge swiggy to improve its delivery management and customer suppor",1,NEGATIVE,0.9997005462646484
19478c51-bf55-4963-9dab-1eb3d9b5890d,bad,2,NEGATIVE,0.999782383441925
1a982532-9282-44f2-8e8b-bbf0e6515356,nice,4,POSITIVE,0.9998552799224854
27b43c00-cf59-49db-9221-61e1b98f6877,best business 😉😮,5,POSITIVE,0.9996778964996338
c403cef8-9078-4aae-9627-4df5640b39ed,please guys don't dawnload this app i ordered 297 meal and i waited 2 hours midnight. i hope swiggy delivery partner having my meal i guess and i didn't get refund also. for 297 they asking 297 cancellation fees. what is this ? this called scam? again it's not about only money its about time? i just waited 2 hours. i hope you will understand one day? very bad service.,1,NEGATIVE,0.9994575381278992
279b0541-7a31-42a0-9a55-b25ccc0c79a2,nice good,4,POSITIVE,0.9998525381088257
191f93dc-4f7f-4f93-8c32-2a39c5769427,late delivery,1,NEGATIVE,0.9944546818733215
d011b9a6-7cab-43de-8c6f-d7484789aad0,i have ordered a 1200 rs cake for anniversary and they have sent me a cake on which it was already mentioned as happy birthday with some persons name. when i questioned the same they are saying it is restaurant's mistake they can't do anything and help me. and the customer care is worst.,1,NEGATIVE,0.999744713306427
504de2ff-53cd-4d51-b9c8-1cebddb2265f,excellent service,5,POSITIVE,0.9998576641082764
433828cc-b9ea-4a68-a79e-ebdf1f0707a8,"i ordered a cake from the obroma bengaluru, dated 02 aug 2026, time - 3:36 pm worth rupees 415 but due to some unforeseen isssue i had to cancel it but i cancelled it within the permissible time of 2 mir given to costumers for cancellation. but they deducted the whole amount (100%) and refunds nothing. worst aap ever",1,NEGATIVE,0.9996070265769958
8aacab35-f2a2-4d42-af4e-2d4bcc11cde0,working good,3,POSITIVE,0.9998366832733154
d34ae344-09f5-414e-922d-ef0f6af4e00f,swiggy provide free cash after playing streak. but it's not applying in checkout. what's going on? why are you giving fake cash.,1,NEGATIVE,0.9984434247016907
d726e983-891d-4f87-8720-2ff5f99d4f32,high charges,4,NEGATIVE,0.7040361166000366
91a82cac-9ebd-4424-8c52-9778a8c30ed8,"horrible managing i received 3 times unpacked and spilled products they did nothing.... you are just scamming people money ,why is it so hard to do the right thing when you are getting money .... i am so frustrated with their service,they will never respond no response, no refund i will suggest anyone to buy products.. i only have worst experience from swiggy instamart",1,NEGATIVE,0.9997406601905823
1dfba928-9a29-493f-a27d-d76a2b49779a,"pathetic service, order delay & also missed few items in order.",1,NEGATIVE,0.9997454285621643
6d2785a3-7ce4-417a-86db-71bf3b0396d8,the app sends you trash as food nd do not refund your money like i recently ordered 1 kg cake and i received melted cake absolutely melted they are not even returning half of the money i m not asking for returning full refund but atleast return half of it my bill was 1095 rupees and they sent me trashed nd melted cake i was very sad because of this. my sister's birthday was ruined.,1,NEGATIVE,0.9995431900024414
fbed5268-7ce8-4057-ab92-5cb1979e6150,bhaut bekaar app hai koi support provide nahi karta hai paise bhi kaat liye khana bhi bekaar aaya,1,NEGATIVE,0.927685558795929
e471f6d1-802b-44ca-89cd-cf5cbaa7892b,1st time i will do the order i hope so delivery partner timely order delivered at my address then i will give the better rating and feedback z👍👍👍👍👍👍,3,POSITIVE,0.5815668106079102
497b0e9e-5471-4eb2-a4b3-ad2a3103415d,very late,1,NEGATIVE,0.9994931221008301
aa2dc3fb-7cb1-4c08-81cf-bc0ae81d6c0b,good aap h food kharab ayaa tha sath ki sath wapas daal diye good customer support,5,POSITIVE,0.9981948733329773
0acf5537-4197-4d47-a277-a15a3523b533,good 👍👍,5,POSITIVE,0.9998576641082764
ff8693d7-30c0-4c93-ba10-2e2d257a9d0e,order momo at 9:09pm on a sunday after more than 2.5 hours still no order and the bot is really useless it does not give the answer that will help and ofc i can't cancel my order or i will loss my money and after this much time i only get the coupon of 52 rupees like seriously waiting for more than 2.5 hours and getting only 52 rupees is really really frustrating. really disappointing and really really frustrating and also did not accepted this from swiggy,1,NEGATIVE,0.9996345043182373
d8ff7278-2868-4d40-8b3d-4df2747264d6,third class set delivery partner he did not even have a bag he dropped my parcel completely i had ordered a combo from burger king he dropped the entire pepsi in the burger the burger got completely spoiled and the french fries were also gone,1,NEGATIVE,0.9995954632759094
9eb5663a-398a-431b-af14-fd346b7e8ad2,good,5,POSITIVE,0.9998161196708679
1fbb4b0e-18ef-46e3-bc6c-c074ac7fa732,good,2,POSITIVE,0.9998161196708679
3951137e-4edf-474f-b132-6e8d6f4a3a9e,"horrible safety support, nobody picks up when u call in an emergency caused by aggressive behavior of delivery driver. no support or communication on investigation also later on. if this is how bad the safety support is, it's not a risk worth taking to order from this.",1,NEGATIVE,0.9997479319572449
d873db0c-7dff-44b8-969e-3fa39b01cfac,good,5,POSITIVE,0.9998161196708679
5a3fe40b-7065-4675-9a82-49d192043cba,excellent,5,POSITIVE,0.9998434782028198
6ce725f8-fa13-4a65-a260-33927498eb77,"worst food delivery app, today i uninstalled swiggy. i placed order at 9:15 pm was supposed to receive by 10:00 pm restaurant called me saying delivery boy not answering calls. when reached out to customer care stupid ai bot not letting me connect with human as he was not understanding the issue after 10:15 pm their agent looking for another delivery agent who was assigned at 10:40pm and order arrived at my end 11:15 pm do they expect the customer to stay awake whole night to receive the order",1,NEGATIVE,0.9997134804725647
877c2fe2-f27f-4047-9744-2802b59d5f9f,"denied delivery, bcz of after 1 hr swiggy not given my order to the restaurant",1,NEGATIVE,0.9991089701652527
1643bdef-2d04-4011-86b9-ac7ad5716dcf,today it is 4th day and i did not my refund from you.,1,NEGATIVE,0.9983501434326172
97b60b39-2c6e-4eeb-85a9-3088f44cd8b5,good app,5,POSITIVE,0.9998493194580078
e561ef14-abb1-4e0a-b14f-ae83d6a41aab,nice aap,5,POSITIVE,0.9998094439506531
3c8b5486-d454-4557-84b3-8a2054136cdb,bad app using more platform fee and. there is on rain in. my area and. taking rain fee. bad app and rates are soo high when i compare to restaurant.,1,NEGATIVE,0.9995906949043274
ee9e5ce8-c7e5-4e0a-b0bb-7dbc6996b318,so beautiful,5,POSITIVE,0.9998823404312134
4fd63a4f-d92c-4593-81f7-17de9f86eb63,location service is real bad. many tumes i have to walk 100 meters to take my order.,1,NEGATIVE,0.9997517466545105
5e7f7eb9-1e39-4aef-8618-2ac0533656e3,use full app,5,POSITIVE,0.9545434713363647
a62ec53b-8c49-4eb2-bd83-6679b63767c9,acha h,5,POSITIVE,0.971985399723053
9106d0fc-113a-46a4-b39a-0d4c3164a1f4,always late delivery,1,NEGATIVE,0.9885295033454895
8dff6282-2ea5-4491-9302-8a7421e8e1b0,veryyy good,5,POSITIVE,0.9998689889907837
a17adb87-b562-43ba-a601-0f8d3f2ce8f1,best,5,POSITIVE,0.9997941851615906
26acb67d-500e-4cae-a899-086cee74c9b9,i am using instamart for free mashroom.,5,NEGATIVE,0.9989768266677856
211e1e18-2ab0-4d43-ae98-2eb0762ae05d,super,5,POSITIVE,0.998783528804779
79e286d5-831b-409e-afc9-d8d39ae9c061,platform fee aur gst bohot zyada hai,2,NEGATIVE,0.9927440881729126
61aa4a0b-7e40-4c5b-ac2d-5ec5a1e3e45c,worst app delivery late always,1,NEGATIVE,0.9998140931129456
9cff6acd-9164-4038-bed0-e0847ed7a4ff,very bad 99 stores,1,NEGATIVE,0.9997320771217346
e1495bf8-20d9-4d39-9a5c-94c766e96465,to much of rate,2,POSITIVE,0.9926896691322327
9e385289-32ed-4b46-9b8f-a79ec0d3c64a,👍👍super,5,NEGATIVE,0.6970565915107727
cf88bd36-1603-4a5c-951d-5087cd000686,the customer executive is not responding and getting points to understand properly and during the order period they show the time of delivery the food is always wrong i always receive cold and late food,1,NEGATIVE,0.9995720982551575
11efe8c5-3978-4f14-a04c-192cb322857d,nyc one dilevery,1,POSITIVE,0.7964117527008057
04bbbaee-a0e1-448a-acc4-1c53d88eb5c6,nice sarvice,5,POSITIVE,0.999714195728302
9dd93e30-467f-4eb7-bce9-326ae368917d,nice,4,POSITIVE,0.9998552799224854
d8b9812f-308f-4875-bca5-2fab17801af7,this app is thrash i got scammed me and my friend order something and we paid online money gone order never received 0 support from helping,1,NEGATIVE,0.9993909597396851
f7be89d9-f234-44be-a166-cbb57efcd831,super service,5,POSITIVE,0.9962215423583984
b47e0cbd-eaa9-4ea0-bbaa-bfc4445bfcf4,maine aapko do star isiliye diya hai ki maine jab order karta hun pahle dikhate hai aapka order ready ho raha hai but dhire dhire delay ho jata hai and domino's sa kya tha but delay hokar nahin aaya,2,NEGATIVE,0.9954765439033508
a8fbad4c-0117-400c-af10-dd434c7d1d8b,good,5,POSITIVE,0.9998161196708679
d73dc917-9edc-4e72-ad85-c07c63a70093,nice,5,POSITIVE,0.9998552799224854
2cc063c9-9b29-422d-b452-5f70497c3404,good,5,POSITIVE,0.9998161196708679
fd08ee61-d55d-40ef-9815-7512037c7a34,should fast the delivery and reduce the delivery charges,3,NEGATIVE,0.9903084635734558
99d77f91-54aa-4055-bc94-b7a153ba1b06,"ordered food at 8:07pm and it got cancelled at 9:19 pm when the order was supposed to get delivered in 35 mins. no one reaches out, no explanation for cancellation. help chat just gives message to get refund by submitting an email. kids think food is coming and it didnt and i cant go to another restaurant so late. worst app and worst pizza hit adambakkam. i didnt cancel it. it was auto cancelled or delivery partner cancelled it. no reason for cancellation given. no refund.",1,NEGATIVE,0.9997270703315735
5440f121-268f-4d34-99b0-1e9f43500a3e,i placed the order at 10pm and showed it as 11 min delivery but delivered at 10:45pm. the support team is too waste not giving a response. they are also dropping call in between me asking the resolutions. i should give a negative rating for this.,1,NEGATIVE,0.999411940574646
4002763b-abce-49db-8948-bd45fd41c380,disappointed 😞,1,NEGATIVE,0.9997472167015076
